CASE_ID,ACCIDENT_YEAR,PROC_DATE,JURIS,COLLISION_DATE,COLLISION_TIME,OFFICER_ID,REPORTING_DISTRICT,DAY_OF_WEEK,CHP_SHIFT,POPULATION,CNTY_CITY_LOC,SPECIAL_COND,BEAT_TYPE,CHP_BEAT_TYPE,CITY_DIVISION_LAPD,CHP_BEAT_CLASS,BEAT_NUMBER,PRIMARY_RD,SECONDARY_RD,DISTANCE,DIRECTION,INTERSECTION,WEATHER_1,WEATHER_2,STATE_HWY_IND,CALTRANS_COUNTY,CALTRANS_DISTRICT,STATE_ROUTE,ROUTE_SUFFIX,POSTMILE_PREFIX,POSTMILE,LOCATION_TYPE,RAMP_INTERSECTION,SIDE_OF_HWY,TOW_AWAY,COLLISION_SEVERITY,NUMBER_KILLED,NUMBER_INJURED,PARTY_COUNT,PRIMARY_COLL_FACTOR,PCF_CODE_OF_VIOL,PCF_VIOL_CATEGORY,PCF_VIOLATION,PCF_VIOL_SUBSECTION,HIT_AND_RUN,TYPE_OF_COLLISION,MVIW,PED_ACTION,ROAD_SURFACE,ROAD_COND_1,ROAD_COND_2,LIGHTING,CONTROL_DEVICE,CHP_ROAD_TYPE,PEDESTRIAN_ACCIDENT,BICYCLE_ACCIDENT,MOTORCYCLE_ACCIDENT,TRUCK_ACCIDENT,NOT_PRIVATE_PROPERTY,ALCOHOL_INVOLVED,STWD_VEHTYPE_AT_FAULT,CHP_VEHTYPE_AT_FAULT,COUNT_SEVERE_INJ,COUNT_VISIBLE_INJ,COUNT_COMPLAINT_PAIN,COUNT_PED_KILLED,COUNT_PED_INJURED,COUNT_BICYCLIST_KILLED,COUNT_BICYCLIST_INJURED,COUNT_MC_KILLED,COUNT_MC_INJURED,PRIMARY_RAMP,SECONDARY_RAMP,LATITUDE,LONGITUDE,COUNTY,CITY,POINT_X,POINT_Y
6421894,2014,2014-06-25,9245,2014-03-24,0720,013279,,1,1,9,0900,0,2,4,,1,024,"CARSON RD","KINGSGATE RD",0.00,,Y,A,-,N,,,,,,,,,,Y,4,0,1,1,A,-,05,21650,,N,E,I,A,A,H,-,A,A,0,,,,,Y,,D,22,0,0,1,0,0,0,0,0,0,"- ","- ",38.744880000000002,-120.76559,"EL DORADO",UNINCORPORATED,-120.76607995000001,38.744449979999999
6421902,2014,2015-02-23,9245,2014-03-23,1855,017728,,7,2,9,0900,0,2,4,,1,015,"CAMERON PARK DR","COUNTRY CLUB DR",0.00,,Y,A,-,N,,,50,,,,,,,Y,4,0,1,2,A,-,12,21453,A,N,D,C,A,A,H,-,A,A,0,,,,,Y,,D,22,0,0,1,0,0,0,0,0,0,"- ","- ",38.66039,-120.9691,"EL DORADO",UNINCORPORATED,-120.96909245000001,38.659609940000003
6424169,2014,2015-11-13,9246,2014-02-22,1416,018418,,6,2,9,0900,0,1,2,,1,021,"RT 50",GUNMOUNT,2640.00,W,N,A,-,Y,ED,3,50,-,-,68.860,H,-,W,Y,4,0,1,1,A,-,01,23152,A,N,F,A,A,A,H,-,A,D,0,,,,,Y,,A,01,0,0,1,0,0,0,0,0,0,"- ","- ",,,"EL DORADO",UNINCORPORATED,-120.03872208999999,38.838369389999997
6424450,2014,2014-06-25,9245,2014-03-26,1020,011511,,3,1,9,0900,0,2,4,,1,039,"MOTHER LODE DR","FRENCH CREEK RD",0.00,,Y,B,C,N,,,,,,,,,,Y,4,0,1,2,A,-,12,21453,A,N,D,C,A,B,H,-,A,A,0,,,,,Y,,A,01,0,0,1,0,0,0,0,0,0,"- ","- ",38.664450000000002,-120.92950999999999,"EL DORADO",UNINCORPORATED,-120.92970991999999,38.664489930000002
6426666,2014,2014-06-26,9245,2014-03-09,1135,013279,,7,1,9,0900,0,2,4,,1,025,"PONY EXPRESS TRL","FOREBAY RD",0.00,,Y,B,-,N,,,,,,,,,,Y,4,0,1,2,A,-,09,21802,A,N,D,C,A,A,H,-,A,A,0,,,,,Y,,A,07,0,0,1,0,0,0,0,0,0,"- ","- ",38.662399999999998,-120.578,"EL DORADO",UNINCORPORATED,-120.57830988000001,38.762969939999998
6427432,2014,2015-02-23,9245,2014-03-25,0920,13929,,2,1,9,0900,0,2,4,,1,013,"PONDEROSA RD","REFLECTION RD",600.00,S,N,B,-,Y,,,,,,,,,,N,2,0,1,1,A,-,01,23152,,N,E,I,A,A,H,-,A,D,0,,,,,Y,,A,01,1,0,0,0,0,0,0,0,0,"- ","- ",38.700409999999998,-120,"EL DORADO",UNINCORPORATED,-120.94299751,38.703477769999999
6428139,2014,2014-06-20,9245,2014-03-04,1720,015563,,2,2,9,0900,0,3,5,,2,004,"GRIZZLY FLAT RD","SNOWBIRD LN",3168.00,E,N,B,-,N,,,,,,,,,,Y,3,0,2,1,A,-,08,22107,,N,F,I,A,A,H,-,A,D,0,,,,,Y,,A,07,0,2,0,0,0,0,0,0,0,"- ","- ",36.633940000000003,-120.63508,"EL DORADO",UNINCORPORATED,-120.63988430000001,38.634383040000003
6428143,2014,2015-11-13,9245,2014-03-17,1040,013463,,1,1,9,0900,0,1,2,,2,120,"RT 50","PONDEROSA RD",2000.00,E,N,A,-,Y,ED,3,50,-,R,8.940,H,-,E,Y,3,0,1,1,A,-,08,22107,,N,E,I,A,A,H,-,A,D,1,,,,,Y,,A,01,0,1,0,0,0,0,0,0,0,"- ","- ",,,"EL DORADO",UNINCORPORATED,-120.93152737,38.665256800000002
6428147,2014,2014-06-20,9245,2014-03-26,1400,015107,,3,2,9,0900,0,2,4,,2,031,"LATROBE RD","SUNRIDGE MEADOW RD",528.00,N,N,C,-,N,,,,,,,,,,Y,2,0,5,2,A,-,03,22350,,N,A,C,A,B,H,-,A,D,0,,,,,Y,,A,01,1,0,4,0,0,0,0,0,0,"- ","- ",38.411099999999998,-121.0129,"EL DORADO",UNINCORPORATED,-121.01051183,38.588025080000001
6428321,2014,2014-07-02,9245,2014-03-04,0710,13929,,2,1,9,0900,0,3,5,,2,001,"BRITTANY WY","MORMON ISLAND DR",918.00,W,N,B,-,N,,,,,,,,,,Y,3,0,1,1,A,-,03,22350,,N,E,I,A,B,H,-,A,D,0,,,,,Y,,A,07,0,1,0,0,0,0,0,0,0,"- ","- ",38.700800000000001,-121.09168,"EL DORADO",UNINCORPORATED,-121.09142394,38.700735539999997
6428337,2014,2014-07-02,9245,2014-03-03,1100,015262,,1,1,9,0900,0,1,2,,2,120,"RT 50","MISSOURI FLAT RD",300.00,E,N,B,-,Y,,,50,,,,,,,N,4,0,1,2,A,-,03,22350,,N,C,C,A,A,H,-,A,A,0,,,,,Y,,A,01,0,0,1,0,0,0,0,0,0,TO,"- ",38.712299999999999,-120.83929999999999,"EL DORADO",UNINCORPORATED,-120.83894687999999,38.712043129999998
6428529,2014,2014-06-28,9245,2014-02-22,1430,17737,,6,2,9,0900,0,3,5,,2,001,"BASS LAKE RD","BRIDLEWOOD DR",700.00,S,N,A,-,N,,,,,,,,,,Y,3,0,1,1,A,-,08,22107,,N,E,I,A,A,H,-,A,D,0,,,Y,,Y,,C,02,0,1,0,0,0,0,0,0,1,"- ","- ",38.676499999999997,-121.0879,"EL DORADO",UNINCORPORATED,-121.01887959,38.676719630000001
6431465,2014,2014-07-21,9245,2014-04-01,1120,017728,,2,1,9,0900,0,2,4,,2,011,"GREEN VALLEY RD","SALMON FALLS RD",25.00,W,N,C,-,N,,,,,,,,,,Y,4,0,2,4,A,-,03,22350,,N,C,C,A,B,H,-,A,A,0,,,,,Y,,A,07,0,0,2,0,0,0,0,0,0,"- ","- ",38.710090000000001,-121.07875,"EL DORADO",UNINCORPORATED,-121.07867718,38.710093190000002
6431477,2014,2016-06-30,9245,2014-04-06,1515,017728,,7,2,9,0900,0,1,2,,2,140,"RT 50","SLY PARK RD",3696.00,E,N,A,-,Y,ED,3,50,-,R,32.020,H,-,W,Y,4,0,1,2,A,-,08,22107,,N,B,C,A,A,H,-,A,D,1,,,,,Y,,A,01,0,0,1,0,0,0,0,0,0,"- ","- ",38.761890000000001,-120.5026,"EL DORADO",UNINCORPORATED,-120.56297655,38.7614339
6433021,2014,2014-06-30,9245,2014-03-27,0705,016465,,4,1,9,0900,0,3,5,,2,002,"DARK CANYON RD","LIGHT CANYON RD",2640.00,S,N,B,-,N,,,,,,,,,,N,3,0,2,2,A,-,05,21650,,N,A,C,A,B,H,-,A,D,0,,,,,Y,,A,07,0,1,1,0,0,0,0,0,0,"- ","- ",38.777790000000003,-120.79439000000001,"EL DORADO",UNINCORPORATED,-120.79684254,38.783311359999999
6434312,2014,2016-03-28,9245,2014-04-11,1200,011511,,5,1,9,0900,0,1,3,,1,135,"RT 49","UNION MINE RD",610.00,N,N,A,-,Y,ED,3,49,-,-,3.210,H,-,N,Y,3,0,1,1,A,-,05,21650,,N,E,I,A,A,H,-,A,D,0,,,,,Y,,A,01,0,1,0,0,0,0,0,0,0,"- ","- ",38.595590000000001,-120.84829999999999,"EL DORADO",UNINCORPORATED,-120.84822491,38.595557550000002
6435084,2014,2015-08-12,9245,2014-03-14,0520,018624,9245,5,3,9,0900,0,2,4,,1,043,"SLY PARK RD","NORTHERN LIGHTS RD",2640.00,N,N,A,-,N,,,,,,,,,,N,4,0,1,2,A,-,01,23152,A,N,B,C,A,A,H,-,D,D,0,,,,,Y,Y,A,07,0,0,1,0,0,0,0,0,0,"- ","- ",,,"EL DORADO",UNINCORPORATED,-120.64667573,38.685609890000002
6436951,2014,2016-02-22,9246,2014-03-28,1040,015992,,5,1,9,0900,0,1,3,,1,023,"RT 89","ALPINE COUNTY LINE",2587.00,N,N,B,-,Y,ED,3,89,-,-,0.490,H,-,S,Y,4,0,1,1,A,-,08,22107,,N,F,A,A,A,H,-,A,D,0,,,,,Y,,D,22,0,0,1,0,0,0,0,0,0,"- ","- ",,,"EL DORADO",UNINCORPORATED,-119.95242304,38.792159269999999
6436959,2014,2014-07-21,9246,2014-04-01,0800,0100456,,2,1,9,0900,0,2,4,,1,024,"PIONEER TR","SUSQUEHANA DR",740.00,N,N,B,D,N,,,,,,,,,,Y,4,0,1,2,A,-,03,22350,,N,A,C,A,C,H,-,A,D,0,,,,,Y,,A,07,0,0,1,0,0,0,0,0,0,"- ","- ",38.887689999999999,-119.97915999999999,"EL DORADO",UNINCORPORATED,-119.97853488,38.88811098
6439332,2014,2014-06-30,9245,2014-03-28,1340,016465,,5,1,9,0900,0,2,4,,1,041,"PLEASANT VALLEY RD","SHARON LN",2.00,W,N,B,-,N,,,,,,,,,,Y,3,0,1,2,A,-,09,21801,A,N,A,C,A,A,H,-,A,D,0,,,,,Y,,D,22,0,1,0,0,0,0,0,0,0,"- ","- ",38.67624,-120.75205,"EL DORADO",UNINCORPORATED,-120.75197616,38.676127389999998
6442333,2014,2016-03-28,9245,2014-04-07,1715,013279,,1,2,9,0900,0,1,3,,1,115,"RT 49","GREENWOOD RD",2640.00,E,N,A,-,Y,ED,3,193,-,R,7.460,H,-,E,Y,3,0,1,1,A,-,05,21650,,N,E,I,A,A,H,-,A,A,0,,,,,Y,,A,07,0,1,0,0,0,0,0,0,0,"- ","- ",,,"EL DORADO",UNINCORPORATED,-120.90705635,38.900076040000002
6442337,2014,2016-03-25,9245,2014-04-01,0430,012833,,2,3,9,0900,0,1,2,,2,110,"RT 50","EL DORADO HILLS BL",1055.00,W,N,B,C,Y,ED,3,50,-,-,0.590,H,-,W,Y,3,0,1,1,A,-,03,22350,,N,E,I,A,B,D,-,C,D,1,,,,,Y,,A,01,0,1,0,0,0,0,0,0,0,FR,"- ",38.65157,-121.07549,"EL DORADO",UNINCORPORATED,-121.07554842,38.651437790000003
6442453,2014,2015-11-13,9245,2014-03-31,1400,17604,,1,2,9,0900,0,1,2,,2,140,"RT 50","SNOWS RD",500.00,W,N,F,-,Y,ED,3,50,-,-,25.170,H,-,W,Y,4,0,1,1,A,-,03,22350,,N,F,A,A,C,H,-,A,D,1,,,,,Y,,A,01,0,0,1,0,0,0,0,0,0,"- ","- ",38.734949999999998,-120.67802,"EL DORADO",UNINCORPORATED,-120.67755932999999,38.734789730000003
6443608,2014,2014-07-02,9246,2014-03-28,1552,015992,,5,2,9,0900,0,2,4,,1,024,"PIONEER TR","ONEIDAS ST",0.00,,Y,B,-,N,,,,,,,,,,Y,4,0,2,2,A,-,05,21752,D,N,A,C,A,A,H,-,A,D,0,,,,,Y,,A,07,0,0,2,0,0,0,0,0,0,"- ","- ",,,"EL DORADO",UNINCORPORATED,-119.99783993,38.864909959999999
6445855,2014,2014-07-09,9245,2014-03-30,1355,15262,,7,1,9,0900,0,3,5,,2,003,"DUROCK RD","SHINGLE LIME MINE RD",230.00,E,N,B,-,N,,,,,,,,,,Y,3,0,1,1,A,-,05,21650,,N,E,I,A,A,H,-,A,D,0,,,,,Y,,A,01,0,1,0,0,0,0,0,0,0,"- ","- ",38.655299999999997,-120.95659999999999,"EL DORADO",UNINCORPORATED,-120.95665665,38.655390599999997
6449791,2014,2014-07-21,9245,2014-04-05,1305,013028,,6,1,9,0900,0,3,5,,2,004,"GRIZZLY FLAT RD","ROOSTER LN",528.00,S,N,A,-,N,,,,,,,,,,N,3,0,1,1,A,-,01,23152,A,N,E,I,A,A,H,-,A,D,0,,,,,Y,Y,A,01,0,1,0,0,0,0,0,0,0,"- ","- ",38.645989999999998,-120.67140000000001,"EL DORADO",UNINCORPORATED,-120.67190668000001,38.646177510000001
6449831,2014,2014-07-21,9245,2014-04-09,1840,015459,,3,2,9,0900,0,3,5,,2,003,"CHINA GARDEN RD","LIME KILN RD",0.00,,Y,A,-,N,,,,,,,,,,N,4,0,1,1,A,-,08,22107,,N,F,A,A,A,H,-,A,D,0,,,Y,,Y,,C,02,0,0,1,0,0,0,0,0,1,"- ","- ",38.696449999999999,-120.81757,"EL DORADO",UNINCORPORATED,-120.81764988,38.696419910000003
6455060,2014,2014-07-11,9245,2014-04-09,2220,18466,,3,3,9,0900,0,3,5,,2,001,"FRANCISCO DR","KENSINGTON DR",528.00,S,N,A,-,N,,,,,,,,,,Y,3,0,1,1,A,-,01,23152,A,N,E,I,A,A,H,-,D,D,0,,,,,Y,,A,01,0,1,0,0,0,0,0,0,0,"- ","- ",38.7164,-121.08286,"EL DORADO",UNINCORPORATED,-121.08315766,38.718005079999998
6457600,2014,2014-07-09,9245,2014-04-08,1245,15262,,2,1,9,0900,0,2,4,,1,041,"PLEASANT VALLEY RD","ZANDONELLA RD",31.00,E,N,A,-,N,,,,,,,,,,Y,4,0,1,2,A,-,08,22100,B,N,D,-,A,A,H,-,A,D,0,,,,,Y,,D,22,0,0,1,0,0,0,0,0,0,"- ","- ",38.686599999999999,-120.78019999999999,"EL DORADO",UNINCORPORATED,-120.78811765,38.690415219999998
6459079,2014,2014-07-11,9246,2014-04-26,0627,018269,,6,1,9,0900,0,2,4,,1,024,"PIONEER TRAIL","GOLDEN BEAR TRL",2112.00,W,N,A,-,N,,,,,,,,,,Y,4,0,1,1,A,-,03,22350,,N,E,I,A,C,H,-,A,D,0,,,,,Y,,A,07,0,0,1,0,0,0,0,0,0,"- ","- ",38.897939999999998,-119.97047999999999,"EL DORADO",UNINCORPORATED,-119.97059387,38.897557749999997
6459083,2014,2014-07-11,9246,2014-04-20,0414,018629,,7,3,9,0900,0,2,4,,1,024,"PIONEER TR","WASHOAN BL",528.00,N,N,A,-,N,,,,,,,,,,Y,4,0,1,1,A,-,01,23152,A,N,E,I,A,A,H,-,D,D,0,,,,,Y,Y,A,07,0,0,1,0,0,0,0,0,0,"- ","- ",38.885170000000002,-119.98436,"EL DORADO",UNINCORPORATED,-119.98515999999999,38.884999999999998
6459087,2014,2016-03-25,9246,2014-04-25,1715,018269,,5,2,9,0900,0,1,2,,1,021,"RT 50","CHIAPA DR",12144.00,W,N,B,D,Y,ED,3,50,-,-,67.720,H,-,E,N,4,0,1,2,A,-,03,22350,,N,C,C,A,C,H,-,B,A,0,,,,,Y,,A,07,0,0,1,0,0,0,0,0,0,"- ","- ",,,"EL DORADO",UNINCORPORATED,-120.03004212,38.826470100000002
6460431,2014,2014-07-23,9245,2014-04-07,1545,17604,,1,2,9,0900,0,2,4,,2,011,"GREEN VALLEY RD","MULBERRY LN",600.00,E,N,A,-,N,,,,,,,,,,Y,2,0,2,2,A,-,05,21460,A,N,A,C,A,A,H,-,A,D,0,,,,,Y,,A,01,2,0,0,0,0,0,0,0,0,"- ","- ",38.771299999999997,-120.9006,"EL DORADO",UNINCORPORATED,-120.90083507,38.712905390000003
6460553,2014,2016-03-25,9245,2014-04-17,1610,017935,,4,2,9,0900,0,1,2,,2,140,"RT 50","CAMINO HEIGHTS DR",0.00,,Y,A,-,Y,ED,3,50,-,-,23.241,I,5,E,Y,2,0,6,2,A,-,09,21802,A,N,D,C,A,A,H,-,A,A,1,,,,,Y,,A,01,1,5,0,0,0,0,0,0,0,"- ","- ",38.736820000000002,-120.71095,"EL DORADO",UNINCORPORATED,-120.71081147,38.736898580000002
6460557,2014,2014-07-10,9245,2014-04-13,1010,015563,,7,1,9,0900,0,2,4,,1,043,"SLY PARK RD","CAMBRIA CT",1056.00,W,N,A,-,N,,,,,,,,,,Y,4,0,1,1,A,-,08,22107,,N,F,J,A,A,H,-,A,D,0,,,,,Y,,A,07,0,0,1,0,0,0,0,0,0,"- ","- ",38.684750000000001,-120.63239,"EL DORADO",UNINCORPORATED,-120.63233395,38.684494999999998
6460922,2014,2014-07-23,9245,2014-05-01,1640,18466,,4,2,9,0900,0,3,5,,2,003,"MOTHER LODE DR","DOE ST",130.00,W,N,A,-,N,,,,,,,,,,Y,4,0,1,2,A,-,03,22350,,N,C,C,A,A,H,-,A,D,0,,,,,Y,,A,01,0,0,1,0,0,0,0,0,0,"- ","- ",38.669379999999997,-120.89792,"EL DORADO",UNINCORPORATED,-120.89786443,38.669340830000003
6464600,2014,2014-07-22,0901,2014-04-01,0818,287,0901,2,5,2,0901,0,0,0,,0,PP1,"PLACERVILLE DR","FORNI RD",1584.00,W,N,A,B,N,,,,,,,,,,Y,3,0,3,2,A,-,09,21801,A,N,A,C,A,B,H,-,A,D,0,,,,,Y,,D,22,0,2,1,0,0,0,0,0,0,"- ","- ",,,"EL DORADO",PLACERVILLE,-120.83356000000001,38.72137
6464604,2014,2014-07-15,0901,2014-04-06,2107,288,901,7,5,2,0901,0,0,0,,0,PP2,"BROADWAY DR","CARSON RD",276.00,E,N,A,-,N,,,,,,,,,,Y,4,0,1,2,A,-,09,21804,A,N,D,C,A,A,H,-,C,D,0,,,,,Y,,I,11,0,0,1,0,0,0,0,0,0,"- ","- ",,,"EL DORADO",PLACERVILLE,-120.78502976999999,38.731358329999999
6464775,2014,2014-07-22,9245,2014-04-06,1115,13929,,7,1,9,0900,0,2,4,,2,012,"SALMON FALLS RD","MAYHAN LN",525.00,S,N,A,-,N,,,,,,,,,,Y,3,0,1,1,A,-,08,22107,,N,F,A,A,A,H,-,A,D,0,,,Y,,Y,,C,02,0,1,0,0,0,0,0,0,1,"- ","- ",38.76332,-121.04273999999999,"EL DORADO",UNINCORPORATED,,
6465298,2014,2014-07-10,9245,2014-04-11,1930,017756,,5,2,9,0900,0,3,5,,2,001,"SUDBURY RD","JOSE CT",68.00,S,N,A,-,N,,,,,,,,,,Y,2,0,2,1,A,-,01,23152,A,N,F,A,A,A,H,-,A,D,0,,,,,Y,Y,D,22,1,1,0,0,0,0,0,0,0,"- ","- ",38.67642,-120.9783,"EL DORADO",UNINCORPORATED,-120.9783233,38.676275570000001
6469029,2014,2016-03-28,9245,2014-04-25,0550,013028,,5,3,9,0900,0,1,3,,1,115,"RT 49","OLD FOREST HILL RD",2640.00,S,N,B,-,Y,ED,3,49,-,-,37.780,H,-,N,Y,3,0,1,1,A,-,03,22350,,N,F,A,A,B,H,-,A,D,0,,,,,Y,,D,22,0,1,0,0,0,0,0,0,0,"- ","- ",38.910269999999997,-121.03431999999999,"EL DORADO",UNINCORPORATED,-121.03500833,38.911004820000002
6469644,2014,2014-07-22,9245,2014-04-16,1335,011511,,3,1,9,0900,0,2,4,,2,011,"MISSOURI FLAT RD","PLAZA DR",14.00,S,N,A,-,N,,,,,,,,,,Y,4,0,1,2,A,-,03,22350,,N,C,C,A,A,H,-,A,D,0,,,,,Y,,A,01,0,0,1,0,0,0,0,0,0,"- ","- ",38.712510000000002,-120.84115,"EL DORADO",UNINCORPORATED,-120.84140913,38.712615210000003
6471076,2014,2014-07-11,9245,2014-04-29,1545,018624,9245,2,2,9,0900,0,2,4,,2,012,"EL DORADO HILLS BL","PARK DR",0.00,,Y,A,-,N,,,,,,,,,,N,4,0,1,2,A,-,12,21453,A,N,D,C,A,A,H,-,A,A,0,,,,,Y,,D,22,0,0,1,0,0,0,0,0,0,"- ","- ",,,"EL DORADO",UNINCORPORATED,-121.07171997,38.656759979999997
6471092,2014,2014-07-23,9245,2014-05-05,1705,013279,,1,2,9,0900,0,2,4,,1,043,"SLY PARK RD","ONYX TRL",150.00,N,N,B,-,N,,,,,,,,,,Y,2,0,1,1,A,-,05,21460,A,N,E,I,A,A,H,-,A,A,0,,,,,Y,,D,22,1,0,0,0,0,0,0,0,0,"- ","- ",38.752600000000001,-120.55710000000001,"EL DORADO",UNINCORPORATED,-120.55736815,38.751611850000003
6475323,2014,2014-07-18,9245,2014-04-20,0330,15609,,7,3,9,0900,0,3,5,,2,003,"BUCKEYE RD","MOTHER LODE DR",510.00,N,N,A,-,N,,,,,,,,,,Y,3,0,1,1,A,-,01,23152,A,N,E,I,A,A,H,-,D,D,0,,,,,Y,Y,A,01,0,1,0,0,0,0,0,0,0,"- ","- ",38.668999999999997,-120.90739000000001,"EL DORADO",UNINCORPORATED,-120.90768208999999,38.668891170000002
6475327,2014,2014-07-18,9245,2014-04-13,2150,12833,,7,2,9,0900,0,3,5,,2,002,"BLACK ROCK LN","RT 193",283.00,S,N,A,-,N,,,,,,,,,,Y,4,0,1,1,A,-,01,23152,A,N,E,I,A,A,H,-,D,D,0,,,,,Y,Y,A,01,0,0,1,0,0,0,0,0,0,"- ","- ",38.898440000000001,-120.97087000000001,"EL DORADO",UNINCORPORATED,-120.97097304,38.898314120000002
6475358,2014,2016-03-28,9245,2014-04-23,2200,012833,,3,3,9,0900,0,1,3,,1,115,"RT 49","RIVERWOOD DR",1115.00,S,N,A,-,Y,ED,3,49,-,-,20.390,H,-,S,Y,3,0,1,1,A,-,01,23152,A,N,E,I,A,A,H,-,D,D,0,,,Y,,Y,Y,C,02,0,1,0,0,0,0,0,0,1,"- ","- ",38.772820000000003,-120.86678000000001,"EL DORADO",UNINCORPORATED,-120.86674853,38.773000240000002
6476932,2014,2014-07-11,9245,2014-04-19,1600,17935,,6,2,9,0900,0,3,5,,2,004,"BUCKS BAR RD","PALACE LN",2112.00,S,N,A,-,N,,,,,,,,,,Y,4,0,1,1,A,-,01,23152,A,N,F,I,A,A,H,-,A,D,0,,,,,Y,Y,A,07,0,0,1,0,0,0,0,0,0,"- ","- ",38.669319999999999,-120.71672,"EL DORADO",UNINCORPORATED,-120.72959471,38.675065940000003
6478320,2014,2014-07-24,9245,2014-05-03,1305,018466,,6,1,9,0900,0,3,5,,2,004,"SLY PARK RD","EAGLE CANYON RD",1056.00,N,N,A,-,N,,,,,,,,,,Y,3,0,2,1,A,-,01,23152,A,N,E,I,A,A,H,-,A,D,0,,,,,Y,Y,A,07,0,2,0,0,0,0,0,0,0,"- ","- ",38.6813,-120.63617000000001,"EL DORADO",UNINCORPORATED,-120.64139485,38.68540926
6478421,2014,2014-07-24,9245,2014-05-06,0725,18653,,2,1,9,0900,0,2,4,,1,013,"NORTH SHINGLE RD","ASCOT LN",540.00,S,N,A,-,N,,,,,,,,,,N,4,0,2,2,A,-,03,22350,,N,C,C,A,A,H,-,A,D,0,,,,,Y,,A,01,0,0,2,0,0,0,0,0,0,"- ","- ",38.678190000000001,-120.92922,"EL DORADO",UNINCORPORATED,-120.92942957,38.679562449999999
6479047,2014,2014-07-25,9245,2014-05-06,1225,015459,,2,1,9,0900,0,3,5,,2,003,"ROBERT J MATHEWS PKY","INVESTMENT BL",1584.00,N,N,B,-,N,,,,,,,,,,Y,4,0,2,2,A,-,08,22102,,N,H,C,A,A,H,-,A,D,0,,,,,Y,,A,01,0,0,2,0,0,0,0,0,0,"- ","- ",38.622860000000003,-121.05837,"EL DORADO",UNINCORPORATED,-121.05859241,38.623165489999998
6480377,2014,2016-03-25,9245,2014-04-03,1940,017737,,4,2,9,0900,0,1,2,,2,110,"RT 50","EL DORADO HILLS BL",500.00,E,N,A,-,Y,ED,3,50,-,-,1.080,H,-,E,Y,4,0,1,2,A,-,03,22350,,N,C,C,A,A,H,-,C,D,1,,,,,Y,,A,01,0,0,1,0,0,0,0,0,0,"- ","- ",38.265799999999999,-121.1473,"EL DORADO",UNINCORPORATED,-121.06673514000001,38.654084910000002
6484831,2014,2016-03-28,9245,2014-05-10,1345,17737,,6,1,9,0900,0,1,3,,1,115,"RT 49","CATECRAFT LN",0.00,,N,A,-,Y,ED,3,49,-,-,32.830,H,-,N,Y,3,0,4,3,A,-,05,21650,,N,A,C,A,A,H,-,A,D,0,,Y,,,Y,,A,07,0,2,2,0,0,0,1,0,0,"- ","- ",38.863300000000002,-121.0181,"EL DORADO",UNINCORPORATED,-121.01848817,38.864148200000002
6489122,2014,2014-07-26,9245,2014-05-24,1355,013463,,6,1,9,0900,0,2,4,,2,012,"SALMON FALLS RD","HIDDEN BRIDGE RD",528.00,N,N,A,-,N,,,,,,,,,,Y,3,0,1,3,A,-,09,21801,A,N,D,C,A,A,H,-,A,D,0,,,,,Y,,D,22,0,1,0,0,0,0,0,0,0,"- ","- ",38.751049999999999,-121.05707,"EL DORADO",UNINCORPORATED,-121.04373852000001,38.761749889999997
6489130,2014,2014-07-26,9245,2014-05-27,0810,018653,,2,1,9,0900,0,3,5,,2,001,"FRANCISCO DR","KENSINGTON DR",15.00,N,N,A,-,N,,,,,,,,,,Y,4,0,1,2,A,-,03,22350,,N,C,E,A,A,H,-,A,D,0,,,,,Y,,A,01,0,0,1,0,0,0,0,0,0,"- ","- ",38.718919999999997,-121.08484,"EL DORADO",UNINCORPORATED,-121.08468637999999,38.718869390000002
6489197,2014,2014-07-26,9245,2014-05-21,1450,016629,,3,2,9,0900,0,2,4,,2,011,"GREEN VALLEY RD","MULBERRY LN",0.00,,Y,A,-,N,,,,,,,,,,N,2,0,1,2,A,-,05,21460,A,N,D,C,A,A,H,-,A,D,0,,,Y,,Y,,C,02,1,0,0,0,0,0,0,0,1,"- ","- ",,,"EL DORADO",UNINCORPORATED,-120.90292995999999,38.71290999
6489399,2014,2014-07-31,9245,2014-05-30,1405,011511,,5,2,9,0900,0,3,5,,2,003,"GREENSTONE RD","S STUDEBAKER RD",330.00,S,N,A,-,N,,,,,,,,,,Y,3,0,2,2,A,-,05,21460,A,N,A,C,A,A,H,-,A,D,0,,,,,Y,,A,01,0,1,1,0,0,0,0,0,0,"- ","- ",38.681899999999999,-120.87793000000001,"EL DORADO",UNINCORPORATED,-120.88790611,38.68191685
6491559,2014,2014-07-30,9245,2014-05-13,1920,15459,,2,2,9,0900,0,2,4,,1,013,"PONDEROSA RD","TOIYABE LN",1584.00,N,N,A,-,N,,,,,,,,,,Y,3,0,1,1,A,-,01,23152,A,N,E,I,A,A,H,-,A,D,0,,,Y,,Y,Y,C,02,0,1,0,0,0,0,0,0,1,"- ","- ",38.693939999999998,-120.94114,"EL DORADO",UNINCORPORATED,-120.94101302999999,38.693463319999999
6496218,2014,2016-03-28,9245,2014-04-27,1400,00001,GOLDF,7,2,9,0900,0,1,2,,2,150,"RT 49","OLD FOREST HILL RD",6600.00,S,N,A,-,Y,ED,3,49,-,-,36.910,H,-,N,Y,4,0,2,1,A,-,17,22111,C,N,F,A,A,A,-,-,A,A,0,,,Y,,Y,,C,02,0,0,2,0,0,0,0,0,2,"- ","- ",,,"EL DORADO",UNINCORPORATED,-121.02532666,38.911411870000002