CASE_ID,ACCIDENT_YEAR,PROC_DATE,JURIS,COLLISION_DATE,COLLISION_TIME,OFFICER_ID,REPORTING_DISTRICT,DAY_OF_WEEK,CHP_SHIFT,POPULATION,CNTY_CITY_LOC,SPECIAL_COND,BEAT_TYPE,CHP_BEAT_TYPE,CITY_DIVISION_LAPD,CHP_BEAT_CLASS,BEAT_NUMBER,PRIMARY_RD,SECONDARY_RD,DISTANCE,DIRECTION,INTERSECTION,WEATHER_1,WEATHER_2,STATE_HWY_IND,CALTRANS_COUNTY,CALTRANS_DISTRICT,STATE_ROUTE,ROUTE_SUFFIX,POSTMILE_PREFIX,POSTMILE,LOCATION_TYPE,RAMP_INTERSECTION,SIDE_OF_HWY,TOW_AWAY,COLLISION_SEVERITY,NUMBER_KILLED,NUMBER_INJURED,PARTY_COUNT,PRIMARY_COLL_FACTOR,PCF_CODE_OF_VIOL,PCF_VIOL_CATEGORY,PCF_VIOLATION,PCF_VIOL_SUBSECTION,HIT_AND_RUN,TYPE_OF_COLLISION,MVIW,PED_ACTION,ROAD_SURFACE,ROAD_COND_1,ROAD_COND_2,LIGHTING,CONTROL_DEVICE,CHP_ROAD_TYPE,PEDESTRIAN_ACCIDENT,BICYCLE_ACCIDENT,MOTORCYCLE_ACCIDENT,TRUCK_ACCIDENT,NOT_PRIVATE_PROPERTY,ALCOHOL_INVOLVED,STWD_VEHTYPE_AT_FAULT,CHP_VEHTYPE_AT_FAULT,COUNT_SEVERE_INJ,COUNT_VISIBLE_INJ,COUNT_COMPLAINT_PAIN,COUNT_PED_KILLED,COUNT_PED_INJURED,COUNT_BICYCLIST_KILLED,COUNT_BICYCLIST_INJURED,COUNT_MC_KILLED,COUNT_MC_INJURED,PRIMARY_RAMP,SECONDARY_RAMP,LATITUDE,LONGITUDE,COUNTY,CITY,POINT_X,POINT_Y
6854086,2015,2017-04-21,0902,2015-02-13,1824,216,,5,5,3,0902,0,0,0,,0,,"SKI RUN BL","LARCH AV",9.00,S,N,A,-,N,,,,,,,,,,Y,1,1,0,2,A,-,11,21954,A,N,G,B,D,A,H,-,C,A,0,Y,,,,Y,Y,N,60,0,0,0,1,0,0,0,0,0,"- ","- ",,,"EL DORADO","SOUTH LAKE TAHOE",-119.95482402,38.944798689999999
6854131,2014,2015-03-25,0902,2014-11-24,0426,200,0902,1,5,3,0902,0,0,0,,0,,"PIONEER TRL","EDNA ST",0.00,,Y,A,-,N,,,,,,,,,,Y,1,1,2,1,A,-,01,23152,A,N,E,I,A,A,H,-,D,A,0,,,,,Y,Y,A,01,2,0,0,0,0,0,0,0,0,"- ","- ",,,"EL DORADO","SOUTH LAKE TAHOE",-119.95489999,38.927019889999997
6854221,2015,2015-04-13,9245,2015-02-01,2045,17604,,7,2,9,0900,0,2,4,,1,015,"CAMERON PARK DR","HACIENDA RD",0.00,N,N,A,-,N,,,,,,,,,,Y,1,1,0,1,A,-,01,23152,A,N,E,I,A,A,H,-,D,D,0,,,,,Y,Y,A,07,0,0,0,0,0,0,0,0,0,"- ","- ",38.664729999999999,-120.97524,"EL DORADO",UNINCORPORATED,-120.97485991000001,38.664349960000003
6854590,2015,2015-05-12,9245,2015-01-27,1230,13463,,2,1,9,0900,0,2,4,,2,031,"LATROBE RD","SHINGLE RD",0.00,,Y,B,-,N,,,,,,,,,,Y,1,1,0,3,A,-,09,21801,A,N,D,C,A,A,H,-,A,D,0,,,,Y,Y,,F,26,0,0,0,0,0,0,0,0,0,"- ","- ",,,"EL DORADO",UNINCORPORATED,-120.98255992,38.557699980000002
6854728,2015,2015-07-16,9246,2015-06-04,1349,18006,,4,1,9,0900,0,1,3,,1,023,"RT 89","ALPINE COUNTY LINE",4224.00,N,N,C,-,Y,ED,3,89,-,-,0.800,H,-,S,Y,1,1,0,1,A,-,03,22350,,N,E,I,A,C,H,-,A,D,0,,,,,Y,,A,01,0,0,0,0,0,0,0,0,0,"- ","- ",38.79448,-119.95893,"EL DORADO",UNINCORPORATED,-119.95727367000001,38.793996989999997
6855933,2015,2016-09-06,9245,2015-03-18,1810,17604,,3,2,9,0900,0,1,2,,2,110,"RT 50","CAMERON PARK DR",1500.00,E,N,A,-,Y,ED,3,50,-,-,6.930,H,-,E,N,4,0,1,2,A,-,03,22350,,N,C,C,A,A,H,-,A,D,1,,,,,Y,,D,22,0,0,1,0,0,0,0,0,0,"- ","- ",38.659509999999997,-120.96202,"EL DORADO",UNINCORPORATED,-120.9624101,38.659417130000001
6855935,2015,2015-04-01,9245,2015-03-13,1640,017935,,5,2,9,0900,0,2,4,,1,045,"NEWTOWN RD","GREEN CANYON CT",4224.00,E,N,A,-,N,,,,,,,,,,Y,4,0,1,1,A,-,05,21650,,N,E,I,A,A,H,-,A,D,0,,,,,Y,,D,22,0,0,1,0,0,0,0,0,0,"- ","- ",38.708680000000001,-121.70061,"EL DORADO",UNINCORPORATED,-120.69051585,38.70897677
6856774,2015,2015-03-30,9245,2015-03-18,2011,17604,,3,2,9,0900,0,3,5,,2,001,"MALCOLM DIXON RD","ALTA VISTA CT",2112.00,E,N,A,-,N,,,,,,,,,,Y,3,0,1,1,A,-,03,22350,,N,E,I,A,A,H,-,D,D,0,,,,,Y,,A,01,0,1,0,0,0,0,0,0,0,"- ","- ",38.714739999999999,-121,"EL DORADO",UNINCORPORATED,-121.06052378,38.7146835
6857492,2015,2016-09-06,9245,2015-03-18,0902,013463,,3,1,9,0900,0,1,3,,1,122,"RT 193","RT 49",1584.00,N,N,A,-,Y,ED,3,193,-,-,25.950,H,-,E,Y,3,0,1,1,A,-,08,22107,,N,F,A,A,A,H,-,A,D,0,,,,,Y,,D,22,0,1,0,0,0,0,0,0,0,"- ","- ",38.750109999999999,-120.81753999999999,"EL DORADO",UNINCORPORATED,-120.81747971999999,38.750158290000002
6860649,2015,2016-09-02,9246,2015-03-03,0425,014302,,2,3,9,0900,0,1,2,,1,021,"RT 50","ECHO VIADUCT",528.00,W,N,A,-,Y,ED,3,50,-,-,67.190,H,-,E,Y,3,0,1,1,A,-,17,21662,,N,E,I,A,A,H,-,D,D,0,,,,,Y,,D,23,0,1,0,0,0,0,0,0,0,"- ","- ",,,"EL DORADO",UNINCORPORATED,-120.02750997,38.818616210000002
6860650,2015,2016-09-06,9246,2015-03-17,0530,04478,,2,3,9,0900,0,1,3,,1,031,"RT 89","GLENRIDGE PKY",268.00,S,N,B,-,Y,ED,3,89,-,-,25.570,H,-,S,Y,3,0,1,1,A,-,08,22107,,N,E,I,A,A,H,-,D,D,0,,,,,Y,,D,22,0,1,0,0,0,0,0,0,0,"- ","- ",39.04439,-120.12018999999999,"EL DORADO",UNINCORPORATED,-120.12015645,39.0451622
6861527,2015,2015-04-08,0901,2015-03-10,1340,296,0901,2,5,2,0901,0,0,0,,0,PP1,"FORNI RD","PLACERVILLE DR",0.00,,Y,A,-,N,,,,,,,,,,Y,4,0,1,2,A,-,03,22350,,N,C,C,A,A,H,-,A,D,0,,,,,Y,,A,01,0,0,1,0,0,0,0,0,0,"- ","- ",,,"EL DORADO",PLACERVILLE,-120.8331699,38.72070995
6862427,2015,2015-04-01,9246,2015-03-10,1525,010056,,2,2,9,0900,0,2,4,,1,024,"PIONEER TRL","HIGH MEADOW TRL",38.00,N,N,A,-,N,,,,,,,,,,Y,3,0,1,1,A,-,08,22107,,N,E,I,A,A,H,-,A,A,0,,,,,Y,,A,07,0,1,0,0,0,0,0,0,0,"- ","- ",38.907899999999998,-119.96305,"EL DORADO",UNINCORPORATED,-119.96312570000001,38.907873799999997
6862586,2015,2015-04-17,9245,2015-03-19,1445,017089,,4,2,9,0900,0,2,4,,1,015,"CAMERON PARK DR","MEDER RD",0.00,,Y,A,-,N,,,,,,,,,,Y,4,0,2,2,A,-,12,21453,A,N,A,C,A,A,H,-,A,A,0,,,,,Y,,A,01,0,0,2,0,0,0,0,0,0,"- ","- ",38.678840000000001,-120.98116,"EL DORADO",UNINCORPORATED,-120.98146991999999,38.678719960000002
6863685,2015,2016-09-02,9245,2015-03-27,0210,018466,,5,3,9,0900,0,1,2,,2,110,"RT 50","BASS LAKE RD",2112.00,W,N,A,-,Y,ED,3,50,-,R,2.830,H,-,E,Y,3,0,1,1,A,-,01,23152,A,N,E,I,A,A,H,-,D,A,1,,,,,Y,Y,A,01,0,1,0,0,0,0,0,0,0,"- ","- ",38.652340000000002,-121.04076000000001,"EL DORADO",UNINCORPORATED,-121.03716611,38.654251119999998
6863944,2015,2015-04-07,9245,2015-03-05,1045,015609,,4,1,9,0900,0,3,5,,2,003,"CAMERON PARK DR","MIRA LOMA DR",0.00,,Y,A,-,N,,,,,,,,,,Y,4,0,1,2,A,-,09,21801,A,N,D,C,A,A,H,-,A,D,0,,,,,Y,,A,01,0,0,1,0,0,0,0,0,0,"- ","- ",38.684629999999999,-120.98587999999999,"EL DORADO",UNINCORPORATED,-120.98583993,38.68458991
6864018,2015,2015-04-15,9245,2015-03-09,1550,18114,,1,2,9,0900,0,3,5,,2,004,"OLD CARSON RD","FOREST DR",3696.00,S,N,A,-,N,,,,,,,,,,Y,2,0,1,2,A,-,03,22350,,N,G,B,-,A,H,-,A,D,0,Y,,,,Y,Y,A,01,1,0,0,0,1,0,0,0,0,"- ","- ",38.756999999999998,-120.54351,"EL DORADO",UNINCORPORATED,-120.54220676,38.758013460000001
6864022,2015,2015-04-07,9245,2015-03-20,1240,17935,,5,1,2,0901,0,3,5,,2,003,"EL DORADO RD","MOTHER LODE DR",1056.00,S,N,A,-,N,,,,,,,,,,,3,0,1,2,A,-,03,22350,,N,C,C,A,A,H,-,A,D,0,,,Y,,Y,,C,02,0,1,0,0,0,0,0,0,1,"- ","- ",38.689770000000003,-120.85805000000001,"EL DORADO",PLACERVILLE,-120.85794780000001,38.689597139999997
6864067,2015,2015-04-07,9245,2015-03-21,1230,017728,,6,1,9,0900,0,3,5,,2,001,"SALMON FALLS RD","VIENNA DR",1584.00,W,N,A,-,N,,,,,,,,,,Y,4,0,1,1,A,-,08,22107,,N,F,A,A,A,H,-,A,D,0,,,Y,,Y,,C,02,0,0,1,0,0,0,0,0,1,"- ","- ",38.814729999999997,-121.01725999999999,"EL DORADO",UNINCORPORATED,-121.01447,38.816240000000001
6864513,2015,2015-04-22,9245,2015-03-25,0945,013929,,3,1,9,0900,0,2,4,,1,015,"CAMERON PARK DR","VIRADA RD",0.00,,Y,A,-,N,,,,,,,,,,Y,3,0,3,3,A,-,03,22350,,N,C,C,A,A,H,-,A,D,0,,,,,Y,,A,01,0,1,2,0,0,0,0,0,0,"- ","- ",38.686839999999997,-120.98672999999999,"EL DORADO",UNINCORPORATED,-120.98733993,38.686189900000002
6864665,2015,2015-04-22,9245,2015-03-25,1050,015262,,3,1,9,0900,0,2,4,,1,039,"MOTHER LODE DR","FRENCH CREEK RD",50.00,W,N,A,-,N,,,,,,,,,,N,4,0,1,2,A,-,07,21658,A,N,B,C,A,A,H,-,A,A,0,,,,,Y,,D,22,0,0,1,0,0,0,0,0,0,"- ","- ",38.664369999999998,-120.93001,"EL DORADO",UNINCORPORATED,-120.92986997,38.664434219999997
6864669,2015,2016-09-02,9245,2015-03-29,0520,015262,,7,3,9,0900,0,1,2,,1,160,"RT 50","WHITEHALL BLUFFS RD",630.00,W,N,A,-,Y,ED,3,50,-,-,42.160,H,-,W,Y,4,0,1,1,A,-,05,21650,,N,E,I,A,A,H,-,D,A,0,,,,,Y,,D,22,0,0,1,0,0,0,0,0,0,"- ","- ",38.775500000000001,-120.41098,"EL DORADO",UNINCORPORATED,-120.40626093,38.776256699999998
6864681,2015,2016-09-06,9245,2015-03-21,0930,012382,,6,1,9,0900,0,1,2,,2,140,"RT 50","CARSON RD",0.00,,Y,A,-,Y,ED,3,50,-,-,23.400,I,6,W,Y,4,0,1,2,A,-,03,22350,,N,A,C,A,A,H,-,A,A,1,,,,,Y,,A,01,0,0,1,0,0,0,0,0,0,"- ","- ",37.740400000000001,-120.69672,"EL DORADO",UNINCORPORATED,-120.70790607000001,38.737038149999997
6864685,2015,2015-04-22,9245,2015-03-29,0615,013279,,7,1,9,0900,0,2,4,,1,041,"PLEASANT VALLEY RD","VICTORY MINE RD",0.00,,Y,A,-,N,,,,,,,,,,Y,4,0,1,1,A,-,01,23152,A,N,E,I,A,A,H,-,D,A,0,,,,,Y,,D,22,0,0,1,0,0,0,0,0,0,"- ","- ",38.7104,-120.75620000000001,"EL DORADO",UNINCORPORATED,-120.75669999,38.675979959999999
6865321,2015,2015-09-03,9245,2015-03-28,1310,015609,,6,1,9,0900,0,2,4,,2,012,"SALMON FALLS RD","OLD BRIDGE RD",1056.00,E,N,A,-,N,,,,,,,,,,Y,4,0,1,1,A,-,08,22107,,N,E,I,A,A,H,-,A,D,0,,,Y,,Y,,C,02,0,0,1,0,0,0,0,0,1,"- ","- ",38.751109999999997,-121.04939,"EL DORADO",UNINCORPORATED,-121.05137087999999,38.752564550000002
6865329,2015,2015-09-03,9245,2015-03-27,2105,17604,,5,2,9,0900,0,3,5,,2,004,"NEWTOWN RD","HARMONY HILL RD",100.00,E,N,A,-,N,,,,,,,,,,Y,4,0,1,1,A,-,01,23152,A,N,E,I,A,A,H,-,D,D,0,,,,,Y,Y,A,01,0,0,1,0,0,0,0,0,0,"- ","- ",38.7117,-120.70891,"EL DORADO",UNINCORPORATED,-120.71194765,38.713326479999999
6865891,2015,2015-04-09,9245,2015-03-26,1815,17737,,4,2,9,0900,0,3,5,,2,001,"EL DORADO HILLS BL","SARATOGA WY",50.00,S,N,A,-,N,,,,,,,,,,N,4,0,1,2,A,-,03,22350,,N,C,D,A,A,H,-,A,A,0,,,,,Y,,A,01,0,0,1,0,0,0,0,0,0,"- ","- ",38.211539999999999,-120.41525,"EL DORADO",UNINCORPORATED,-121.07192000000001,38.656582710000002
6865895,2015,2016-09-02,9245,2015-03-27,1125,16363,,5,1,9,0900,0,2,4,,1,037,"RT 49","PATTERSON DR",200.00,N,N,A,-,Y,ED,3,49,-,-,10.740,H,-,N,Y,4,0,1,2,A,-,09,21802,A,N,D,C,A,A,H,-,A,D,0,,,Y,,Y,,A,07,0,0,1,0,0,0,0,0,1,"- ","- ",38.689279999999997,-120.83117,"EL DORADO",UNINCORPORATED,-120.83118930000001,38.689283959999997
6865899,2015,2016-09-06,9245,2015-03-26,0105,17737,,4,3,9,0900,0,1,2,,2,140,"RT 50","CARSON RD",5280.00,W,N,A,-,Y,ED,3,50,-,-,24.950,H,-,E,N,4,0,1,1,A,-,08,22107,,N,E,I,A,A,H,-,C,D,1,,,,,Y,,A,07,0,0,1,0,0,0,0,0,0,"- ","- ",38.744509999999998,-120.64417,"EL DORADO",UNINCORPORATED,-120.68147633,38.735092389999998
6866322,2015,2015-11-18,9245,2015-04-05,1615,17728,,7,2,9,0900,0,3,5,,2,002,"CABLE RD","MACE RD",150.00,N,N,C,-,N,,,,,,,,,,Y,4,0,1,1,A,-,03,22350,,N,E,I,A,B,H,-,A,D,0,,,,,Y,,D,22,0,0,1,0,0,0,0,0,0,"- ","- ",38.754249999999999,-120.65591000000001,"EL DORADO",UNINCORPORATED,-120.65607457999999,38.753688480000001
6866326,2015,2015-04-22,9245,2015-03-24,0735,13463,,2,1,9,0900,0,2,4,,1,039,"MOTHER LODE DR","RIDGE DR",0.00,,Y,B,-,N,,,,,,,,,,Y,4,0,1,3,A,-,03,22350,,N,C,C,A,A,H,-,A,D,0,,,,,Y,,A,01,0,0,1,0,0,0,0,0,0,"- ","- ",38.667859999999997,-120.91092,"EL DORADO",UNINCORPORATED,-120.9109399,38.667819940000001
6870992,2015,2015-04-27,9245,2015-03-27,1235,012382,,5,1,9,0900,0,2,4,,1,043,"SLY PARK RD","WAGON TRL",40.00,S,N,A,-,N,,,,,,,,,,Y,2,0,1,2,A,-,03,22350,,N,D,C,A,A,H,-,A,A,0,,,Y,,Y,Y,C,02,1,0,0,0,0,0,0,0,1,"- ","- ",38.687649999999998,-120.62538000000001,"EL DORADO",UNINCORPORATED,-120.62530171,38.687694139999998
6876163,2015,2016-10-20,9245,2015-04-04,2040,18624,9245,6,2,9,0900,0,1,3,,1,122,"RT 193","MINERS SPRING RD",150.00,N,N,B,-,Y,ED,3,193,-,R,25.150,H,-,W,N,3,0,1,1,A,-,01,23152,A,N,E,I,A,A,H,-,D,D,0,,,,,Y,Y,D,22,0,1,0,0,0,0,0,0,0,"- ","- ",38.764449999999997,-120.82163,"EL DORADO",UNINCORPORATED,-120.81726587999999,38.749910939999999
6876425,2015,2016-10-31,9245,2015-04-11,0830,015609,,6,1,9,0900,0,1,3,,1,115,"RT 49","JEEP TRL",6864.00,N,N,A,-,Y,ED,3,49,-,-,36.360,H,-,S,Y,3,0,2,2,A,-,05,21460,A,N,A,C,A,A,H,-,A,D,0,,,,,Y,,D,22,0,2,0,0,0,0,0,0,0,"- ","- ",38.911239999999999,-121.02445,"EL DORADO",UNINCORPORATED,-121.0180422,38.909093769999998
6876429,2015,2015-05-01,9245,2015-04-12,1240,013463,,7,1,9,0900,0,2,4,,1,039,"MOTHER LODE DR","VENTURE RD",0.00,,Y,A,-,N,,,,,,,,,,Y,4,0,2,2,A,-,09,21801,A,N,D,C,A,A,H,-,A,D,0,,,,,Y,,D,22,0,0,2,0,0,0,0,0,0,"- ","- ",38.684539999999998,-120.86665000000001,"EL DORADO",UNINCORPORATED,-120.86667992,38.684519989999998
6881342,2015,2016-09-06,9246,2015-03-28,2104,019064,,6,2,9,0900,0,1,3,,1,030,"RT 89","SPRING CREEK RD",1584.00,N,N,B,-,Y,ED,3,89,-,-,13.540,H,-,N,Y,4,0,1,1,A,-,08,22107,,N,E,I,A,A,H,-,C,D,0,,,,,Y,,A,01,0,0,1,0,0,0,0,0,0,"- ","- ",38.933770000000003,-120.0609,"EL DORADO",UNINCORPORATED,-120.07841701,38.936984729999999
6881482,2015,2015-04-24,9245,2015-03-27,1735,017089,,5,2,9,0900,0,2,4,,2,012,"EL DORADO HILLS BL","SERRANO PKWY",15.00,N,N,A,-,N,,,,,,,,,,N,4,0,3,2,A,-,03,22350,,N,C,C,A,A,H,-,A,A,0,,,,,Y,,A,01,0,0,3,0,0,0,0,0,0,"- ","- ",38.660179999999997,-121.07194,"EL DORADO",UNINCORPORATED,-121.07185088999999,38.660267789999999
6881510,2015,2016-09-02,9245,2015-03-29,0330,018466,,7,3,9,0900,0,1,3,,1,115,"RT 49","GOLD RUSH LN",140.00,S,N,A,-,Y,ED,3,49,-,-,19.030,H,-,S,Y,3,0,1,1,A,-,01,23152,A,N,E,I,A,A,H,-,D,D,0,,,,,Y,Y,A,07,0,1,0,0,0,0,0,0,0,"- ","- ",38.761659999999999,-120.84945,"EL DORADO",UNINCORPORATED,-120.8498106,38.761913190000001
6882382,2015,2016-12-17,9245,2015-04-04,1520,016363,,6,2,9,0900,0,1,3,,1,135,"RT 49","SAND RIDGE RD",10560.00,S,N,A,-,Y,ED,3,49,-,-,0.800,H,-,S,,4,0,1,2,A,-,03,22350,,N,C,C,A,A,H,-,A,D,0,,,Y,,Y,,C,02,0,0,1,0,0,0,0,0,1,"- ","- ",38.56044,-120.84690999999999,"EL DORADO",UNINCORPORATED,-120.84661176,38.56173544
6883288,2015,2015-04-22,9245,2015-04-03,1600,18114,,5,2,9,0900,0,3,5,,2,002,"PONY EXPRESS TRL","ELKHORN MILL RD",200.00,E,N,A,-,N,,,,,,,,,,N,4,0,1,2,A,-,09,21802,A,M,E,I,A,A,H,-,A,D,0,,,,,Y,,-,99,0,0,1,0,0,0,0,0,0,"- ","- ",38.755369999999999,-120.59993,"EL DORADO",UNINCORPORATED,-120.60025851,38.755328679999998
6883351,2015,2016-11-02,9245,2015-04-05,1501,13279,,7,2,9,0900,0,1,2,,2,140,"RT 50","SNOWS RD",2112.00,W,N,B,C,Y,ED,3,50,-,-,24.850,H,-,W,Y,3,0,2,2,A,-,03,22350,,N,D,C,A,A,H,-,A,A,1,,,,,Y,,A,07,0,1,1,0,0,0,0,0,0,"- ","- ",38.736069999999998,-120.68434000000001,"EL DORADO",UNINCORPORATED,-120.68320762,38.735637769999997
6883355,2015,2015-04-22,9245,2015-04-03,1300,12382,,5,1,9,0900,0,3,5,,2,002,"ICE HOUSE RD","GRANITE SPRINGS RD",6864.00,N,N,A,-,N,,,,,,,,,,Y,4,0,1,1,A,-,03,22350,,N,F,A,A,A,H,-,A,A,0,,,Y,,Y,,C,02,0,0,1,0,0,0,0,0,1,"- ","- ",38.80659,-120.38552,"EL DORADO",UNINCORPORATED,-120.38633170999999,38.806600000000003
6883477,2015,2016-11-02,9245,2015-04-06,1600,015459,,1,2,9,0900,0,1,2,,2,110,"RT 50","CAMBRIDGE RD",3168.00,E,N,A,-,Y,ED,3,50,-,-,5.560,H,-,W,Y,2,0,1,1,A,-,01,23152,A,N,E,I,A,A,H,-,A,D,1,,,,,Y,Y,A,01,1,0,0,0,0,0,0,0,0,"- ","- ",,,"EL DORADO",UNINCORPORATED,-120.98733091,38.657279359999997
6884235,2015,2015-04-21,9245,2015-04-03,2025,016363,,5,2,9,0900,0,3,5,,2,001,"SERRANO PKWY","GREENVIEW DR",0.00,,Y,A,-,N,,,,,,,,,,Y,3,0,2,2,A,-,09,21801,A,N,D,C,A,A,H,-,C,D,0,,,,,Y,,A,01,0,2,0,0,0,0,0,0,0,"- ","- ",38.68038,-121.04857,"EL DORADO",UNINCORPORATED,-121.04866995,38.680299990000002
6884236,2015,2016-11-02,9245,2015-04-04,1300,015609,,6,1,9,0900,0,1,2,,2,120,"RT 50","PLACERVILLE DR",122.00,W,N,A,-,Y,ED,3,50,-,-,15.710,H,-,E,Y,2,0,1,1,A,-,08,22107,,N,E,I,A,A,H,-,A,D,1,,,Y,,Y,,C,02,1,0,0,0,0,0,0,0,1,"- ","- ",38.720759999999999,-120.63435,"EL DORADO",UNINCORPORATED,-120.83393787999999,38.720993249999999
6887692,2015,2017-01-10,9245,2015-04-07,1429,012833,,2,2,9,0900,0,1,3,,1,122,"RT 193","RT 49",4785.00,N,N,B,-,Y,ED,3,193,-,-,26.040,H,-,W,Y,3,0,1,1,A,-,01,23152,A,N,E,I,A,B,H,-,A,D,0,,,,,Y,Y,A,07,0,1,0,0,0,0,0,0,0,"- ","- ",38.749540000000003,-120.81690999999999,"EL DORADO",UNINCORPORATED,-120.81685701000001,38.749091759999999
6888567,2015,2015-05-04,9245,2015-04-02,0205,18466,,4,3,9,0900,0,3,5,,2,003,"DUROCK RD","PRODUCT DR",50.00,E,N,A,-,N,,,,,,,,,,N,3,0,1,1,A,-,01,23152,A,N,E,I,A,A,H,-,D,D,0,,,,,Y,Y,D,22,0,1,0,0,0,0,0,0,0,"- ","- ",38.65813,-120.94994,"EL DORADO",UNINCORPORATED,-120.94990805,38.657882180000001
6889191,2015,2017-02-04,9245,2015-04-14,1800,017728,,2,2,9,0900,0,2,4,,1,041,"PLEASANT VALLEY RD","CANYON VALLEY RD",0.00,,Y,A,-,N,,,,,,,,,,Y,4,0,4,3,A,-,09,21801,A,N,A,C,A,A,H,-,A,D,0,,,,,Y,,A,08,0,0,4,0,0,0,0,0,0,"- ","- ",38.694809999999997,-120.80491000000001,"EL DORADO",UNINCORPORATED,-120.80512994,38.694919919999997
6889333,2015,2015-04-29,9245,2015-04-13,0715,013463,,1,1,9,0900,0,3,5,,2,003,"BUSINESS DR","DIVIDEND DR",25.00,W,N,A,-,N,,,,,,,,,,N,4,0,1,2,A,-,08,22107,,N,D,G,A,A,H,-,B,D,0,,Y,,,Y,,L,04,0,0,1,0,0,0,1,0,0,"- ","- ",38.648090000000003,-120.95516000000001,"EL DORADO",UNINCORPORATED,-120.95503929,38.648208259999997
6889555,2015,2016-06-08,9245,2015-04-11,1925,017089,,6,2,9,0900,0,2,4,,1,014,"COLD SPRINGS RD","SKYVIEW LN",528.00,N,N,A,-,N,,,,,,,,,,N,4,0,1,1,A,-,03,22350,,N,F,A,A,A,H,-,A,D,0,,,Y,,Y,,C,02,0,0,1,0,0,0,0,0,1,"- ","- ",38.749020000000002,-120.87278000000001,"EL DORADO",UNINCORPORATED,-120.87267724,38.748903550000001
6889559,2015,2015-06-08,9245,2015-04-14,0055,014956,,2,3,9,0900,0,3,5,,2,004,"SAND RIDGE RD","FRESHWATER TRL",1584.00,E,N,A,-,N,,,,,,,,,,Y,3,0,1,1,A,-,08,22107,,N,E,I,A,A,H,-,D,D,0,,,,,Y,,A,01,0,1,0,0,0,0,0,0,0,"- ","- ",38.596789999999999,-120.80681,"EL DORADO",UNINCORPORATED,-120.80556505,38.597303459999999
6889604,2015,2015-04-29,9245,2015-04-16,1150,016465,,4,1,9,0900,0,3,5,,2,004,"METATE TRL","METATE CT",3168.00,S,N,A,-,N,,,,,,,,,,Y,3,0,1,1,A,-,08,22107,,N,E,I,A,A,H,-,A,D,0,,,,,Y,,A,01,0,1,0,0,0,0,0,0,0,"- ","- ",38.651150000000001,-120.7567,"EL DORADO",UNINCORPORATED,-120.75796065,38.651255370000001
6889608,2015,2015-04-29,9245,2015-04-11,1515,017737,,6,2,9,0900,0,3,5,,2,002,"SNOWS RD","ROOSEVELT AV",45.00,S,N,A,-,N,,,,,,,,,,N,3,0,1,1,A,-,08,22107,,N,E,I,A,A,H,-,A,D,0,,,,,Y,,A,01,0,1,0,0,0,0,0,0,0,"- ","- ",38.736829999999998,-120.67616,"EL DORADO",UNINCORPORATED,-120.6759584,38.736946459999999
6889612,2015,2015-04-29,9245,2015-04-16,1000,015609,,4,1,9,0900,0,3,5,,2,003,"LATROBE RD","TOWN CENTER BL",0.00,,Y,A,-,N,,,,,,,,,,Y,3,0,1,2,A,-,12,21453,A,N,D,C,A,A,H,-,A,A,0,,,,,Y,,A,01,0,1,0,0,0,0,0,0,0,"- ","- ",38.649529999999999,-121.06871,"EL DORADO",UNINCORPORATED,-121.06906997,38.649879970000001
6891052,2015,2015-04-28,9245,2015-04-13,0630,013279,,1,1,9,0900,0,3,5,,2,004,"FAIRPLAY RD",ANSCHUTZ,278.00,S,N,A,-,N,,,,,,,,,,Y,4,0,1,1,A,-,05,21650,,N,E,I,A,A,H,-,C,A,0,,,,,Y,,A,07,0,0,1,0,0,0,0,0,0,"- ","- ",38.600389999999997,-120.69094,"EL DORADO",UNINCORPORATED,,
6891057,2015,2015-04-27,9245,2015-03-31,1920,015563,,2,2,9,0900,0,2,4,,1,013,"GOLD HILL RD","LOTUS RD",0.00,,Y,A,-,N,,,,,,,,,,Y,2,0,2,2,A,-,09,21802,A,N,D,C,A,A,H,-,B,A,0,,,,,Y,,A,07,1,0,1,0,0,0,0,0,0,"- ","- ",38.768990000000002,-121.92534000000001,"EL DORADO",UNINCORPORATED,-120.92530991,38.76887997
6891060,2015,2015-04-28,9245,2015-04-11,1100,015262,,6,1,9,0900,0,2,4,,1,013,"LOTUS RD","WILLIAMS LN",312.00,S,N,A,-,N,,,,,,,,,,N,3,0,2,2,D,-,00,,,N,E,I,A,A,H,-,A,A,0,,Y,,,Y,,-,"- ",0,2,0,0,0,0,2,0,0,"- ","- ",38.734650000000002,-120.93376000000001,"EL DORADO",UNINCORPORATED,-120.93350083,38.73398555
6891064,2015,2015-04-28,9245,2015-04-07,1220,013463,,2,1,9,0900,0,3,5,,2,001,"MEDER RD","ROSEBUD DR",150.00,E,N,B,C,N,,,,,,,,,,Y,3,0,1,1,A,-,03,22350,,N,E,I,A,B,H,-,A,D,0,,,,,Y,,A,01,0,1,0,0,0,0,0,0,0,"- ","- ",38.679630000000003,-120.95992,"EL DORADO",UNINCORPORATED,-120.95996057000001,38.6795787
6893513,2015,2016-11-02,9245,2015-04-21,0833,13603,,2,1,9,0900,0,1,2,,2,110,"RT 50","BASS LAKE RD",2700.00,W,N,B,-,Y,ED,3,50,-,R,2.470,H,-,W,Y,3,0,1,1,A,-,08,22107,,N,E,I,A,A,H,-,A,A,1,,,,,Y,,A,07,0,1,0,0,0,0,0,0,0,"- ","- ",38.656739999999999,-121.04374,"EL DORADO",UNINCORPORATED,-121.04336189999999,38.656355609999999