CASE_ID,ACCIDENT_YEAR,PROC_DATE,JURIS,COLLISION_DATE,COLLISION_TIME,OFFICER_ID,REPORTING_DISTRICT,DAY_OF_WEEK,CHP_SHIFT,POPULATION,CNTY_CITY_LOC,SPECIAL_COND,BEAT_TYPE,CHP_BEAT_TYPE,CITY_DIVISION_LAPD,CHP_BEAT_CLASS,BEAT_NUMBER,PRIMARY_RD,SECONDARY_RD,DISTANCE,DIRECTION,INTERSECTION,WEATHER_1,WEATHER_2,STATE_HWY_IND,CALTRANS_COUNTY,CALTRANS_DISTRICT,STATE_ROUTE,ROUTE_SUFFIX,POSTMILE_PREFIX,POSTMILE,LOCATION_TYPE,RAMP_INTERSECTION,SIDE_OF_HWY,TOW_AWAY,COLLISION_SEVERITY,NUMBER_KILLED,NUMBER_INJURED,PARTY_COUNT,PRIMARY_COLL_FACTOR,PCF_CODE_OF_VIOL,PCF_VIOL_CATEGORY,PCF_VIOLATION,PCF_VIOL_SUBSECTION,HIT_AND_RUN,TYPE_OF_COLLISION,MVIW,PED_ACTION,ROAD_SURFACE,ROAD_COND_1,ROAD_COND_2,LIGHTING,CONTROL_DEVICE,CHP_ROAD_TYPE,PEDESTRIAN_ACCIDENT,BICYCLE_ACCIDENT,MOTORCYCLE_ACCIDENT,TRUCK_ACCIDENT,NOT_PRIVATE_PROPERTY,ALCOHOL_INVOLVED,STWD_VEHTYPE_AT_FAULT,CHP_VEHTYPE_AT_FAULT,COUNT_SEVERE_INJ,COUNT_VISIBLE_INJ,COUNT_COMPLAINT_PAIN,COUNT_PED_KILLED,COUNT_PED_INJURED,COUNT_BICYCLIST_KILLED,COUNT_BICYCLIST_INJURED,COUNT_MC_KILLED,COUNT_MC_INJURED,PRIMARY_RAMP,SECONDARY_RAMP,LATITUDE,LONGITUDE,COUNTY,CITY,POINT_X,POINT_Y
6929910,2015,2015-06-03,9245,2015-05-11,1935,015563,,1,2,9,0900,0,2,4,,2,011,"GREEN VALLEY RD","LOCH WY",0.00,,Y,A,-,N,,,,,,,,,,Y,4,0,1,1,A,-,03,22350,,N,E,I,A,A,-,-,A,D,0,,,,,Y,,A,01,0,0,1,0,0,0,0,0,0,"- ","- ",,,"EL DORADO",UNINCORPORATED,-121.06748991000001,38.711709919999997
6929913,2015,2015-07-14,9245,2015-05-16,1535,018114,,6,2,9,0900,0,2,4,,1,023,"MOSQUITO RD","MEADOW LN",1056.00,N,N,A,-,N,,,,,,,,,,N,3,0,1,1,A,-,03,22350,,N,F,A,A,A,H,-,A,D,0,,,Y,,Y,,C,02,0,1,0,0,0,0,0,0,1,"- ","- ",,,"EL DORADO",UNINCORPORATED,-120.78388689000001,38.748922460000003
6930963,2015,2015-06-03,9245,2015-01-07,0020,14956,,3,3,9,0900,0,3,5,,2,001,"SILVA VALLEY PKY","DARWIN WY",75.00,N,N,A,-,N,,,,,,,,,,Y,4,0,1,1,A,-,08,22107,,N,E,I,A,A,H,-,A,D,0,,,,,Y,,A,01,0,0,1,0,0,0,0,0,0,"- ","- ",38.692970000000003,-121.07281,"EL DORADO",UNINCORPORATED,-121.07283549,38.692525910000001
6931028,2015,2015-06-03,0902,2015-01-28,1524,211,,3,5,3,0902,0,0,0,,0,,"PIONEER TR","AL TAHOE BL",165.00,E,N,A,-,N,,,,,,,,,,N,4,0,1,2,A,-,00,21760,B,N,C,G,A,A,H,-,A,D,0,,Y,,,Y,,A,01,0,0,1,0,0,0,1,0,0,"- ","- ",,,"EL DORADO","SOUTH LAKE TAHOE",-119.95705214,38.920317859999997
6932439,2015,2015-06-09,9245,2015-05-14,1845,17089,,4,2,9,0900,0,3,5,,2,001,"SILVA VALLEY PKWY","FAIRCHILD DR",1320.00,S,N,B,C,N,,,,,,,,,,Y,3,0,2,2,A,-,03,22350,,N,C,C,A,B,H,-,A,D,0,,,,,Y,,A,01,0,1,1,0,0,0,0,0,0,"- ","- ",,,"EL DORADO",UNINCORPORATED,-121.07465827,38.702963400000002
6932804,2015,2016-06-08,9245,2015-05-20,1428,015563,,3,2,9,0900,0,2,4,,1,015,"CAMERON PARK DR","OXFORD RD",200.00,N,N,A,-,N,,,,,,,,,,Y,4,0,1,3,A,-,03,22350,,N,C,C,A,A,H,-,A,A,0,,,,,Y,,A,07,0,0,1,0,0,0,0,0,0,"- ","- ",38.677889999999998,-120.98115,"EL DORADO",UNINCORPORATED,-120.9810025,38.677755500000004
6932805,2015,2015-06-04,9245,2015-05-25,0030,015262,,1,3,9,0900,0,3,5,,2,001,"SIENNA RIDGE RD","HAWK VIEW RD",100.00,N,N,A,-,N,,,,,,,,,,Y,3,0,1,1,A,-,03,22350,,N,E,I,A,A,H,-,D,A,0,,,,,Y,,A,07,0,1,0,0,0,0,0,0,0,"- ","- ",,,"EL DORADO",UNINCORPORATED,-121.02850735,38.671223009999999
6937314,2015,2015-07-03,9245,2015-06-02,0830,15262,,2,1,9,0900,0,2,4,,1,041,"PLEASANT VALLEY RD","DIAMOND RD",82.00,E,N,A,-,N,,,,,,,,,,Y,4,0,1,2,A,-,01,23152,F,N,C,C,A,A,H,-,A,A,0,,,,,Y,Y,A,01,0,0,1,0,0,0,0,0,0,"- ","- ",38.694830000000003,-120.81238999999999,"EL DORADO",UNINCORPORATED,-120.80572273999999,38.694911769999997
6937506,2015,2015-06-08,9245,2015-04-19,2015,015563,,7,2,9,0900,0,2,4,,1,013,"GREEN VALLEY RD","SLEEPY HOLLOW DR",275.00,W,N,A,-,N,,,,,,,,,,Y,3,0,1,1,A,-,01,23152,A,N,F,I,A,A,H,-,D,D,0,,,,,Y,Y,A,07,0,1,0,0,0,0,0,0,0,"- ","- ",38.720460000000003,-120.93438,"EL DORADO",UNINCORPORATED,-120.93437389,38.720468019999998
6941047,2015,2015-11-03,9245,2015-06-18,2120,18466,,4,2,9,0900,0,2,4,,2,031,"LATROBE RD","SUN RIDGE MEADOW RD",1584.00,N,N,A,-,N,,,,,,,,,,Y,4,0,1,1,A,-,03,22350,,N,E,J,A,A,H,-,D,D,0,,,,,Y,,A,01,0,0,1,0,0,0,0,0,0,"- ","- ",38.589590000000001,-121.01179999999999,"EL DORADO",UNINCORPORATED,-121.01265929,38.590313180000003
6942740,2015,2015-06-26,9245,2015-05-22,0744,012382,,5,1,9,0900,0,2,4,,1,041,"PLEASANT VALLEY RD","OAK HILL RD",1056.00,W,N,B,-,N,,,,,,,,,,Y,3,0,2,2,A,-,09,21804,A,N,D,C,A,A,H,-,A,A,0,,,,,Y,,A,01,0,1,1,0,0,0,0,0,0,"- ","- ",38.67989,-120.77369,"EL DORADO",UNINCORPORATED,-120.77417638,38.680234990000002
6942854,2015,2016-11-01,9245,2015-05-18,1505,15459,,1,2,9,0900,0,1,3,,1,135,"RT 49","COMMERCE WY",150.00,W,N,B,-,Y,ED,3,49,-,-,11.040,H,-,N,N,4,0,1,2,A,-,03,22350,,N,C,C,A,A,H,-,A,D,0,,,,,Y,,A,01,0,0,1,0,0,0,0,0,0,"- ","- ",38.692050000000002,-120.82626999999999,"EL DORADO",UNINCORPORATED,-120.82656213999999,38.691997569999998
6943329,2015,2015-10-24,9245,2015-05-25,1040,013463,,1,1,9,0900,0,2,4,,1,042,"BUCKS BAR RD","SPRINGER RD",450.00,N,N,A,-,N,,,,,,,,,,Y,4,0,1,1,A,-,08,22107,,N,E,I,A,A,H,-,A,D,0,,,,,Y,,A,01,0,0,1,0,0,0,0,0,0,"- ","- ",38.674939999999999,-120.73084,"EL DORADO",UNINCORPORATED,-120.72767013000001,38.674823969999998
6943713,2015,2016-06-08,9245,2015-06-03,1620,17757,,3,2,9,0900,0,3,5,,2,003,"FORNI RD","MISSOURI FLAT RD",1056.00,W,N,A,-,N,,,,,,,,,,Y,3,0,1,2,A,-,08,22107,,N,D,C,A,A,H,-,A,D,0,,,,,Y,,D,22,0,1,0,0,0,0,0,0,0,"- ","- ",39.70429,-120.03140999999999,"EL DORADO",UNINCORPORATED,-120.83155618000001,38.703637659999998
6943733,2015,2015-06-24,9245,2015-05-31,1000,013463,,7,1,9,0900,0,3,5,,2,004,"SAND RIDGE RD","COSUMNES ACRES RD",528.00,S,N,A,-,N,,,,,,,,,,N,4,0,1,2,A,-,03,22350,,N,B,C,A,A,H,-,A,D,0,,,Y,,Y,,C,02,0,0,1,0,0,0,0,0,1,"- ","- ",38.596719999999998,-120.78628999999999,"EL DORADO",UNINCORPORATED,-120.78739622000001,38.597282079999999
6943753,2015,2015-07-08,9245,2015-06-03,1600,17089,,3,2,9,0900,0,2,4,,1,015,"CAMERON PARK DR","PALMER DR",10.00,N,N,A,-,N,,,,,,,,,,N,4,0,1,3,A,-,09,21453,B,N,D,C,A,A,H,-,A,A,0,,,,,Y,,A,01,0,0,1,0,0,0,0,0,0,"- ","- ",38.662390000000002,-120.97067,"EL DORADO",UNINCORPORATED,-120.97018727,38.661417219999997
6943762,2015,2017-01-04,9245,2015-05-20,1344,013028,,3,1,9,0900,0,1,2,,2,140,"RT 50","COUNTY RD 1022",0.00,,Y,A,-,Y,ED,3,50,-,-,22.200,H,-,E,Y,2,0,2,2,A,-,09,21802,A,N,D,C,A,-,H,-,A,A,1,,,,,Y,,A,01,1,0,1,0,0,0,0,0,0,"- ","- ",38.73798,-120.73090999999999,"EL DORADO",UNINCORPORATED,-120.72991308,38.738340100000002
6943782,2015,2015-06-26,9245,2015-05-09,1400,013028,,6,2,9,0900,0,2,4,,1,045,"NEWTOWN RD","IVY KNOLL DR",2112.00,N,N,A,-,N,,,,,,,,,,Y,2,0,1,1,A,-,01,23152,F,N,E,I,A,A,H,-,A,A,0,,,,,Y,Y,A,01,1,0,0,0,0,0,0,0,0,"- ","- ",38.792639999999999,-120.7495,"EL DORADO",UNINCORPORATED,-120.74202241,38.732462439999999
6943786,2015,2016-11-02,9245,2015-05-24,0600,013463,,7,1,9,0900,0,1,2,,2,120,"RT 50","MISSOURI FLAT RD",0.00,,Y,A,-,Y,ED,3,50,-,-,14.897,R,1,E,N,3,0,1,2,A,-,21,22106,,N,G,B,-,A,H,-,B,D,1,Y,,,,Y,,A,01,0,1,0,0,1,0,0,0,0,EF,"- ",38.710569999999997,-120.83799,"EL DORADO",UNINCORPORATED,-120.84112745,38.709719110000002
6943790,2015,2016-10-31,9245,2015-05-31,0840,013929,,7,1,9,0900,0,1,3,,1,115,"RT 49","SALMON FALLS CUTOFF RD",200.00,S,N,B,-,Y,ED,3,49,-,-,30.690,H,-,N,Y,4,0,1,1,C,-,18,,,N,H,H,A,A,H,-,A,D,0,,,Y,,Y,,-,"- ",0,0,1,0,0,0,0,0,1,"- ","- ",38.83596,-121.01249,"EL DORADO",UNINCORPORATED,-121.01212412,38.835871730000001
6945611,2015,2016-11-02,9245,2015-04-28,2103,13028,,2,2,9,0900,0,1,2,,1,160,"RT 50","ICEHOUSE RD",1100.00,W,N,A,-,Y,ED,3,50,-,-,37.810,H,-,W,Y,3,0,1,1,A,-,01,23152,A,N,F,A,A,A,H,-,D,D,1,,,,,Y,Y,A,01,0,1,0,0,0,0,0,0,0,"- ","- ",38.77131,-120.47673,"EL DORADO",UNINCORPORATED,-120.47683533,38.770898099999997
6945766,2015,2016-06-20,9245,2015-06-02,1525,014956,,2,2,9,0900,0,3,5,,2,004,"SAND RIDGE RD","RT 49",4752.00,E,N,A,-,N,,,,,,,,,,Y,3,0,2,1,A,-,01,23152,A,N,E,I,A,A,H,-,A,D,0,,,,,Y,Y,D,22,0,1,1,0,0,0,0,0,0,"- ","- ",38.594439999999999,-120.83345,"EL DORADO",UNINCORPORATED,-120.83338345999999,38.593829640000003
6945774,2015,2015-07-10,9245,2015-06-02,1350,013279,,2,1,9,0900,0,2,4,,1,025,"PONY EXPRESS TRL","CARSON RD",370.00,E,N,A,-,N,,,,,,,,,,Y,3,0,2,2,A,-,05,21460,A,N,A,C,A,A,H,-,A,A,0,,,,,Y,,A,07,0,1,1,0,0,0,0,0,0,"- ","- ",,,"EL DORADO",UNINCORPORATED,-120.66532309,38.739034500000002
6945967,2015,2016-11-02,9245,2015-06-01,1200,013279,,1,1,9,0900,0,1,2,,2,150,"RT 50","FRESHPOND DR",15840.00,E,N,A,-,Y,ED,3,50,-,-,34.680,H,-,E,Y,4,0,1,2,A,-,06,21755,,N,B,C,A,A,H,-,A,A,1,,,,,Y,,A,01,0,0,1,0,0,0,0,0,0,"- ","- ",,,"EL DORADO",UNINCORPORATED,-120.52394993999999,38.760746699999999
6949962,2015,2016-06-08,9245,2015-05-25,1600,017757,,1,2,9,0900,0,3,5,,2,004,"GRIZZLY FLAT RD","PINE RIDGE RD",528.00,W,N,A,-,N,,,,,,,,,,Y,3,0,1,1,A,-,01,23152,A,N,F,A,A,A,H,-,A,D,0,,,,,Y,Y,D,22,0,1,0,0,0,0,0,0,0,"- ","- ",38.633879999999998,-120.56148,"EL DORADO",UNINCORPORATED,-120.55006775,38.633456940000002
6950122,2015,2016-12-20,0901,2015-05-01,0304,301,0901,5,5,2,0901,0,0,0,,0,PP1,"RT 50","CANAL ST",750.00,W,N,A,-,Y,ED,3,50,-,-,17.440,H,-,W,Y,4,0,1,1,A,-,01,23152,A,N,F,I,A,A,H,-,C,A,0,,,,,Y,Y,A,07,0,0,1,0,0,0,0,0,0,"- ","- ",,,"EL DORADO",PLACERVILLE,-120.80928736,38.72880017
6950134,2015,2016-11-01,0901,2015-05-09,1111,301,0901,6,5,2,0901,0,0,0,,0,PP1,"COLOMA ST","VIVIAN CT",17.00,S,N,A,-,Y,ED,3,49,-,-,15.370,H,-,S,Y,4,0,1,2,A,-,03,22350,,N,C,C,A,A,H,-,A,D,0,,,Y,,Y,,C,02,0,0,1,0,0,0,0,0,1,"- ","- ",,,"EL DORADO",PLACERVILLE,-120.80749632,38.734276149999999
6950141,2015,2016-10-31,9245,2015-05-23,2112,018240,,6,2,9,0900,0,1,3,,1,115,"RT 49","SALMON FALLS CUTOFF RD",900.00,N,N,B,-,Y,ED,3,49,-,-,30.890,H,-,S,Y,3,0,1,1,A,-,01,23152,A,N,F,A,A,A,H,-,D,D,0,,,,,Y,Y,A,07,0,1,0,0,0,0,0,0,0,"- ","- ",38.836620000000003,-121.03684,"EL DORADO",UNINCORPORATED,-121.0149186,38.837703599999998
6950460,2015,2016-06-08,9245,2015-05-29,2300,018656,,5,3,9,0900,0,3,5,,2,004,"CEDAR RAVINE RD","BUTTERFLY LN",15.00,S,N,A,-,N,,,,,,,,,,Y,2,0,1,1,A,-,08,22107,,N,E,I,A,A,H,-,D,D,0,,,Y,,Y,,C,02,1,0,0,0,0,0,0,0,1,"- ","- ",,,"EL DORADO",UNINCORPORATED,-120.77677097999999,38.717669430000001
6950467,2015,2016-10-31,9245,2015-05-21,1927,015607,,4,2,9,0900,0,1,3,,1,122,"RT 193","WILD LILAC LN",708.00,W,N,B,-,Y,ED,3,193,-,R,6.590,H,-,E,Y,3,0,1,1,A,-,01,23152,A,N,E,I,A,A,H,-,A,D,0,,,,,Y,Y,A,01,0,1,0,0,0,0,0,0,0,"- ","- ",,,"EL DORADO",UNINCORPORATED,-120.91762769,38.90438829
6952101,2015,2015-07-13,9245,2015-06-02,2045,013405,,2,2,9,0900,0,3,5,,2,001,"GREEN VALLEY RD","FRANCISCO DR",0.00,,Y,A,-,N,,,,,,,,,,N,3,0,1,2,A,-,12,21453,A,N,D,G,A,A,H,-,C,A,0,,Y,,,Y,,L,04,0,1,0,0,0,0,1,0,0,"- ","- ",38.70966,-120.0853,"EL DORADO",UNINCORPORATED,-121.08539989000001,38.709569960000003
6955773,2015,2016-11-02,9245,2015-06-02,0433,012833,,2,3,9,0900,0,1,2,,2,120,"RT 50","MISSOURI FLAT RD",2315.00,W,N,A,-,Y,ED,3,50,-,R,14.620,H,-,E,Y,3,0,1,1,A,-,03,22350,,N,E,I,A,A,H,-,D,D,1,,,,,Y,,A,01,0,1,0,0,0,0,0,0,0,"- ","- ",38.708269999999999,-120.84544,"EL DORADO",UNINCORPORATED,-120.84616559,38.708145819999999
6955777,2015,2016-11-02,9245,2015-06-02,0747,013279,,2,1,9,0900,0,1,2,,1,160,"RT 50","KYBURZ DR",8976.00,E,N,A,-,Y,ED,3,50,-,-,50.730,H,-,W,Y,3,0,1,1,A,-,05,21650,,N,F,A,A,A,H,-,A,A,0,,,,,Y,,A,07,0,1,0,0,0,0,0,0,0,"- ","- ",,,"EL DORADO",UNINCORPORATED,-120.26292737999999,38.777354129999999
6957110,2015,2016-06-08,0901,2015-04-25,1829,301,0901,6,5,2,0901,0,0,0,,0,PP2,"MAIN ST","LOCUST AV",250.00,W,N,A,-,N,,,,,,,,,,Y,4,0,3,2,A,-,09,21801,A,N,A,C,A,A,H,-,A,D,0,,,,,Y,,A,01,0,0,3,0,0,0,0,0,0,"- ","- ",,,"EL DORADO",PLACERVILLE,-120.79440314999999,38.729325510000002
6958450,2015,2015-07-09,9245,2015-06-09,1645,15262,,2,2,9,0900,0,3,5,,2,001,"COUNTRY CLUB DR","ROYAL DR",0.00,,Y,B,C,N,,,,,,,,,,N,4,0,1,2,A,-,09,21802,A,N,D,C,A,B,H,-,A,A,0,,,,,Y,,A,01,0,0,1,0,0,0,0,0,0,"- ","- ",38.660299999999999,-120.9807,"EL DORADO",UNINCORPORATED,-120.98936989000001,38.66012997
6958454,2015,2015-07-09,9245,2015-06-04,0802,18663,,4,1,9,0900,0,3,5,,2,001,"EL DORADO HILLS BL","WILSON BL",0.00,,Y,A,-,N,,,,,,,,,,Y,4,0,2,2,A,-,12,21453,A,N,D,C,A,A,H,-,A,A,0,,,,,Y,,A,01,0,0,2,0,0,0,0,0,0,"- ","- ",38.668329999999997,-121.07633,"EL DORADO",UNINCORPORATED,-121.07644986,38.668399970000003
6958653,2015,2015-07-03,9245,2015-06-15,0900,013342,,1,1,9,0900,0,2,4,,1,013,"NORTH SHINGLE RD","BLACK OAK DR",0.00,,Y,A,-,N,,,,,,,,,,Y,4,0,1,2,A,-,03,22350,,N,C,C,A,A,H,-,A,D,0,,,,,Y,,A,08,0,0,1,0,0,0,0,0,0,"- ","- ",38.689869999999999,-120.92901000000001,"EL DORADO",UNINCORPORATED,-120.92887989,38.689739979999999
6958927,2015,2015-07-03,9245,2015-06-18,1735,17089,,4,2,9,0900,0,2,4,,1,037,"MISSOURI FLAT RD","MOTHER LODE DR",25.00,N,N,A,-,N,,,,,,,,,,Y,4,0,1,2,A,-,03,22350,,N,C,C,A,A,H,-,A,A,0,,,,,Y,,A,01,0,0,1,0,0,0,0,0,0,"- ","- ",38.710419999999999,-120.83794,"EL DORADO",UNINCORPORATED,-120.83790813,38.710403149999998
6958935,2015,2015-07-03,9245,2015-06-22,1605,15262,,1,2,9,0900,0,2,4,,1,015,"CAMERON PARK DR","EL DORADO ROYALE DR",266.00,N,N,A,-,N,,,,,,,,,,Y,3,0,1,1,A,-,08,22107,,N,E,I,A,A,H,-,A,A,0,,,,,Y,,A,07,0,1,0,0,0,0,0,0,0,"- ","- ",38.671500000000002,-120.97839999999999,"EL DORADO",UNINCORPORATED,-120.97811149,38.67140345
6958939,2015,2015-07-03,9245,2015-06-18,2140,18624,9245,4,2,9,0900,0,3,5,,2,004,"FORT JIM CT","LEGACY LN",400.00,N,N,A,-,N,,,,,,,,,,Y,4,0,1,1,A,-,03,22350,,N,F,J,A,A,H,-,A,D,0,,,,,Y,,A,01,0,0,1,0,0,0,0,0,0,"- ","- ",38.705570000000002,-120.71129999999999,"EL DORADO",UNINCORPORATED,-120.70970244999999,38.705117899999998
6959285,2015,2017-01-04,9245,2015-05-30,1740,013028,,6,2,9,0900,0,1,2,,1,160,"RT 50","ALDER CREEK RD",7920.00,E,N,A,-,Y,ED,3,50,-,-,45.330,H,-,W,Y,3,0,1,1,A,-,01,23152,A,N,E,I,A,A,H,-,A,D,0,,,,,Y,Y,D,22,0,1,0,0,0,0,0,0,0,"- ","- ",38.462699999999998,-120.2347,"EL DORADO",UNINCORPORATED,-120.35594449,38.766812450000003
6959363,2015,2015-07-13,9245,2015-06-06,1500,17089,,6,2,9,0900,0,2,4,,1,013,"NORTH SHINGLE RD","EASTVIEW DR",100.00,N,N,A,-,N,,,,,,,,,,Y,4,0,1,3,A,-,03,22350,,N,C,C,A,A,H,-,A,D,0,,,,,Y,,D,22,0,0,1,0,0,0,0,0,0,"- ","- ",38.671489999999999,-120.92846,"EL DORADO",UNINCORPORATED,-120.92850848,38.6716403
6959420,2015,2015-07-13,9245,2015-06-06,1645,17089,,6,2,9,0900,0,2,4,,2,011,"GREEN VALLEY RD","ROCKY SPRINGS RD",44.00,W,N,B,-,N,,,,,,,,,,Y,4,0,1,3,A,-,17,22109,,N,C,C,A,A,H,-,A,D,0,,,,,Y,,A,01,0,0,1,0,0,0,0,0,0,"- ","- ",38.713299999999997,-121.05889999999999,"EL DORADO",UNINCORPORATED,-121.05929401,38.713273960000002
6959428,2015,2015-10-29,9245,2015-06-09,1755,016451,,2,2,9,0900,0,3,5,,2,002,"WENTWORTH SPRINGS RD","SCHOOL ST",500.00,E,N,A,-,N,,,,,,,,,,Y,4,0,1,2,A,-,01,23152,A,N,C,C,A,A,H,-,A,D,0,,,,,Y,Y,D,22,0,0,1,0,0,0,0,0,0,"- ","- ",38.910640000000001,-120.83462,"EL DORADO",UNINCORPORATED,-120.83521128,38.910174220000002
6959436,2015,2015-07-13,9245,2015-06-05,1308,15607,,5,1,9,0900,0,3,5,,2,001,"CAMBRIDGE RD","ROYAL PARK DR",0.00,,Y,B,-,N,,,,,,,,,,Y,3,0,1,2,A,-,09,21802,A,N,D,C,A,A,H,-,A,D,0,,,,,Y,,A,01,0,1,0,0,0,0,0,0,0,"- ","- ",38.687100000000001,-120.9997,"EL DORADO",UNINCORPORATED,-120.99964986000001,38.686959940000001
6960095,2015,2015-07-09,9245,2015-06-06,1720,17757,,6,2,9,0900,0,3,5,,2,002,"COLD SPRINGS RD","GOOD SHEPARD LN",1.00,N,N,B,-,N,,,,,,,,,,Y,3,0,2,1,A,-,08,22107,,N,E,I,A,A,H,-,A,D,0,,,,,Y,Y,A,01,0,2,0,0,0,0,0,0,0,"- ","- ",38.738880000000002,-120.85323,"EL DORADO",UNINCORPORATED,-120.8532419,38.738932310000003
6960140,2015,2016-11-02,9245,2015-06-05,1330,18656,,5,1,9,0900,0,1,2,,2,140,"RT 50","SLY PARK RD",5.00,W,N,B,-,Y,ED,3,50,-,R,31.184,R,4,E,N,4,0,1,2,A,-,05,21650,1,N,D,G,A,A,H,-,A,D,1,,Y,,,Y,,L,04,0,0,1,0,0,0,1,0,0,TO,"- ",,,"EL DORADO",UNINCORPORATED,-120.57788011,38.761325710000001
6960944,2015,2015-11-10,9245,2015-06-14,1654,16451,,7,2,9,0900,0,1,3,,1,122,"SPANISH DRY DIGGINS RD","AERODROME WY",2640.00,E,N,A,-,N,,,,,,,,,,Y,3,0,1,1,A,-,00,23103,A,N,F,I,A,A,H,-,A,A,0,,,Y,,Y,,C,02,0,1,0,0,0,0,0,0,1,"- ","- ",38.918100000000003,-120.86754999999999,"EL DORADO",UNINCORPORATED,-120.86033105999999,38.908403730000003
6961198,2015,2015-07-11,9245,2015-06-02,0130,012833,,2,3,9,0900,0,2,4,,2,031,"LATROBE RD","COTHRIN RANCH RD",2615.00,S,N,A,-,N,,,,,,,,,,Y,3,0,1,1,A,-,01,23152,A,N,E,I,A,A,H,-,D,D,0,,,,,Y,Y,A,01,0,1,0,0,0,0,0,0,0,"- ","- ",38.594639999999998,-121.01702,"EL DORADO",UNINCORPORATED,-121.01678213,38.594505490000003
6961203,2015,2015-07-15,9245,2015-06-14,1320,13929,,7,1,9,0900,0,2,4,,1,026,"ICE HOUSE RD","WHITE MEADOW RD",3696.00,N,N,A,-,N,,,,,,,,,,N,3,0,1,1,A,-,08,22107,,N,F,A,A,A,H,-,A,D,0,,,Y,,Y,,C,02,0,1,0,0,0,0,0,0,1,"- ","- ",38.771799999999999,-120.44407,"EL DORADO",UNINCORPORATED,-120.44460076999999,38.771330300000002
6961223,2015,2015-07-15,9245,2015-06-10,0910,13929,,3,1,9,0900,0,2,4,,1,041,"PLEASANT VALLEY RD","BIG CUT RD",130.00,W,N,B,-,N,,,,,,,,,,Y,2,0,1,1,A,-,08,22107,,N,F,A,A,A,H,-,A,D,0,,,Y,,Y,,C,02,1,0,0,0,0,0,0,0,1,"- ","- ",38.690170000000002,-120.78751,"EL DORADO",UNINCORPORATED,-120.78778882,38.690255790000002
6962986,2015,2015-06-30,9245,2015-06-15,1405,13342,,1,2,9,0900,0,2,4,,1,037,"MISSOURI FLAT RD","MOTHER LODE DR",25.00,S,N,A,-,N,,,,,,,,,,Y,4,0,1,2,A,-,03,22350,,N,C,C,A,A,H,-,A,A,0,,,,,Y,,D,22,0,0,1,0,0,0,0,0,0,"- ","- ",38.710369999999998,-120.83784,"EL DORADO",UNINCORPORATED,-120.83776941000001,38.71031936
6962990,2015,2015-11-09,9245,2015-06-17,1215,12382,,3,1,9,0900,0,2,4,,1,025,"PONY EXPRESS TRL","ANDREWS LN",300.00,E,N,A,-,N,,,,,,,,,,Y,3,0,1,1,A,-,05,21650,,N,E,I,A,A,H,-,A,A,0,,,,,Y,,D,22,0,1,0,0,0,0,0,0,0,"- ","- ",38.75,-120.62153000000001,"EL DORADO",UNINCORPORATED,-120.62163345,38.750018990000001
6963181,2015,2016-11-02,9246,2015-05-21,1153,018006,,4,1,9,0900,0,1,2,,1,022,"SR 50","RT 89",0.00,,Y,C,-,Y,ED,3,50,-,-,70.621,I,5,E,Y,4,0,1,2,A,-,09,21802,A,N,D,C,A,B,H,-,A,D,0,,,,,Y,,A,01,0,0,1,0,0,0,0,0,0,"- ","- ",,,"EL DORADO",UNINCORPORATED,-120.02233983000001,38.851018209999999
6966197,2015,2016-11-02,9245,2015-06-13,0810,016465,,6,1,9,0900,0,1,2,,2,140,"RT 50","PARKWAY DR",56.00,W,N,A,-,Y,ED,3,50,-,-,20.990,H,-,W,Y,4,0,1,2,A,-,07,21658,A,N,B,C,A,A,H,-,A,D,1,,,,,Y,,A,07,0,0,1,0,0,0,0,0,0,"- ","- ",38.731200000000001,-120.74957999999999,"EL DORADO",UNINCORPORATED,-120.74801691,38.731188099999997
6966201,2015,2016-10-31,9245,2015-06-14,1400,014956,,7,2,9,0900,0,1,3,,1,135,"RT 49","FAITH LN",0.00,,Y,A,-,Y,ED,3,49,-,-,11.510,H,-,N,N,4,0,1,3,A,-,03,22350,,N,C,C,A,A,H,-,A,D,0,,,,,Y,,A,01,0,0,1,0,0,0,0,0,0,"- ","- ",38.693559999999998,-120.81845,"EL DORADO",UNINCORPORATED,-120.81862939,38.693705450000003
6966215,2015,2015-07-01,9245,2015-06-06,1647,15607,,6,2,9,0900,0,2,4,,2,011,"GREEN VALLEY RD","ROCKY SPRINGS RD",90.00,W,N,B,-,N,,,,,,,,,,N,4,0,1,2,A,-,00,23103,A,F,B,C,A,A,H,-,A,D,0,,,,,Y,,A,07,0,0,1,0,0,0,0,0,0,"- ","- ",38.713299999999997,-121.05889999999999,"EL DORADO",UNINCORPORATED,-121.05945502,38.713267649999999
6967656,2015,2016-11-02,9245,2015-06-15,1520,015262,,1,2,9,0900,0,3,5,,2,001,"BASS LAKE RD","RT 50",0.00,,Y,A,-,Y,ED,3,50,-,R,3.412,R,4,W,Y,4,0,1,2,A,-,09,21802,A,N,D,C,A,A,H,-,A,A,1,,,,,Y,,D,22,0,0,1,0,0,0,0,0,0,"- ",WF,38.656100000000002,-121.0296,"EL DORADO",UNINCORPORATED,-121.02663011,38.655388469999998
6968706,2015,2017-03-06,9245,2015-06-17,1350,015459,,3,1,9,0900,0,2,4,,1,042,"BUCKS BAR RD","BUCKS BAR CT",1056.00,S,N,A,-,N,,,,,,,,,,Y,3,0,3,2,A,-,08,22107,,N,A,C,A,A,H,-,A,D,0,,,,,Y,,A,01,0,1,2,0,0,0,0,0,0,"- ","- ",38.647770000000001,-120.69755000000001,"EL DORADO",UNINCORPORATED,-120.69672731,38.647566599999998