CASE_ID,ACCIDENT_YEAR,PROC_DATE,JURIS,COLLISION_DATE,COLLISION_TIME,OFFICER_ID,REPORTING_DISTRICT,DAY_OF_WEEK,CHP_SHIFT,POPULATION,CNTY_CITY_LOC,SPECIAL_COND,BEAT_TYPE,CHP_BEAT_TYPE,CITY_DIVISION_LAPD,CHP_BEAT_CLASS,BEAT_NUMBER,PRIMARY_RD,SECONDARY_RD,DISTANCE,DIRECTION,INTERSECTION,WEATHER_1,WEATHER_2,STATE_HWY_IND,CALTRANS_COUNTY,CALTRANS_DISTRICT,STATE_ROUTE,ROUTE_SUFFIX,POSTMILE_PREFIX,POSTMILE,LOCATION_TYPE,RAMP_INTERSECTION,SIDE_OF_HWY,TOW_AWAY,COLLISION_SEVERITY,NUMBER_KILLED,NUMBER_INJURED,PARTY_COUNT,PRIMARY_COLL_FACTOR,PCF_CODE_OF_VIOL,PCF_VIOL_CATEGORY,PCF_VIOLATION,PCF_VIOL_SUBSECTION,HIT_AND_RUN,TYPE_OF_COLLISION,MVIW,PED_ACTION,ROAD_SURFACE,ROAD_COND_1,ROAD_COND_2,LIGHTING,CONTROL_DEVICE,CHP_ROAD_TYPE,PEDESTRIAN_ACCIDENT,BICYCLE_ACCIDENT,MOTORCYCLE_ACCIDENT,TRUCK_ACCIDENT,NOT_PRIVATE_PROPERTY,ALCOHOL_INVOLVED,STWD_VEHTYPE_AT_FAULT,CHP_VEHTYPE_AT_FAULT,COUNT_SEVERE_INJ,COUNT_VISIBLE_INJ,COUNT_COMPLAINT_PAIN,COUNT_PED_KILLED,COUNT_PED_INJURED,COUNT_BICYCLIST_KILLED,COUNT_BICYCLIST_INJURED,COUNT_MC_KILLED,COUNT_MC_INJURED,PRIMARY_RAMP,SECONDARY_RAMP,LATITUDE,LONGITUDE,COUNTY,CITY,POINT_X,POINT_Y
81594726,2021,2021-10-13,0902,2021-10-02,1500,239,,6,5,3,0902,0,0,0,,0,Mid,"LAKE TAHOE BLVD","AL TAHOE BLVD",600.00,E,N,A,-,Y,,,,,,,,,,N,3,0,1,2,A,-,08,22107,,N,D,C,A,A,H,-,A,D,0,,,Y,,Y,,A,01,0,1,0,0,0,0,0,0,1,"- ","- ",38.934440612792969,-119.97772216796875,"EL DORADO","SOUTH LAKE TAHOE",-119.97735595703125,38.935939788818359
81594740,2021,2021-10-13,0902,2021-10-11,0900,239,,1,5,3,0902,0,0,0,,0,West,"LAKE TAHOE BLVD","WINNEMUCCA AVE",0.00,,Y,D,-,Y,,,,,,,,,,N,4,0,1,2,A,-,09,21804,A,N,D,C,A,C,H,-,A,D,0,,,,,Y,,D,22,0,0,1,0,0,0,0,0,0,"- ","- ",38.919868469238281,-119.99492645263672,"EL DORADO","SOUTH LAKE TAHOE",-119.99467468261719,38.919708251953125
81600903,2021,2021-10-20,0902,2021-10-08,2116,233,,5,5,3,0902,0,0,0,,0,West,"10TH ST","GLORENE AVE",0.00,,Y,A,-,N,,,,,,,,,,N,4,0,2,2,-,-,"- ",,,N,B,C,A,A,H,-,C,A,0,,,,,Y,,-,"- ",0,0,2,0,0,0,0,0,0,"- ","- ",38.916900634765625,-120.01251220703125,"EL DORADO","SOUTH LAKE TAHOE",-120.01245880126953,38.916835784912109
81603302,2021,2021-10-22,0902,2021-10-18,0726,247,,1,5,3,0902,0,0,0,,0,,"LAKE TAHOE BLVD","RUFUS ALLEN BLVD",60.00,W,N,D,-,Y,,,,,,,,,,Y,4,0,2,3,A,-,03,22350,,N,A,C,A,C,H,-,A,D,0,,,,,Y,,D,22,0,0,2,0,0,0,0,0,0,"- ","- ",38.945400238037109,-119.97286987304688,"EL DORADO","SOUTH LAKE TAHOE",-119.97308349609375,38.945362091064453
81604298,2021,2021-10-25,0902,2021-10-19,0759,211,,2,5,3,0902,0,0,0,,0,East,"LAKE TAHOE BLVD","SKI RUN BLVD",0.00,,Y,B,-,Y,,,,,,,,,,N,4,0,1,2,A,-,10,21950,A,N,G,B,B,A,H,-,A,A,0,Y,,,,Y,,A,07,0,0,1,0,1,0,0,0,0,"- ","- ",38.949459075927734,-119.95845794677734,"EL DORADO","SOUTH LAKE TAHOE",-119.95757293701172,38.948562622070312
81637686,2021,2021-11-30,0902,2021-11-24,1347,224,,3,5,3,0902,0,0,0,,0,East,"LAKE TAHOE BLVD","FRIDAY AVE",50.00,W,N,A,-,Y,,,,,,,,,,Y,4,0,1,3,A,-,03,22350,,N,C,C,A,A,H,-,A,D,0,,,,,Y,,A,07,0,0,1,0,0,0,0,0,0,"- ","- ",38.956840515136719,-119.94364166259766,"EL DORADO","SOUTH LAKE TAHOE",-119.94371032714844,38.956771850585938
81658274,2021,2021-12-22,0902,2021-11-29,1535,239,,1,5,3,0902,0,0,0,,0,,"GLENWOOD WAY","FAWN WAY (E)",155.00,S,N,A,-,N,,,,,,,,,,Y,3,0,1,1,A,-,01,23152,A,N,E,I,A,A,H,-,A,D,0,,,,,Y,Y,A,01,0,1,0,0,0,0,0,0,0,"- ","- ",38.94525146484375,-119.96237182617188,"EL DORADO","SOUTH LAKE TAHOE",-119.96315765380859,38.945144653320312
81659417,2021,2021-12-23,0902,2021-12-16,1440,232,,4,5,3,0902,0,0,0,,0,West,"3RD ST","LAKE TAHOE BLVD",0.00,,Y,-,-,Y,,,,,,,,,,N,4,0,1,3,A,-,03,22350,,N,D,C,A,C,G,-,A,A,0,,,,,Y,,A,07,0,0,1,0,0,0,0,0,0,"- ","- ",38.916999816894531,-119.99923706054688,"EL DORADO","SOUTH LAKE TAHOE",-119.99903106689453,38.916828155517578
8166663,2016,2018-09-27,0902,2016-11-05,2240,213,,6,5,3,0902,0,0,0,,0,,"LAKE TAHOE BL","HEAVENLY VALLEY WY",197.00,E,N,A,-,Y,ED,3,50,-,-,80.180,H,-,E,Y,1,1,0,2,A,-,11,21954,A,N,G,B,D,A,H,-,C,D,0,Y,,,,Y,Y,A,08,0,0,0,1,0,0,0,0,0,"- ","- ",,,"EL DORADO","SOUTH LAKE TAHOE",-119.94439786,38.955737730000003
81676113,2022,2022-01-12,0902,2022-01-06,1337,227,SOUTH,4,5,3,0902,0,0,0,,0,,"TAHOE KEYS BLVD","TEXAS AVE",0.00,,Y,A,-,N,,,,,,,,,,Y,4,0,2,2,A,-,05,21460,A,N,A,C,A,B,H,-,A,D,0,,,,,Y,,A,01,0,0,2,0,0,0,0,0,0,"- ","- ",38.927051544189453,-120.00312042236328,"EL DORADO","SOUTH LAKE TAHOE",-120.00316619873047,38.926864624023438
81676124,2022,2022-01-12,0902,2022-01-08,2143,241,,6,5,3,0902,0,0,0,,0,EAST,"PIONEER TRL","KELLER RD",0.00,,Y,A,-,N,,,,,,,,,,Y,2,0,1,2,A,-,08,22107,,N,A,C,A,A,H,-,C,D,0,,,,,Y,Y,D,22,1,0,0,0,0,0,0,0,0,"- ","- ",38.946651458740234,-119.94914245605469,"EL DORADO","SOUTH LAKE TAHOE",-119.94956970214844,38.946689605712891
81678840,2022,2022-01-17,0902,2022-01-10,0540,232,,1,5,3,0902,0,0,0,,0,WEST,"13TH ST","ROGER AVE",0.00,,Y,A,-,N,,,,,,,,,,Y,4,0,1,2,A,-,12,22450,A,N,D,C,A,C,G,-,D,A,0,,,,,Y,,D,22,0,0,1,0,0,0,0,0,0,"- ","- ",38.919940948486328,-120.01747894287109,"EL DORADO","SOUTH LAKE TAHOE",-120.01746368408203,38.920066833496094
81680393,2022,2022-01-19,0902,2022-01-16,1747,240,,7,5,3,0902,0,0,0,,0,WEST,"SOUTH AVE","4TH ST",160.00,W,N,B,-,N,,,,,,,,,,N,3,0,1,2,A,-,02,22400,A,N,D,G,A,A,H,-,D,A,0,,Y,,,Y,Y,L,04,0,1,0,0,0,0,1,0,0,"- ","- ",38.912418365478516,-119.99854278564453,"EL DORADO","SOUTH LAKE TAHOE",-119.99916839599609,38.912342071533203
81685166,2022,2022-01-26,0902,2022-01-22,2223,240,,6,5,3,0902,0,0,0,,0,EAST,"SONORA AVE","LARCH AVE",0.00,,Y,B,-,N,,,,,,,,,,N,4,0,1,2,A,-,09,21802,A,N,D,C,A,A,H,-,D,A,0,,,,,Y,,A,07,0,0,1,0,0,0,0,0,0,"- ","- ",38.945831298828125,-119.95276641845703,"EL DORADO","SOUTH LAKE TAHOE",-119.95278930664062,38.945762634277344
81697374,2022,2022-02-10,0902,2022-02-07,1533,248,,1,5,3,0902,0,0,0,,0,,"RENO AVE","PALMIRA AVE",7.00,E,N,A,-,N,,,,,,,,,,Y,4,0,2,2,A,-,01,23152,A,N,D,C,A,B,H,-,A,A,0,,,,Y,Y,Y,A,01,0,0,2,0,0,0,0,0,0,"- ","- ",38.92578125,-119.98432922363281,"EL DORADO","SOUTH LAKE TAHOE",-119.98432159423828,38.925796508789062
81702593,2022,2022-02-17,0902,2022-02-15,0814,241,,2,5,3,0902,0,0,0,,0,WEST,"TAHOE KEYS BLVD","LAKE TAHOE BLVD",55.00,N,N,B,D,N,,,,,,,,,,N,4,0,1,2,A,-,03,22350,,N,C,C,A,C,H,-,A,A,0,,,,,Y,,A,07,0,0,1,0,0,0,0,0,0,"- ","- ",38.918880462646484,-119.99636840820312,"EL DORADO","SOUTH LAKE TAHOE",-119.99624633789062,38.918861389160156
81706406,2022,2022-02-23,0902,2022-02-20,2247,240,,7,5,3,0902,0,0,0,,0,WEST,"LAKE TAHOE BLVD","3RD ST",75.00,E,N,B,G,Y,ED,,50,,,75.827,H,,L,N,3,0,1,2,A,-,11,21954,A,N,G,B,D,A,H,-,C,A,0,Y,,,,Y,Y,N,60,0,1,0,0,1,0,0,0,0,"- ","- ",38.916938781738281,-119.99918365478516,"EL DORADO","SOUTH LAKE TAHOE",-119.99911499023438,38.916885375976562
81714880,2022,2022-03-04,0902,2022-03-01,1220,232,,2,5,3,0902,0,0,0,,0,EAST,"LAKE PKWY","HEAVENLY VILLAGE WAY",190.00,E,N,A,-,N,,,,,,,,,,Y,3,0,1,3,A,-,07,21658,A,F,B,E,E,A,H,-,A,D,0,Y,,,,Y,,A,07,0,1,0,0,1,0,0,0,0,"- ","- ",38.954730987548828,-119.94048309326172,"EL DORADO","SOUTH LAKE TAHOE",-119.94050598144531,38.954624176025391
81729510,2022,2022-03-23,0902,2022-03-13,1755,249,,7,5,3,0902,0,0,0,,0,MID,"STOCKTON AVE","CHRIS AVE",0.00,,Y,A,-,N,,,,,,,,,,N,2,0,1,2,A,-,09,21802,A,N,D,C,A,A,H,-,A,A,0,,,Y,,Y,,A,01,1,0,0,0,0,0,0,0,1,"- ","- ",38.923458099365234,-119.98635864257812,"EL DORADO","SOUTH LAKE TAHOE",-119.98655700683594,38.923488616943359
81729513,2022,2022-03-23,0902,2022-03-15,1139,239,,2,5,3,0902,0,0,0,,0,,"LAKE TAHOE BLVD","RIVER DR",100.00,E,N,A,-,Y,,,,,,,,,,N,3,0,4,3,A,-,08,22107,,N,A,C,A,B,H,-,A,D,0,,,,,Y,,D,22,0,2,2,0,0,0,0,0,0,"- ","- ",38.923110961914062,-119.99038696289062,"EL DORADO","SOUTH LAKE TAHOE",-119.98983764648438,38.922931671142578
81735682,2022,2022-03-29,0902,2022-03-20,2013,240,,7,5,3,0902,0,0,0,,0,EAST,"MANZANITA AVE","FRIDAY AVE",0.00,,Y,A,-,N,,,,,,,,,,N,3,0,1,1,C,-,18,,,N,H,A,A,A,H,-,C,A,0,,,,,Y,,-,"- ",0,1,0,0,0,0,0,0,0,"- ","- ",38.957241058349609,-119.94596862792969,"EL DORADO","SOUTH LAKE TAHOE",-119.9462890625,38.957427978515625
81739721,2022,2022-04-04,0902,2022-03-19,2322,244,,6,5,3,0902,0,0,0,,0,MID,"LAKE TAHOE BLVD","SILVER DOLLAR AVE",100.00,E,N,A,-,Y,ED,,50,,,76.677,H,,L,Y,2,0,1,2,A,-,01,23152,A,N,E,C,A,A,H,-,C,D,0,,,,Y,Y,Y,F,26,1,0,0,0,0,0,0,0,0,"- ","- ",38.924850463867188,-119.98709106445312,"EL DORADO","SOUTH LAKE TAHOE",-119.98707580566406,38.924839019775391
81748613,2022,2022-04-15,0902,2022-04-12,1307,239,,2,5,3,0902,0,0,0,,0,,"LAKE TAHOE BLVD","TRUCKEE DR",50.00,E,N,A,-,Y,ED,,50,,,76.166,H,,L,Y,3,0,3,2,A,-,09,21804,A,N,D,C,A,B,H,-,A,D,0,,,,,Y,,A,07,0,2,1,0,0,0,0,0,0,"- ","- ",38.920169830322266,-119.99439239501953,"EL DORADO","SOUTH LAKE TAHOE",-119.99428558349609,38.920070648193359
81754072,2022,2022-04-22,0902,2022-04-19,0728,241,,2,5,3,0902,0,0,0,,0,WEST,"TAHOE KEYS BLVD","OREGON AVE",14.00,N,N,D,-,N,,,,,,,,,,Y,4,0,1,1,A,-,08,22107,,N,E,I,A,B,H,-,A,D,0,,,,,Y,,A,07,0,0,1,0,0,0,0,0,0,"- ","- ",38.92156982421875,-119.99913024902344,"EL DORADO","SOUTH LAKE TAHOE",-119.99921417236328,38.921638488769531
81758322,2021,2022-04-28,0902,2021-03-21,1628,182,,7,5,3,0902,0,0,0,,0,EAST,"LAKE TAHOE BLVD","LAKEVIEW AVE",0.00,,Y,A,-,Y,,,,,,,,,,N,3,0,1,2,A,-,03,22350,,N,C,C,A,A,H,-,A,A,0,,,Y,,Y,,C,02,0,1,0,0,0,0,0,0,1,"- ","- ",,,"EL DORADO","SOUTH LAKE TAHOE",-119.97625732421875,38.944179534912109
81758340,2021,2022-04-28,0902,2021-12-30,1552,234,,4,5,3,0902,0,0,0,,0,MID,"LAKE TAHOE BLVD","CARSON AVE",200.00,E,N,B,-,Y,,,,,,,,,,Y,3,0,1,1,A,-,08,22107,,N,F,A,A,C,B,-,A,D,0,,,,,Y,,A,01,0,1,0,0,0,0,0,0,0,"- ","- ",38.927101135253906,-119.98381042480469,"EL DORADO","SOUTH LAKE TAHOE",-119.98355865478516,38.926982879638672
81762785,2022,2022-05-03,0902,2022-04-09,2139,240,,6,5,3,0902,0,0,0,,0,EAST,"LAKE TAHOE BLVD","SKI RUN BLVD",412.00,E,N,A,-,Y,ED,,50,,,79.288,H,,R,Y,2,0,1,2,A,-,11,21954,A,N,G,B,D,A,H,-,D,D,0,Y,,,,Y,Y,N,60,1,0,0,0,1,0,0,0,0,"- ","- ",38.948539733886719,-119.95761108398438,"EL DORADO","SOUTH LAKE TAHOE",-119.95758056640625,38.948501586914062
81762786,2022,2022-05-03,0902,2022-04-28,0122,186,0902,4,5,3,0902,0,0,0,,0,EAST,"GLENWOOD WAY","JANET DR",342.00,S,N,A,-,N,,,,,,,,,,Y,2,0,3,1,A,-,01,23152,A,N,E,J,A,A,H,-,C,D,0,,,,,Y,Y,A,07,2,0,1,0,0,0,0,0,0,"- ","- ",38.928890228271484,-119.96096038818359,"EL DORADO","SOUTH LAKE TAHOE",-119.96022796630859,38.928524017333984
81762787,2022,2022-05-03,0902,2022-04-30,1954,244,,6,5,3,0902,0,0,0,,0,WEST,"LAKE TAHOE BLVD","WINNEMUCCA AVE",0.00,,Y,A,-,Y,ED,,50,,,76.131,H,,L,Y,4,0,1,2,A,-,09,21801,A,N,A,C,A,A,H,-,B,D,0,,,,,Y,,A,01,0,0,1,0,0,0,0,0,0,"- ","- ",38.919929504394531,-119.99498748779297,"EL DORADO","SOUTH LAKE TAHOE",-119.99478149414062,38.91973876953125
81769244,2022,2022-05-11,0902,2022-05-03,1630,239,,2,5,3,0902,0,0,0,,0,,"MARTIN AVE","ALMA AVE",0.00,,Y,A,-,N,,,,,,,,,,N,4,0,2,2,A,-,12,22450,A,N,D,C,A,A,H,-,A,A,0,,,,,Y,,A,01,0,0,2,0,0,0,0,0,0,"- ","- ",38.922988891601562,-119.9769287109375,"EL DORADO","SOUTH LAKE TAHOE",-119.97692108154297,38.922946929931641
8177281,2016,2016-12-01,0901,2016-11-20,1201,307,0901,7,5,2,0901,0,0,0,,0,PP2,"WILTSE RD","BROADWAY DR",89.00,S,N,C,-,N,,,,,,,,,,N,4,0,1,2,A,-,09,21804,A,N,D,G,A,B,H,-,A,D,0,,Y,,,Y,Y,L,04,0,0,1,0,0,0,1,0,0,"- ","- ",,,"EL DORADO",PLACERVILLE,-120.77983236999999,38.731859849999999
81783689,2022,2022-05-30,0902,2022-05-10,1900,186,0902,2,5,3,0902,0,0,0,,0,WEST,"LAKE TAHOE BLVD","TRUCKEE DR",540.00,E,N,D,-,Y,ED,,50,,,76.166,H,,L,N,4,0,1,3,A,-,03,22350,,N,A,C,A,C,H,-,B,D,0,,,,,Y,,D,22,0,0,1,0,0,0,0,0,0,"- ","- ",38.920169830322266,-119.99439239501953,"EL DORADO","SOUTH LAKE TAHOE",-119.99428558349609,38.920070648193359
81786401,2022,2022-06-02,0902,2022-05-29,1423,248,,7,5,3,0902,0,0,0,,0,,"LAKE TAHOE BLVD","PIONEER TRL",90.00,W,N,A,-,Y,,,,,,,,,,N,4,0,1,2,A,-,01,23152,A,N,C,C,A,A,H,-,A,D,0,,,,,Y,Y,D,22,0,0,1,0,0,0,0,0,0,"- ","- ",38.953800201416016,-119.94564819335938,"EL DORADO","SOUTH LAKE TAHOE",-119.94646453857422,38.953624725341797
81787439,2022,2022-06-03,0902,2022-05-30,1817,228,,1,5,3,0902,0,0,0,,0,,"LAKE TAHOE BLVD","PARK AVE",24.00,E,N,A,-,Y,ED,,50,,,80.139,H,,R,N,4,0,1,2,A,-,03,22350,,N,C,C,A,A,H,-,A,A,0,,,Y,,Y,,C,02,0,0,1,0,0,0,0,0,0,"- ","- ",38.955341339111328,-119.94463348388672,"EL DORADO","SOUTH LAKE TAHOE",-119.94461822509766,38.955333709716797
81789548,2022,2022-06-07,0902,2022-06-03,2316,247,,5,5,3,0902,0,0,0,,0,MID,"LAKE TAHOE BLVD","STOCKTON AVE",60.00,E,N,A,-,Y,,,,,,,,,,N,2,0,1,2,A,-,08,22107,,N,D,G,A,A,H,-,C,D,0,,Y,,,Y,Y,L,04,1,0,0,0,0,0,1,0,0,"- ","- ",38.924789428710938,-119.98795318603516,"EL DORADO","SOUTH LAKE TAHOE",-119.98741149902344,38.924526214599609
81792271,2022,2022-06-10,0902,2022-05-24,1948,186,0902,2,5,3,0902,0,0,0,,0,WEST,"LAKE TAHOE BLVD","TRUCKEE DR",0.00,,Y,A,-,Y,ED,,50,,,76.161,H,,L,Y,4,0,1,2,A,-,09,21801,A,N,A,C,A,A,H,-,B,D,0,,,,Y,Y,,F,26,0,0,1,0,0,0,0,0,0,"- ","- ",38.920219421386719,-119.99456787109375,"EL DORADO","SOUTH LAKE TAHOE",-119.99435424804688,38.920024871826172
81794447,2022,2022-06-14,0902,2022-06-10,1310,248,,5,5,3,0902,0,0,0,,0,,"ELOISE AVE","3RD ST",375.00,W,N,A,-,N,,,,,,,,,,N,3,0,1,2,A,-,08,22107,,F,B,G,A,A,H,-,A,D,0,,Y,,Y,Y,Y,F,27,0,1,0,0,0,0,1,0,0,"- ","- ",38.918018341064453,-120.00041198730469,"EL DORADO","SOUTH LAKE TAHOE",-120.00119018554688,38.917263031005859
81794448,2022,2022-06-14,0902,2022-06-11,1137,227,,6,5,3,0902,0,0,0,,0,,"LAKE TAHOE BLVD","SIERRA BLVD",50.00,E,N,A,-,Y,ED,,50,,,76.740,H,,L,Y,4,0,1,2,A,-,03,22350,,N,C,C,A,A,H,-,A,D,0,,,,,Y,,A,01,0,0,1,0,0,0,0,0,0,"- ","- ",38.925449371337891,-119.98622131347656,"EL DORADO","SOUTH LAKE TAHOE",-119.98619842529297,38.925426483154297
81794449,2022,2022-06-14,0902,2022-06-11,2124,240,,6,5,3,0902,0,0,0,,0,EAST,"PIONEER TRL","MIDWAY RD",70.00,E,N,A,-,N,,,,,,,,,,N,3,0,1,2,A,-,06,21751,,N,B,C,A,A,H,-,C,A,0,,,Y,,Y,Y,C,02,0,1,0,0,0,0,0,0,1,"- ","- ",38.952301025390625,-119.94835662841797,"EL DORADO","SOUTH LAKE TAHOE",-119.94747924804688,38.951484680175781
81800508,2022,2022-06-22,0902,2022-06-18,1628,246,,6,5,3,0902,0,0,0,,0,,"3RD ST","ELOISE AVE",0.00,,Y,A,-,N,,,,,,,,,,N,3,0,1,2,A,-,12,22450,A,N,D,G,A,A,H,-,A,A,0,,Y,,,Y,,L,04,0,1,0,0,0,0,1,0,0,"- ","- ",38.91796875,-120.00022888183594,"EL DORADO","SOUTH LAKE TAHOE",-120.00019073486328,38.917926788330078
81800510,2022,2022-06-22,0902,2022-06-17,1833,240,,5,5,3,0902,0,0,0,,0,MID,"LAKE TAHOE BLVD","LAKEVIEW AVE",0.00,,Y,A,-,Y,ED,,50,,,78.199,H,,L,N,4,0,1,2,A,-,10,21950,C,N,G,B,B,A,H,-,A,A,0,Y,,,,Y,,A,07,0,0,1,0,1,0,0,0,0,"- ","- ",38.944080352783203,-119.97650909423828,"EL DORADO","SOUTH LAKE TAHOE",-119.97652435302734,38.944087982177734
81805476,2022,2022-06-29,0902,2022-06-23,1239,246,,4,5,3,0902,0,0,0,,0,,"LAKE TAHOE BLVD","LOS ANGELES AVE",75.00,E,N,A,-,Y,ED,,50,,,77.860,H,,L,Y,4,0,1,3,A,-,03,22350,,N,C,C,A,A,H,-,A,D,0,,,,,Y,,D,22,0,0,1,0,0,0,0,0,0,"- ","- ",38.939239501953125,-119.97740936279297,"EL DORADO","SOUTH LAKE TAHOE",-119.97733306884766,38.939239501953125
81806431,2022,2022-06-30,0902,2022-06-13,1340,250,,1,5,3,0902,0,0,0,,0,MID,"LAKE TAHOE BLVD","STOCKTON AVE",100.00,E,N,A,-,Y,ED,,50,,,76.642,H,,L,Y,4,0,2,3,A,-,03,22350,,N,C,C,A,A,H,-,A,D,0,,,,,Y,,A,01,0,0,2,0,0,0,0,0,0,"- ","- ",38.924518585205078,-119.98757171630859,"EL DORADO","SOUTH LAKE TAHOE",-119.98756408691406,38.924514770507812
81809644,2022,2022-07-04,0902,2022-07-02,1430,182,,6,5,3,0902,0,0,0,,0,WEST,"LAKE TAHOE BLVD","TRUCKEE DR",265.00,E,N,B,-,Y,ED,,50,,,76.166,H,,L,Y,3,0,7,2,A,-,09,21804,A,N,D,C,A,A,H,-,A,D,0,,,,,Y,,A,08,0,6,1,0,0,0,0,0,0,"- ","- ",38.920169830322266,-119.99439239501953,"EL DORADO","SOUTH LAKE TAHOE",-119.99428558349609,38.920070648193359
81811730,2022,2022-07-07,0902,2022-07-05,0650,232,,2,5,3,0902,0,0,0,,0,EAST,"MODESTO AVE","NEVADA AVE",0.00,,Y,A,-,N,,,,,,,,,,N,4,0,1,2,A,-,09,21803,A,N,D,C,A,A,H,-,A,A,0,,,,,Y,,A,01,0,0,1,0,0,0,0,0,0,"- ","- ",38.939350128173828,-119.98455047607422,"EL DORADO","SOUTH LAKE TAHOE",-119.98461151123047,38.939346313476562
81812531,2022,2022-07-08,0902,2022-07-04,1442,228,,1,5,3,0902,0,0,0,,0,,"LAKE TAHOE BLVD","4TH ST",820.00,W,N,A,-,Y,ED,,50,,,75.760,H,,L,Y,4,0,2,3,A,-,08,22107,,N,B,C,A,A,H,-,A,D,0,,,,Y,Y,,F,26,0,0,2,0,0,0,0,0,0,"- ","- ",38.916328430175781,-120.00006103515625,"EL DORADO","SOUTH LAKE TAHOE",-120.00001525878906,38.916290283203125
81815659,2022,2022-07-13,0902,2022-07-08,1531,182,,5,5,3,0902,0,0,0,,0,EAST,"LAKE TAHOE BLVD","PARK AVE",250.00,W,N,A,-,Y,,,,,,,,,,Y,4,0,1,2,A,-,09,21804,A,N,D,C,A,A,H,-,A,D,0,,,,,Y,,A,01,0,0,1,0,0,0,0,0,0,"- ","- ",,,"EL DORADO","SOUTH LAKE TAHOE",-119.94510650634766,38.95477294921875
81816653,2022,2022-07-14,0902,2022-07-09,0851,246,,6,5,3,0902,0,0,0,,0,,"LAKE TAHOE BLVD","LAKEVIEW AVE",15.00,E,N,A,-,Y,ED,,50,,,78.199,H,,L,Y,4,0,1,2,A,-,03,22350,,N,C,C,A,A,H,-,A,A,0,,,,,Y,,A,07,0,0,1,0,0,0,0,0,0,"- ","- ",38.944080352783203,-119.97650909423828,"EL DORADO","SOUTH LAKE TAHOE",-119.97652435302734,38.944087982177734
81818529,2022,2022-07-18,0902,2022-07-12,1618,239,,2,5,3,0902,0,0,0,,0,,"LAKE TAHOE BLVD","WILDWOOD AVE",500.00,W,N,A,-,Y,ED,,50,,,79.537,H,,R,N,4,0,2,3,A,-,03,22350,,N,C,C,A,A,H,-,A,A,0,,,,,Y,,A,01,0,0,2,0,0,0,0,0,0,"- ","- ",38.950340270996094,-119.95362854003906,"EL DORADO","SOUTH LAKE TAHOE",-119.95359802246094,38.950302124023438
81822748,2022,2022-07-22,0902,2022-07-12,1832,201,,2,5,3,0902,0,0,0,,0,MID,"LAKE TAHOE BLVD","JOHNSON BLVD",12.00,E,N,A,-,N,,,,,,,,,,N,4,0,1,2,A,-,03,22350,,N,C,C,A,A,H,-,A,D,0,,,,,Y,,A,07,0,0,1,0,0,0,0,0,0,"- ","- ",38.945789337158203,-119.96634674072266,"EL DORADO","SOUTH LAKE TAHOE",-119.96649169921875,38.945606231689453
81822750,2022,2022-07-22,0902,2022-07-17,1211,248,,7,5,3,0902,0,0,0,,0,,"LAKE TAHOE BLVD","4TH ST",445.00,W,N,A,-,Y,ED,,50,,,75.760,H,,L,Y,3,0,5,2,A,-,03,22350,,N,C,C,A,A,H,-,A,D,0,,,,,Y,,D,72,0,2,3,0,0,0,0,0,0,"- ","- ",38.916328430175781,-120.00006103515625,"EL DORADO","SOUTH LAKE TAHOE",-120.00001525878906,38.916290283203125
81824695,2022,2022-07-26,0902,2022-07-13,1315,232,,3,5,3,0902,0,0,0,,0,WEST,"EMERALD BAY RD","5TH ST",289.00,N,N,A,-,Y,ED,,89,,,8.749,H,,L,Y,3,0,1,3,A,-,03,22350,,N,C,C,A,A,H,-,A,D,0,,,,,Y,,A,07,0,1,0,0,0,0,0,0,0,"- ","- ",38.915458679199219,-120.00708770751953,"EL DORADO","SOUTH LAKE TAHOE",-120.00702667236328,38.915512084960938
81824697,2022,2022-07-26,0902,2022-07-15,1028,248,,5,5,3,0902,0,0,0,,0,,"LAKE TAHOE BLVD","SILVER DOLLAR AVE",0.00,,Y,A,-,Y,ED,,50,,,76.677,H,,L,Y,4,0,1,2,A,-,09,21801,A,N,D,C,A,A,H,-,A,D,0,,,,,Y,,A,01,0,0,1,0,0,0,0,0,0,"- ","- ",38.924850463867188,-119.98709106445312,"EL DORADO","SOUTH LAKE TAHOE",-119.98707580566406,38.924839019775391
81825710,2022,2022-07-27,0902,2022-07-21,1328,232,,4,5,3,0902,0,0,0,,0,WEST,"LAKE TAHOE BLVD","STOCKTON AVE",0.00,,Y,A,-,Y,,,,,,,,,,N,3,0,1,2,A,-,09,21801,A,N,B,G,A,A,H,-,A,A,0,,Y,,,Y,,A,01,0,1,0,0,0,0,1,0,0,"- ","- ",38.924789428710938,-119.98795318603516,"EL DORADO","SOUTH LAKE TAHOE",-119.98757171630859,38.924423217773438
81833625,2022,2022-08-05,0902,2022-07-28,2056,247,,4,5,3,0902,0,0,0,,0,MID,"TALLAC AVE","HARRISON AVE",0.00,,Y,A,-,Y,ED,,50,,,78.034,H,,L,N,3,0,2,3,A,-,10,21950,A,F,G,B,B,A,H,-,B,A,0,Y,,,,Y,Y,D,22,0,2,0,0,2,0,0,0,0,"- ","- ",38.941688537597656,-119.97744750976562,"EL DORADO","SOUTH LAKE TAHOE",-119.97731781005859,38.941688537597656
81835745,2022,2022-08-09,0902,2022-08-04,1614,209,,4,5,3,0902,0,0,0,,0,,"LAKE TAHOE BLVD","BAL BIJOU RD",0.00,,Y,A,-,Y,,,,,,,,,,N,3,0,1,2,A,-,08,22107,,N,D,C,A,A,H,-,A,A,0,,,Y,,Y,,A,01,0,1,0,0,0,0,0,0,1,"- ","- ",38.946380615234375,-119.96662902832031,"EL DORADO","SOUTH LAKE TAHOE",-119.9656982421875,38.945770263671875