CASE_ID,ACCIDENT_YEAR,PROC_DATE,JURIS,COLLISION_DATE,COLLISION_TIME,OFFICER_ID,REPORTING_DISTRICT,DAY_OF_WEEK,CHP_SHIFT,POPULATION,CNTY_CITY_LOC,SPECIAL_COND,BEAT_TYPE,CHP_BEAT_TYPE,CITY_DIVISION_LAPD,CHP_BEAT_CLASS,BEAT_NUMBER,PRIMARY_RD,SECONDARY_RD,DISTANCE,DIRECTION,INTERSECTION,WEATHER_1,WEATHER_2,STATE_HWY_IND,CALTRANS_COUNTY,CALTRANS_DISTRICT,STATE_ROUTE,ROUTE_SUFFIX,POSTMILE_PREFIX,POSTMILE,LOCATION_TYPE,RAMP_INTERSECTION,SIDE_OF_HWY,TOW_AWAY,COLLISION_SEVERITY,NUMBER_KILLED,NUMBER_INJURED,PARTY_COUNT,PRIMARY_COLL_FACTOR,PCF_CODE_OF_VIOL,PCF_VIOL_CATEGORY,PCF_VIOLATION,PCF_VIOL_SUBSECTION,HIT_AND_RUN,TYPE_OF_COLLISION,MVIW,PED_ACTION,ROAD_SURFACE,ROAD_COND_1,ROAD_COND_2,LIGHTING,CONTROL_DEVICE,CHP_ROAD_TYPE,PEDESTRIAN_ACCIDENT,BICYCLE_ACCIDENT,MOTORCYCLE_ACCIDENT,TRUCK_ACCIDENT,NOT_PRIVATE_PROPERTY,ALCOHOL_INVOLVED,STWD_VEHTYPE_AT_FAULT,CHP_VEHTYPE_AT_FAULT,COUNT_SEVERE_INJ,COUNT_VISIBLE_INJ,COUNT_COMPLAINT_PAIN,COUNT_PED_KILLED,COUNT_PED_INJURED,COUNT_BICYCLIST_KILLED,COUNT_BICYCLIST_INJURED,COUNT_MC_KILLED,COUNT_MC_INJURED,PRIMARY_RAMP,SECONDARY_RAMP,LATITUDE,LONGITUDE,COUNTY,CITY,POINT_X,POINT_Y
82318829,2024,2024-02-21,0902,2024-02-11,2238,249,,7,5,3,0902,0,0,0,,0,EAST,"KELLER RD","PIONEER TRL",0.00,,Y,A,-,N,,,,,,,,,,Y,4,0,1,2,A,-,01,23152,A,F,A,C,A,A,H,-,C,A,0,,,,,Y,Y,A,01,0,0,1,0,0,0,0,0,0,"- ","- ",38.946651458740234,-119.94914245605469,"EL DORADO","SOUTH LAKE TAHOE",-119.94956970214844,38.946689605712891
82318834,2024,2024-02-21,0902,2024-02-18,2154,247,,7,5,3,0902,0,0,0,,0,,"WILDWOOD AVE","FOREST AVE",0.00,,Y,A,-,Y,,,,,,,,,,Y,4,0,1,2,A,-,12,22450,A,N,D,C,A,A,H,-,D,A,0,,,,,Y,,D,22,0,0,1,0,0,0,0,0,0,"- ","- ",38.948390960693359,-119.95213317871094,"EL DORADO","SOUTH LAKE TAHOE",-119.95210266113281,38.948417663574219
82364939,2024,2024-04-16,0902,2024-04-06,1137,227,,6,5,3,0902,0,0,0,,0,WEST,"LAKE TAHOE BLVD","SIERRA BLVD",6.00,N,N,A,-,Y,ED,,50," "," ",76.740,H,,L,N,3,0,1,2,A,-,01,23152,A,N,C,C,A,A,H,-,A,A,0,,,,,Y,Y,A,07,0,1,0,0,0,0,0,0,0,"- ","- ",38.925449371337891,-119.98622131347656,"EL DORADO","SOUTH LAKE TAHOE",-119.98619842529297,38.925426483154297
82369260,2024,2024-04-22,0902,2024-04-13,1350,248,,6,5,3,0902,0,0,0,,0,MID,"LAKE TAHOE BLVD","BLUE LAKE AVE",200.00,E,N,B,-,Y,,,,,,,,,,Y,3,0,1,2,C,-,18,,,N,B,C,A,A,H,-,A,D,0,,,,,Y,,-,"- ",0,1,0,0,0,0,0,0,0,"- ","- ",38.93096923828125,-119.98004913330078,"EL DORADO","SOUTH LAKE TAHOE",-119.97940826416016,38.931015014648438
82379031,2024,2024-05-01,0902,2024-04-25,1319,246,,4,5,3,0902,0,0,0,,0,WEST,"EMERALD BAY RD","B ST",0.00,,Y,A,-,Y,ED,,50," "," ",75.237,H,,R,Y,4,0,1,2,A,-,09,21802,A,N,D,C,A,A,H,-,A,A,0,,,,,Y,,A,01,0,0,1,0,0,0,0,0,0,"- ","- ",38.910709381103516,-120.0029296875,"EL DORADO","SOUTH LAKE TAHOE",-120.00306701660156,38.910655975341797
82384433,2024,2024-05-08,0902,2024-04-29,1543,235,,1,5,3,0902,0,0,0,,0,WEST,"LAKE TAHOE BLVD","JULIE LN",50.00,E,N,A,-,Y,,,,,,,,,,N,3,0,1,2,A,-,03,22350,,N,C,C,A,A,H,-,A,D,0,,,Y,,Y,,C,02,0,1,0,0,0,0,0,0,1,"- ","- ",38.910358428955078,-120.01016998291016,"EL DORADO","SOUTH LAKE TAHOE",-120.01014709472656,38.910526275634766
82384435,2024,2024-05-08,0902,2024-05-03,2257,247,,5,5,3,0902,0,0,0,,0,WEST,"HELEN AVE","3RD ST",100.00,E,N,A,-,Y,,,,,,,,,,Y,4,0,1,1,A,-,01,23152,A,N,E,I,A,A,H,-,D,D,0,,,,,Y,Y,A,01,0,0,1,0,0,0,0,0,0,"- ","- ",38.916400909423828,-119.99668884277344,"EL DORADO","SOUTH LAKE TAHOE",-119.99669647216797,38.916450500488281
82393146,2024,2024-05-20,0902,2024-04-16,1913,251,,2,5,3,0902,0,0,0,,0,EAST,"LAKE TAHOE BLVD","RUFUS ALLEN BLVD",0.00,,Y,A,-,Y,ED,,50," "," ",78.422,H,,R,Y,4,0,1,2,A,-,03,22350,,N,D,C,A,A,H,-,A,A,0,,,,,Y,,A,07,0,0,1,0,0,0,0,0,0,"- ","- ",38.945400238037109,-119.97286987304688,"EL DORADO","SOUTH LAKE TAHOE",-119.97286224365234,38.945381164550781
82403603,2024,2024-06-03,0902,2024-05-22,1152,200,,3,5,3,0902,0,0,0,,0,EAST,"LAKE TAHOE BLVD","STAR LAKE AVE",50.00,W,N,A,-,Y,,,,,,,,,,Y,4,0,1,2,A,-,03,22350,,N,C,C,A,A,H,-,A,D,0,,,,Y,Y,,A,01,0,0,1,0,0,0,0,0,0,"- ","- ",,,"EL DORADO","SOUTH LAKE TAHOE",-119.97725677490234,38.936691284179688
82413523,2024,2024-06-13,0902,2024-05-29,1217,235,,3,5,3,0902,0,0,0,,0,EAST,"LAKE TAHOE BLVD","SKI RUN BLVD",50.00,E,N,A,-,Y,ED,,50," "," ",79.288,H,,R,N,3,0,1,2,A,-,03,22350,,N,B,C,A,A,H,-,A,D,0,,,Y,,Y,,C,02,0,1,0,0,0,0,0,0,1,"- ","- ",38.948539733886719,-119.95761108398438,"EL DORADO","SOUTH LAKE TAHOE",-119.95758056640625,38.948501586914062
82416768,2024,2024-07-02,0902,2024-06-09,1659,248,,7,5,3,0902,0,0,0,,0,,"EMERALD BAY RD","11TH ST",0.00,,Y,A,-,Y,ED,,89," "," ",9.210,H,,L,Y,3,0,3,2,A,-,09,21804,A,N,D,C,A,A,H,-,A,A,0,,,Y,,Y,,A,07,0,2,1,0,0,0,0,0,2,"- ","- ",38.919551849365234,-120.01371002197266,"EL DORADO","SOUTH LAKE TAHOE",-120.01358795166016,38.919643402099609
82416769,2024,2024-06-18,0902,2024-06-11,1636,237,,2,5,3,0902,0,0,0,,0,WEST,"EMERALD BAY RD","B ST",0.00,,Y,A,-,N,,,,,,,,,,N,2,0,1,2,A,-,05,21202,A,N,A,G,A,A,H,-,A,A,0,,Y,,,Y,Y,L,04,1,0,0,0,0,0,1,0,0,"- ","- ",38.910530090332031,-120.00302124023438,"EL DORADO","SOUTH LAKE TAHOE",-120.00306701660156,38.910610198974609
82418948,2024,2024-06-20,0902,2024-06-12,"921 ",235,,3,5,3,0902,0,0,0,,0,,"SACRAMENTO AVE","ALAMEDA AVE",0.00,,Y,A,-,N,,,,,,,,,,N,3,0,1,2,A,-,12,22450,A,N,E,J,A,A,H,-,A,A,0,,,Y,,Y,,C,03,0,1,0,0,0,0,0,0,1,"- ","- ",38.941989898681641,-119.98407745361328,"EL DORADO","SOUTH LAKE TAHOE",-119.98341369628906,38.941738128662109
82420765,2024,2024-06-24,0902,2024-06-11,1213,200,,2,5,3,0902,0,0,0,,0,EAST,"BAL BIJOU RD","LAKE TAHOE BLVD",0.00,,Y,A,-,Y,,,,,,,,,,N,3,0,1,2,A,-,12,22450,A,F,H,G,A,A,H,-,A,A,0,,Y,,,Y,,A,01,0,1,0,0,0,0,1,0,0,"- ","- ",38.946380615234375,-119.96662902832031,"EL DORADO","SOUTH LAKE TAHOE",-119.9656982421875,38.945770263671875
82422440,2024,2024-06-25,0902,2024-06-19,1354,228,,3,5,3,0902,0,0,0,,0,EAST,"LAKE TAHOE BLVD","PARK AVE",101.00,E,N,A,-,Y,ED,,50," "," ",80.139,H,,R,N,3,0,1,2,A,-,09,21801,A,N,D,C,A,A,H,-,A,D,0,,,Y,,Y,,A,07,0,1,0,0,0,0,0,0,1,"- ","- ",38.955341339111328,-119.94463348388672,"EL DORADO","SOUTH LAKE TAHOE",-119.94461822509766,38.955333709716797
82422444,2024,2024-06-25,0902,2024-06-21,1241,248,,5,5,3,0902,0,0,0,,0,WEST,"EMERALD BAY RD","7TH ST",28.00,S,N,A,-,Y,ED,,89," "," ",8.913,H,,L,N,3,0,1,2,A,-,09,21804,A,N,D,G,A,A,H,-,A,D,0,,Y,,,Y,,M,91,0,1,0,0,0,0,1,0,0,"- ","- ",38.916950225830078,-120.00939178466797,"EL DORADO","SOUTH LAKE TAHOE",-120.00942993164062,38.916904449462891
82428012,2024,2024-07-02,0902,2024-06-23,1500,252,,7,5,3,0902,0,0,0,,0,WEST,"LAKE TAHOE BLVD","RUBICON TRL",46.00,W,N,A,-,Y,ED,,50," "," ",76.912,H,,L,N,4,0,1,2,A,-,05,21202,A,F,D,G,A,A,H,-,A,D,0,,Y,,,Y,,L,04,0,0,1,0,0,0,1,0,0,"- ","- ",38.927101135253906,-119.98381042480469,"EL DORADO","SOUTH LAKE TAHOE",-119.9837646484375,38.92706298828125
82428015,2024,2024-07-02,0902,2024-06-27,1503,224,,4,5,3,0902,0,0,0,,0,EAST,"LAKE TAHOE BLVD","WILDWOOD AVE",50.00,W,N,A,-,Y,,,,,,,,,,N,4,0,2,2,A,-,03,22350,,N,C,C,A,A,H,-,A,D,0,,,,,Y,,A,01,0,0,2,0,0,0,0,0,0,"- ","- ",,,"EL DORADO","SOUTH LAKE TAHOE",-119.95365142822266,38.950313568115234
82428017,2024,2024-07-02,0902,2024-06-29,1635,239,,6,5,3,0902,0,0,0,,0,,"LAKE TAHOE BLVD","PIONEER TRL",30.00,W,N,A,-,Y,,,,,,,,,,N,3,0,1,2,A,-,09,21804,A,N,D,C,A,A,H,-,A,D,0,,,Y,,Y,,C,03,0,1,0,0,0,0,0,0,1,"- ","- ",38.954990386962891,-119.94699096679688,"EL DORADO","SOUTH LAKE TAHOE",-119.94630432128906,38.953727722167969
82435608,2024,2024-07-11,0902,2024-07-04,"842 ",224,,4,5,3,0902,0,0,0,,0,,"PIONEER TRL","AL TAHOE BLVD",300.00,W,N,A,-,N,,,,,,,,,,N,3,0,2,2,A,-,08,22107,,N,D,C,A,A,G,-,A,D,0,,,,,Y,,A,07,0,1,1,0,0,0,0,0,0,"- ","- ",38.920238494873047,-119.95778656005859,"EL DORADO","SOUTH LAKE TAHOE",-119.95806884765625,38.919281005859375
82435611,2024,2024-07-11,0902,2024-07-06,1057,248,,6,5,3,0902,0,0,0,,0,,"LAKE TAHOE BLVD","SIERRA BLVD",232.00,E,N,A,-,Y,ED,,50," "," ",76.740,H,,L,N,3,0,1,2,A,-,17,21235,G,N,D,J,A,A,H,-,A,D,0,,,,,Y,,M,94,0,1,0,0,0,0,0,0,0,"- ","- ",38.925449371337891,-119.98622131347656,"EL DORADO","SOUTH LAKE TAHOE",-119.98619842529297,38.925426483154297
82435612,2024,2024-07-11,0902,2024-07-06,1329,248,,6,5,3,0902,0,0,0,,0,,"LAKE TAHOE BLVD","FAIRWAY AVE",181.00,E,N,A,-,Y,,,,,,,,,,Y,3,0,1,2,A,-,09,21804,A,N,D,C,A,A,H,-,A,D,0,,,,,Y,,A,01,0,1,0,0,0,0,0,0,0,"- ","- ",38.946819305419922,-119.96528625488281,"EL DORADO","SOUTH LAKE TAHOE",-119.96391296386719,38.946296691894531
82435614,2024,2024-07-11,0902,2024-07-09,"738 ",216,,2,5,3,0902,0,0,0,,0,EAST,"LAKE TAHOE BLVD","SKI RUN BLVD",0.00,,Y,A,-,Y,,,,,,,,,,N,3,0,1,2,A,-,08,22107,,N,E,J,A,A,H,-,A,A,0,,,,,Y,,E,22,0,1,0,0,0,0,0,0,0,"- ","- ",38.949459075927734,-119.95845794677734,"EL DORADO","SOUTH LAKE TAHOE",-119.95757293701172,38.948562622070312
82439888,2024,2024-07-16,0902,2024-07-14,2117,252,,7,5,3,0902,0,0,0,,0,,"PIONEER TRL","SKI RUN BLVD",330.00,W,N,A,-,N,,,,,,,,,,N,4,0,2,3,A,-,03,22350,,N,C,C,A,A,H,-,D,D,0,,,,,Y,,A,01,0,0,2,0,0,0,0,0,0,"- ","- ",38.941158294677734,-119.95218658447266,"EL DORADO","SOUTH LAKE TAHOE",-119.95270538330078,38.94036865234375
82442080,2024,2024-07-18,0902,2024-07-06,1925,251,,6,5,3,0902,0,0,0,,0,EAST,"MONTREAL RD","FERN RD",0.00,,Y,A,-,N,,,,,,,,,,N,4,0,1,3,A,-,17,22109,,N,C,C,E,A,H,-,A,A,0,Y,,,,Y,,A,07,0,0,1,0,0,0,0,0,0,"- ","- ",38.952430725097656,-119.94230651855469,"EL DORADO","SOUTH LAKE TAHOE",-119.9427490234375,38.952503204345703
82442081,2024,2024-07-18,0902,2024-07-09,1626,216,,2,5,3,0902,0,0,0,,0,WEST,"TATA LN","LAKE TAHOE BLVD",110.00,N,N,A,-,N,,,,,,,,,,Y,3,0,1,1,A,-,03,22350,,N,F,A,A,A,H,-,A,D,0,,,,,Y,,D,22,0,1,0,0,0,0,0,0,0,"- ","- ",38.912059783935547,-120.00820922851562,"EL DORADO","SOUTH LAKE TAHOE",-120.00823211669922,38.912143707275391
82442082,2024,2024-07-18,0902,2024-07-10,1452,228,,3,5,3,0902,0,0,0,,0,,"LAKE TAHOE BLVD","CARSON AVE",393.00,E,N,A,-,Y,,,,,,,,,,N,4,0,1,2,A,-,08,22107,,N,B,C,A,A,D,G,A,D,0,,,,,Y,,D,22,0,0,1,0,0,0,0,0,0,"- ","- ",38.92742919921875,-119.98406219482422,"EL DORADO","SOUTH LAKE TAHOE",-119.98355865478516,38.926982879638672
82442088,2024,2024-07-18,0902,2024-07-16,2055,232,,2,5,3,0902,0,0,0,,0,WEST,"LAKE TAHOE BLVD","3RD ST",147.00,E,N,A,-,Y,ED,,50," "," ",75.827,H,,L,N,3,0,1,2,A,-,01,23152,A,N,B,C,A,A,H,-,C,D,0,,,Y,,Y,Y,D,22,0,1,0,0,0,0,0,0,1,"- ","- ",38.916938781738281,-119.99918365478516,"EL DORADO","SOUTH LAKE TAHOE",-119.99911499023438,38.916885375976562
82700036,2024,2024-07-26,0902,2024-07-23,1439,211,,2,5,3,0902,0,0,0,,0,MID,"NEVADA AVE","STANFORD AVE",0.00,,Y,A,-,N,,,,,,,,,,N,4,0,1,2,A,-,09,21800,A,N,D,C,A,A,H,-,A,D,0,,,,,Y,,A,08,0,0,1,0,0,0,0,0,0,"- ","- ",38.938129425048828,-119.98493194580078,"EL DORADO","SOUTH LAKE TAHOE",-119.98434448242188,38.937843322753906
8283842,2016,2017-04-14,0901,2016-12-04,1426,288,0901,7,5,2,0901,0,0,0,,0,PP1,"SACRAMENTO ST","MAIN ST",174.00,S,N,A,-,N,,,,,,,,,,N,2,0,4,6,D,-,00,,,N,H,E,E,A,H,-,A,B,0,Y,,,,Y,,-,"- ",1,1,2,0,4,0,0,0,0,"- ","- ",,,"EL DORADO",PLACERVILLE,-120.80289745,38.727548769999999
82877912,2024,2024-07-30,0902,2024-07-09,1246,246,,2,5,3,0902,0,0,0,,0,WEST,"LAKE TAHOE BLVD","RIVER DR",885.00,W,N,A,-,Y,ED,,50," "," ",76.468,H,,R,Y,4,0,1,2,A,-,01,23152,A,N,C,C,A,A,H,-,A,D,0,,,,,Y,Y,A,01,0,0,1,0,0,0,0,0,0,"- ","- ",38.922840118408203,-119.98999786376953,"EL DORADO","SOUTH LAKE TAHOE",-119.98995971679688,38.922805786132812
82877913,2024,2024-07-30,0902,2024-07-13,2143,251,,6,5,3,0902,0,0,0,,0,EAST,"LAKE TAHOE BLVD","JOHNSON BLVD",220.00,W,N,A,-,Y,ED,,50," "," ",78.781,H,,L,N,4,0,1,2,A,-,05,21650,,N,D,C,A,A,H,-,C,D,0,,,,,Y,,M,94,0,0,1,0,0,0,0,0,0,"- ","- ",38.945789337158203,-119.96634674072266,"EL DORADO","SOUTH LAKE TAHOE",-119.96632385253906,38.9456787109375
82877914,2024,2024-07-30,0902,2024-07-17,1614,237,,3,5,3,0902,0,0,0,,0,EAST,"LAKE TAHOE BLVD","PARK AVE",175.00,W,N,A,-,Y,ED,,50," "," ",80.139,H,,R,N,3,0,1,2,A,-,08,22107,,N,E,J,A,A,H,-,A,D,0,,,Y,,Y,,C,06,0,1,0,0,0,0,0,0,0,"- ","- ",38.955341339111328,-119.94463348388672,"EL DORADO","SOUTH LAKE TAHOE",-119.94461822509766,38.955333709716797
82877917,2024,2024-07-30,0902,2024-07-20,1057,248,,6,5,3,0902,0,0,0,,0,MID,"LAKE TAHOE BLVD","BAL BIJOU RD",88.00,W,N,A,-,Y,ED,,50," "," ",78.807,H,,R,N,4,0,1,2,A,-,09,21801,A,N,D,C,A,A,H,-,A,D,0,,,Y,,Y,,A,07,0,0,1,0,0,0,0,0,1,"- ","- ",38.945701599121094,-119.96585845947266,"EL DORADO","SOUTH LAKE TAHOE",-119.96585845947266,38.945690155029297
82877919,2024,2024-07-30,0902,2024-07-22,"900 ",200,,1,5,3,0902,0,0,0,,0,EAST,"LAKE TAHOE BLVD","TRANSIT DRIVE",0.00,,Y,A,-,Y,,,,,,,,,,Y,4,0,1,2,A,-,09,21801,A,N,D,C,A,A,H,-,A,D,0,,,,,Y,,A,01,0,0,1,0,0,0,0,0,0,"- ","- ",,,"EL DORADO","SOUTH LAKE TAHOE",-119.94267272949219,38.958282470703125
82877920,2024,2024-07-30,0902,2024-07-22,"927 ",228,,1,5,3,0902,0,0,0,,0,EAST,"LAKE TAHOE BLVD","SKI RUN BLVD",330.00,W,N,A,-,Y,ED,,50," "," ",79.288,H,,R,N,3,0,1,2,A,-,08,22107,,N,B,C,A,A,H,-,A,B,0,,,Y,,Y,,D,22,0,1,0,0,0,0,0,0,0,"- ","- ",38.948539733886719,-119.95761108398438,"EL DORADO","SOUTH LAKE TAHOE",-119.95758056640625,38.948501586914062
82877925,2024,2024-07-30,0902,2024-07-25,1059,248,,4,5,3,0902,0,0,0,,0,WEST,"EMERALD BAY RD","LAKE TAHOE BLVD",145.00,N,N,A,-,Y,ED,,50," "," ",75.443,H,,L,N,3,0,1,2,A,-,08,22107,,N,C,G,A,A,H,-,A,D,0,,Y,,,Y,,A,01,0,1,0,0,0,0,1,0,0,"- ","- ",38.913421630859375,-120.00467681884766,"EL DORADO","SOUTH LAKE TAHOE",-120.00463104248047,38.913417816162109
82996867,2024,2024-07-31,0902,2024-07-18,1830,232,,4,5,3,0902,0,0,0,,0,MID,"LAKE TAHOE BLVD","SIERRA BLVD",101.00,E,N,A,-,Y,ED,,50," "," ",76.740,H,,L,N,4,0,1,2,B,-,22,,,N,D,G,A,A,H,-,A,D,0,,Y,,,Y,,L,04,0,0,1,0,0,0,1,0,0,"- ","- ",38.925449371337891,-119.98622131347656,"EL DORADO","SOUTH LAKE TAHOE",-119.98619842529297,38.925426483154297
8300238,2017,2018-02-10,0901,2017-01-09,1551,288,0901,1,5,2,0901,0,0,0,,0,PP1,"RT 50","SPRING ST",12.00,W,N,C,-,Y,ED,3,50,-,-,17.640,H,-,E,N,4,0,1,2,A,-,03,22350,,N,C,C,A,B,H,-,D,A,0,,,,,Y,,I,11,0,0,1,0,0,0,0,0,0,"- ","- ",,,"EL DORADO",PLACERVILLE,-120.80583495,38.728074999999997
8300248,2017,2017-02-06,0901,2017-01-22,1315,288,0901,7,5,2,0901,0,0,0,,0,PP1,"PLACERVILLE DR","FORNI RD",1427.00,W,N,B,-,N,,,,,,,,,,Y,4,0,1,2,A,-,09,21801,A,N,A,C,A,B,H,-,A,D,0,,,,,Y,,I,11,0,0,1,0,0,0,0,0,0,"- ","- ",,,"EL DORADO",PLACERVILLE,-120.83356000000001,38.72137
8300249,2017,2017-12-26,0901,2017-01-22,1848,289,0901,7,5,2,0901,0,0,0,,0,PP1,"PLACERVILLE DR","GREEN VALLEY RD",14.00,S,N,C,-,N,,,,,,,,,,N,4,0,1,2,A,-,01,23152,A,N,C,C,A,B,H,-,C,A,0,,,,,Y,Y,A,01,0,0,1,0,0,0,0,0,0,"- ","- ",,,"EL DORADO",PLACERVILLE,-120.83715226,38.728301600000002
8300336,2017,2017-02-07,0901,2017-01-10,1238,288,0901,2,5,2,0901,0,0,0,,0,PP1,"SACRAMENTO ST","MAIN ST",30.00,S,N,C,-,N,,,,,,,,,,N,4,0,1,2,A,-,11,21954,A,N,G,B,D,B,H,-,A,D,0,Y,,,,Y,,N,60,0,0,1,0,1,0,0,0,0,"- ","- ",,,"EL DORADO",PLACERVILLE,-120.80308703999999,38.727914820000002
8303397,2017,2017-02-17,0902,2017-01-22,1927,224,,7,5,3,0902,0,0,0,,0,,"SUSSEX AV","MACINAW RD",0.00,,Y,D,-,N,,,,,,,,,,N,3,0,1,2,A,-,11,21954,A,N,G,B,E,C,E,-,D,D,0,Y,,,,Y,,N,60,0,1,0,0,1,0,0,0,0,"- ","- ",,,"EL DORADO","SOUTH LAKE TAHOE",-119.98298987,38.928529930000003
8303441,2017,2018-02-10,0902,2017-01-14,2500,221,0902,6,5,3,0902,0,0,0,,0,,"LAKE TAHOE BL","PARK AV",118.00,E,N,A,-,Y,ED,3,50,-,-,80.160,H,-,W,N,4,0,2,4,A,-,03,22350,,F,C,C,A,C,H,-,C,A,0,,,,,Y,,A,07,0,0,2,0,0,0,0,0,0,"- ","- ",,,"EL DORADO","SOUTH LAKE TAHOE",-119.94458047000001,38.955475219999997
8303505,2017,2017-02-07,0902,2017-01-15,0227,224,,7,5,3,0902,0,0,0,,0,,"SKI RUN BL","FOREST AV",72.00,N,N,A,-,N,,,,,,,,,,Y,3,0,1,1,A,-,01,23152,A,N,F,J,A,C,-,-,C,D,0,,,,,Y,Y,A,07,0,1,0,0,0,0,0,0,0,"- ","- ",,,"EL DORADO","SOUTH LAKE TAHOE",-119.95627734,38.946770749999999
8315206,2017,2017-03-08,0901,2017-02-06,1826,289,0901,1,5,2,0901,0,0,0,,0,PP2,"SCHNELL SCHOOL RD","BROADWAY DR",0.00,,Y,C,-,N,,,,,,,,,,N,4,0,1,2,A,-,10,21950,A,N,G,B,B,B,H,-,C,A,0,Y,,,,Y,,A,01,0,0,1,0,1,0,0,0,0,"- ","- ",,,"EL DORADO",PLACERVILLE,-120.77940995,38.732129929999999
8315210,2017,2017-03-16,0901,2017-02-16,1730,296,0901,4,5,2,0901,0,0,0,,0,PP2,"WILTSE RD","BROADWAY DR",0.00,,Y,A,-,N,,,,,,,,,,N,4,0,1,2,A,-,09,21802,A,N,D,C,A,A,H,-,B,A,0,,,,,Y,,A,07,0,0,1,0,0,0,0,0,0,"- ","- ",,,"EL DORADO",PLACERVILLE,-120.77988992,38.732099980000001
8316607,2017,2018-02-10,0902,2017-01-01,0800,225,,7,5,3,0902,0,0,0,,0,,"LAKE TAHOE BL","AL TAHOE BL",0.00,,Y,A,-,Y,ED,3,50,-,-,77.525,I,5,E,N,4,0,1,2,A,-,12,21453,A,N,A,C,A,A,H,-,A,A,0,,,,,Y,,A,01,0,0,1,0,0,0,0,0,0,"- ","- ",,,"EL DORADO","SOUTH LAKE TAHOE",-119.97775283999999,38.934341310000001
8316617,2017,2017-03-06,0902,2017-01-06,2226,221,0902,5,5,3,0902,0,0,0,,0,,"AL TAHOE BL","PIONEER TRL",1027.00,N,N,A,-,N,,,,,,,,,,Y,3,0,2,1,A,-,03,22350,,N,F,J,A,C,H,-,D,D,0,,,,,Y,,A,07,0,2,0,0,0,0,0,0,0,"- ","- ",,,"EL DORADO","SOUTH LAKE TAHOE",-119.96046522,38.92136781
8316731,2017,2018-02-15,0902,2017-02-16,0255,225,,4,5,3,0902,0,0,0,,0,EAST,"LAKE TAHOE BL","LAKE RD",0.00,,Y,A,-,Y,ED,3,50,-,-,79.790,H,-,E,Y,4,0,1,1,A,-,07,21658,A,N,E,I,A,A,H,-,C,D,0,,,,,Y,,A,01,0,0,1,0,0,0,0,0,0,"- ","- ",,,"EL DORADO","SOUTH LAKE TAHOE",-119.94963211,38.95211948
8341909,2017,2017-04-21,0901,2017-04-01,2106,296,0901,6,5,2,0901,0,0,0,,0,PP1,"PLACERVILLE DR","FORNI RD",1373.00,W,N,A,-,N,,,,,,,,,,N,2,0,1,2,A,-,05,21202,A,F,H,G,A,A,H,-,C,D,0,,Y,,,Y,,L,04,1,0,0,0,0,0,1,0,0,"- ","- ",,,"EL DORADO",PLACERVILLE,-120.83356000000001,38.72137
8349097,2017,2018-02-15,0901,2017-03-19,0328,296,0901,7,5,2,0901,0,0,0,,0,PP1,"RT 50","CANAL ST",480.00,W,N,A,-,Y,ED,3,50,-,-,17.423,H,-,W,Y,3,0,1,1,A,-,05,21650,,N,H,I,A,A,H,-,C,D,0,,,,,Y,,A,01,0,1,0,0,0,0,0,0,0,"- ","- ",,,"EL DORADO",PLACERVILLE,-120.80952622,38.728971170000001
8359593,2017,2018-03-28,0901,2017-05-06,1209,,0901,6,5,2,0901,0,0,0,,0,PP2,"CEDAR RAVINE RD","CEDAR RAVINE RD 3821",0.00,,-,B,-,N,,,,,,,,,,Y,4,0,2,2,A,-,05,21460,A,N,B,C,A,A,H,-,A,D,0,,,,,Y,,-,"- ",0,0,2,0,0,0,0,0,0,"- ","- ",,,"EL DORADO",PLACERVILLE,-120.77060222999999,38.71648983
8367401,2017,2017-05-24,0901,2017-04-14,1604,313,,5,5,2,0901,0,0,0,,0,PP1,"MIDDLETOWN RD","CANAL ST",0.00,,Y,A,-,N,,,,,,,,,,Y,2,0,1,2,A,-,03,22350,,N,D,C,A,A,H,-,A,D,0,,,,,Y,,A,01,1,0,0,0,0,0,0,0,0,"- ","- ",,,"EL DORADO",PLACERVILLE,-120.81899992,38.736539929999999
83767514,2024,2024-08-07,0902,2024-07-03,2327,248,,3,5,3,0902,0,0,0,,0,MID,"LAKE TAHOE BLVD","FAIRWAY AVE",0.00,,Y,A,-,Y,,,,,,,,,,Y,2,0,1,2,A,-,11,21950,B,N,G,B,B,A,H,-,C,A,0,Y,,Y,,Y,Y,N,60,1,0,0,0,1,0,0,0,0,"- ","- ",38.946819305419922,-119.96528625488281,"EL DORADO","SOUTH LAKE TAHOE",-119.96450805664062,38.946121215820312
83767521,2024,2024-08-07,0902,2024-08-04,1807,244,,7,5,3,0902,0,0,0,,0,WEST,"LAKE TAHOE BLVD","VIKING RD",0.00,,Y,A,-,Y,,,,,,,,,,Y,3,0,2,2,A,-,01,23152,A,N,D,C,A,A,H,-,A,A,0,,,,,Y,Y,A,01,0,1,1,0,0,0,0,0,0,"- ","- ",38.907108306884766,-120.01265716552734,"EL DORADO","SOUTH LAKE TAHOE",-120.01274871826172,38.907127380371094
8378541,2017,2017-06-06,0901,2017-04-20,1816,296,0901,4,5,2,0901,0,0,0,,0,PP1,"PLACERVILLE DR","GREEN VALLEY RD",0.00,,Y,A,-,N,,,,,,,,,,N,4,0,1,2,A,-,03,22350,,N,C,C,A,A,H,-,A,A,0,,,,,Y,,A,01,0,0,1,0,0,0,0,0,0,"- ","- ",,,"EL DORADO",PLACERVILLE,-120.83714998000001,38.728339939999998
8381323,2017,2017-06-12,0901,2017-05-10,1632,288,901,3,5,2,0901,0,0,0,,0,PP1,"PLACERVILLE DR","FORNI RD",1200.00,W,N,A,-,N,,,,,,,,,,N,3,0,2,2,A,-,09,21801,A,N,A,C,A,A,H,-,A,D,0,,,,Y,Y,,G,25,0,1,1,0,0,0,0,0,0,"- ","- ",,,"EL DORADO",PLACERVILLE,-120.83356000000001,38.72137
8381577,2017,2017-06-09,0901,2017-05-20,1306,296,0901,6,5,2,0901,0,0,0,,0,PP2,"CEDAR RAVINE RD","BUTTERFLY LN",655.00,S,N,A,-,N,,,,,,,,,,N,3,0,1,1,A,-,03,22350,,N,H,A,A,A,H,-,A,D,0,,,Y,,Y,,C,02,0,1,0,0,0,0,0,0,1,"- ","- ",,,"EL DORADO",PLACERVILLE,-120.77513039999999,38.716658080000002