CASE_ID,ACCIDENT_YEAR,PROC_DATE,JURIS,COLLISION_DATE,COLLISION_TIME,OFFICER_ID,REPORTING_DISTRICT,DAY_OF_WEEK,CHP_SHIFT,POPULATION,CNTY_CITY_LOC,SPECIAL_COND,BEAT_TYPE,CHP_BEAT_TYPE,CITY_DIVISION_LAPD,CHP_BEAT_CLASS,BEAT_NUMBER,PRIMARY_RD,SECONDARY_RD,DISTANCE,DIRECTION,INTERSECTION,WEATHER_1,WEATHER_2,STATE_HWY_IND,CALTRANS_COUNTY,CALTRANS_DISTRICT,STATE_ROUTE,ROUTE_SUFFIX,POSTMILE_PREFIX,POSTMILE,LOCATION_TYPE,RAMP_INTERSECTION,SIDE_OF_HWY,TOW_AWAY,COLLISION_SEVERITY,NUMBER_KILLED,NUMBER_INJURED,PARTY_COUNT,PRIMARY_COLL_FACTOR,PCF_CODE_OF_VIOL,PCF_VIOL_CATEGORY,PCF_VIOLATION,PCF_VIOL_SUBSECTION,HIT_AND_RUN,TYPE_OF_COLLISION,MVIW,PED_ACTION,ROAD_SURFACE,ROAD_COND_1,ROAD_COND_2,LIGHTING,CONTROL_DEVICE,CHP_ROAD_TYPE,PEDESTRIAN_ACCIDENT,BICYCLE_ACCIDENT,MOTORCYCLE_ACCIDENT,TRUCK_ACCIDENT,NOT_PRIVATE_PROPERTY,ALCOHOL_INVOLVED,STWD_VEHTYPE_AT_FAULT,CHP_VEHTYPE_AT_FAULT,COUNT_SEVERE_INJ,COUNT_VISIBLE_INJ,COUNT_COMPLAINT_PAIN,COUNT_PED_KILLED,COUNT_PED_INJURED,COUNT_BICYCLIST_KILLED,COUNT_BICYCLIST_INJURED,COUNT_MC_KILLED,COUNT_MC_INJURED,PRIMARY_RAMP,SECONDARY_RAMP,LATITUDE,LONGITUDE,COUNTY,CITY,POINT_X,POINT_Y
84691028,2025,2025-05-19,0902,2025-05-12,1715,232,,1,5,3,0902,0,0,0,,0,WEST,"EMERALD BAY RD","B ST",423.00,N,N,A,-,Y,ED,,50," "," ",75.229,H,,R,Y,4,0,1,2,A,-,09,21804,A,N,D,C,A,A,H,-,A,D,0,,,,,Y,,A,01,0,0,1,0,0,0,0,0,0,"- ","- ",38.910530090332031,-120.00302124023438,"EL DORADO","SOUTH LAKE TAHOE",-120.00299072265625,38.910541534423828
84702573,2025,2025-05-28,0902,2025-05-21,1425,232,,3,5,3,0902,0,0,0,,0,WEST,"15TH ST","ELOISE AVE",0.00,,Y,A,-,N,,,,,,,,,,Y,3,0,1,2,A,-,09,21802,A,N,D,G,A,A,H,-,A,A,0,,Y,,,Y,Y,D,22,0,1,0,0,0,0,1,0,0,"- ","- ",38.9227294921875,-120.02065277099609,"EL DORADO","SOUTH LAKE TAHOE",-120.02059173583984,38.923046112060547
84704434,2025,2025-05-29,0902,2025-05-26,1600,232,,1,5,3,0902,0,0,0,,0,MID,"LAKE TAHOE BLVD","BLUE LAKE AVE",0.00,,Y,A,-,Y,ED,,50," "," ",77.238,H,,R,N,3,0,1,2,A,-,09,21800,A,N,D,G,A,A,H,-,A,A,0,,Y,,,Y,,L,04,0,1,0,0,0,0,1,0,0,"- ","- ",38.930488586425781,-119.97975921630859,"EL DORADO","SOUTH LAKE TAHOE",-119.97976684570312,38.930492401123047
84715400,2025,2025-06-06,0902,2025-05-28,1258,209,,3,5,3,0902,0,0,0,,0,,"LAKE TAHOE BLVD","RIVER DR",0.00,,Y,A,-,Y,,,,,,,,,,Y,4,0,2,3,A,-,03,22350,,N,C,C,A,A,C,-,A,A,0,,,,,Y,,A,08,0,0,2,0,0,0,0,0,0,"- ","- ",38.923110961914062,-119.99038696289062,"EL DORADO","SOUTH LAKE TAHOE",-119.9901123046875,38.922760009765625
84715412,2025,2025-06-06,0902,2025-06-02,1645,232,,1,5,3,0902,0,0,0,,0,WEST,"LAKE TAHOE BLVD","SILVER DOLLAR AVE",0.00,,Y,A,-,Y,ED,,50," "," ",76.677,H,,L,N,3,0,1,2,A,-,09,21800,A,N,D,G,A,A,H,-,A,A,0,,Y,,,Y,,L,04,0,1,0,0,0,0,1,0,0,"- ","- ",38.924850463867188,-119.98709106445312,"EL DORADO","SOUTH LAKE TAHOE",-119.98707580566406,38.924839019775391
84728054,2025,2025-06-17,0902,2025-06-06,2347,255,,5,5,3,0902,0,0,0,,0,,"LAKE TAHOE BLVD","TAKELA DR",370.00,E,N,A,-,Y,ED,,50," "," ",78.652,H,,L,Y,4,0,1,2,A,-,07,21658,A,N,C,C,A,A,H,-,D,D,0,,,,,Y,Y,A,01,0,0,1,0,0,0,0,0,0,"- ","- ",38.945648193359375,-119.96865081787109,"EL DORADO","SOUTH LAKE TAHOE",-119.96864318847656,38.945671081542969
84728055,2025,2025-06-17,0902,2025-06-07,2150,244,,6,5,3,0902,0,0,0,,0,WEST,"LAKE TAHOE BLVD","LODI AVE",0.00,,Y,A,-,Y,ED,,50," "," ",76.557,H,,L,N,4,0,1,2,A,-,10,21950,A,F,D,G,A,A,H,-,C,A,0,,Y,,,Y,,A,07,0,0,1,0,0,0,1,0,0,"- ","- ",38.923709869384766,-119.98874664306641,"EL DORADO","SOUTH LAKE TAHOE",-119.98876190185547,38.923721313476562
84728057,2025,2025-06-17,0902,2025-06-12,1950,253,,4,5,3,0902,0,0,0,,0,MID,"LAKE TAHOE BLVD","FREMONT AVE",250.00,E,N,A,-,N,,,,,,,,,,N,3,0,1,2,A,-,05,21202,A,N,G,B,E,A,H,-,A,D,0,Y,Y,,,Y,,L,04,0,1,0,0,1,0,0,0,0,"- ","- ",38.945880889892578,-119.97100067138672,"EL DORADO","SOUTH LAKE TAHOE",-119.97018432617188,38.945819854736328
84728060,2025,2025-06-17,0902,2025-06-14,1639,248,,6,5,3,0902,0,0,0,,0,WEST,"LAKE TAHOE BLVD","WINNEMUCCA AVE",0.00,,Y,A,-,Y,ED,,50," "," ",76.131,H,,L,N,2,0,2,2,A,-,09,21801,A,N,D,C,A,A,H,-,A,D,0,,,Y,,Y,,A,07,1,0,1,0,0,0,0,0,1,"- ","- ",38.919868469238281,-119.99492645263672,"EL DORADO","SOUTH LAKE TAHOE",-119.99478149414062,38.91973876953125
84738298,2024,2025-06-25,0902,2024-06-20,1824,244,,4,5,3,0902,0,0,0,,0,MID,"STOCKTON AVE","KNOX AVE",0.00,,Y,A,-,N,,,,,,,,,,N,4,0,1,2,A,-,12,22450,A,N,D,G,A,A,H,-,A,A,0,,Y,,Y,Y,,L,04,0,0,1,0,0,0,1,0,0,"- ","- ",38.921459197998047,-119.98428344726562,"EL DORADO","SOUTH LAKE TAHOE",-119.98434448242188,38.921497344970703
84738301,2024,2025-06-25,0902,2024-09-16,2226,236,,1,5,3,0902,0,0,0,,0,MID,"LAKE TAHOE BLVD","TAKELA DR",140.00,E,N,A,-,Y,,,,,,,,,,Y,4,0,1,2,A,-,09,21801,A,N,A,C,A,A,H,-,C,D,0,,,,,Y,,A,01,0,0,1,0,0,0,0,0,0,"- ","- ",38.946071624755859,-119.96941375732422,"EL DORADO","SOUTH LAKE TAHOE",-119.96820831298828,38.945571899414062
84738302,2024,2025-06-25,0902,2024-09-17,1046,228,,2,5,3,0902,0,0,0,,0,,"LAKE TAHOE BLVD","AL TAHOE BLVD",571.00,E,N,B,-,Y,ED,,50," "," ",77.529,H,,R,N,4,0,2,3,A,-,07,21658,A,N,B,D,A,A,H,-,A,D,0,,,,,Y,,A,07,0,0,2,0,0,0,0,0,0,"- ","- ",38.934440612792969,-119.97772216796875,"EL DORADO","SOUTH LAKE TAHOE",-119.97769165039062,38.934432983398438
84738303,2024,2025-06-25,0902,2024-11-27,1403,237,,3,5,3,0902,0,0,0,,0,WEST,"LAKE TAHOE BLVD","TAHOE KEYS BLVD",75.00,W,N,A,-,Y,ED,,50," "," ",76.025,H,,L,Y,4,0,1,3,A,-,03,22350,,N,C,C,A,A,H,-,A,D,0,,,Y,,Y,,A,07,0,0,1,0,0,0,0,0,0,"- ","- ",38.918880462646484,-119.99636840820312,"EL DORADO","SOUTH LAKE TAHOE",-119.99624633789062,38.918766021728516
84738333,2025,2025-06-25,0902,2025-02-14,"952 ",246,,5,5,3,0902,0,0,0,,0,MID,"LAKE TAHOE BLVD","CARSON AVE",0.00,,Y,D,-,Y,ED,,50," "," ",76.912,H,,L,Y,4,0,1,2,A,-,12,21453,A,N,D,C,A,C,H,-,A,A,0,,,,,Y,,D,22,0,0,1,0,0,0,0,0,0,"- ","- ",38.927101135253906,-119.98381042480469,"EL DORADO","SOUTH LAKE TAHOE",-119.9837646484375,38.92706298828125
84738336,2025,2025-06-25,0902,2025-03-20,1853,208,,4,5,3,0902,0,0,0,,0,WEST,"LAKE TAHOE BLVD","EMERALD BAY RD",0.00,,Y,A,-,Y,ED,,89," "," ",8.565,H,,L,Y,4,0,2,3,A,-,01,23152,A,N,C,C,A,A,H,-,A,A,0,,,,,Y,Y,A,01,0,0,2,0,0,0,0,0,0,"- ","- ",38.913478851318359,-120.00475311279297,"EL DORADO","SOUTH LAKE TAHOE",-120.00472259521484,38.913528442382812
84738337,2025,2025-06-25,0902,2025-05-10,1546,248,,6,5,3,0902,0,0,0,,0,EAST,"LAKE TAHOE BLVD","FRIDAY AVE",40.00,E,N,A,-,Y,ED,,50," "," ",80.257,H,,R,N,4,0,1,2,A,-,01,23152,A,N,C,C,A,A,H,-,A,A,0,,,,,Y,Y,A,07,0,0,1,0,0,0,0,0,0,"- ","- ",38.956840515136719,-119.94364166259766,"EL DORADO","SOUTH LAKE TAHOE",-119.94359588623047,38.956821441650391
84738355,2025,2025-06-25,0902,2025-06-11,1623,239,,3,5,3,0902,0,0,0,,0,,"LAKE TAHOE BLVD","AL TAHOE BLVD",310.00,W,N,A,-,Y,ED,,50," "," ",77.529,H,,R,N,3,0,1,3,A,-,08,22107,,F,B,C,A,A,H,-,A,D,0,,,Y,,Y,,A,01,0,1,0,0,0,0,0,0,1,"- ","- ",38.934440612792969,-119.97772216796875,"EL DORADO","SOUTH LAKE TAHOE",-119.97769165039062,38.934432983398438
84738358,2025,2025-06-25,0902,2025-06-12,1703,239,,4,5,3,0902,0,0,0,,0,,"JOHNSON BLVD","AL TAHOE BLVD",0.00,,Y,A,-,N,,,,,,,,,,N,3,0,1,2,A,-,09,21453,B,F,D,G,A,A,H,-,A,A,0,,Y,,,Y,,D,22,0,1,0,0,0,0,1,0,0,"- ","- ",38.931961059570312,-119.97158813476562,"EL DORADO","SOUTH LAKE TAHOE",-119.97170257568359,38.931991577148438
84745002,2025,2025-07-01,0902,2025-06-17,1508,232,,2,5,3,0902,0,0,0,,0,WEST,"EMERALD BAY RD","B ST",0.00,,Y,A,-,Y,ED,,50," "," ",75.229,H,,R,N,3,0,1,2,A,-,09,21804,A,N,B,G,A,A,H,-,A,A,0,,Y,,,Y,,L,04,0,1,0,0,0,0,1,0,0,"- ","- ",38.910530090332031,-120.00302124023438,"EL DORADO","SOUTH LAKE TAHOE",-120.00299072265625,38.910541534423828
84745004,2025,2025-07-01,0902,2025-06-20,1718,248,,5,5,3,0902,0,0,0,,0,MID,"LAKE TAHOE BLVD","SIERRA BLVD",0.00,,Y,A,-,Y,,,,,,,,,,N,3,0,1,2,A,-,08,22100,A,N,H,G,A,A,H,-,A,A,0,,Y,,,Y,,A,01,0,1,0,0,0,0,1,0,0,"- ","- ",38.92572021484375,-119.98660278320312,"EL DORADO","SOUTH LAKE TAHOE",-119.98616790771484,38.925361633300781
84745016,2025,2025-07-01,0902,2025-06-22,1537,248,,7,5,3,0902,0,0,0,,0,WEST,"LAKE TAHOE BLVD","TRUCKEE DR",466.00,E,N,A,-,Y,ED,,50," "," ",76.166,H,,L,N,3,0,1,2,A,-,05,21650,,N,D,G,A,A,H,-,A,D,0,,Y,,,Y,,L,04,0,1,0,0,0,0,1,0,0,"- ","- ",38.920169830322266,-119.99439239501953,"EL DORADO","SOUTH LAKE TAHOE",-119.99428558349609,38.920070648193359
84749989,2025,2025-07-07,0902,2025-07-02,1045,258,,3,5,3,0902,0,0,0,,0,WEST,"LAKE TAHOE BLVD","RENO AVE",0.00,,Y,A,-,Y,ED,,50," "," ",76.844,H,,L,N,3,0,1,2,A,-,05,21650,1,N,D,G,A,A,H,-,A,D,0,,Y,,,Y,,L,04,0,1,0,0,0,0,1,0,0,"- ","- ",38.926338195800781,-119.98497009277344,"EL DORADO","SOUTH LAKE TAHOE",-119.98492431640625,38.926296234130859
84752647,2025,2025-07-08,0902,2025-06-24,1134,239,,2,5,3,0902,0,0,0,,0,,"LAKE TAHOE BLVD","BROCKWAY AVE",594.00,E,N,A,-,Y,ED,,50," "," ",76.954,H,,L,N,3,0,2,2,A,-,05,21650,1,N,D,G,A,A,H,-,A,D,0,,Y,,,Y,,L,04,0,2,0,0,0,0,2,0,0,"- ","- ",38.927589416503906,-119.98322296142578,"EL DORADO","SOUTH LAKE TAHOE",-119.98312377929688,38.927505493164062
84752649,2025,2025-07-08,0902,2025-06-28,1754,252,,6,5,3,0902,0,0,0,,0,,"SKI RUN BLVD","LAKE TAHOE BLVD",160.00,S,N,A,-,N,,,,,,,,,,N,2,0,1,2,A,-,05,21651,B,N,D,G,A,A,H,-,A,D,0,,Y,,,Y,Y,L,04,1,0,0,0,0,0,1,0,0,"- ","- ",38.948539733886719,-119.95761108398438,"EL DORADO","SOUTH LAKE TAHOE",-119.95729827880859,38.948177337646484
84752680,2025,2025-07-08,0902,2025-07-05,"13  ",252,,6,5,3,0902,0,0,0,,0,,"MONTREAL RD","MOSS RD",0.00,,Y,A,-,N,,,,,,,,,,N,3,0,2,2,A,-,01,23153,A,N,D,C,A,A,H,-,C,A,0,,,,,Y,Y,A,01,0,2,0,0,0,0,0,0,0,"- ","- ",38.951271057128906,-119.9432373046875,"EL DORADO","SOUTH LAKE TAHOE",-119.94355010986328,38.951362609863281
84761399,2025,2025-07-15,0902,2025-07-08,1425,259,,2,5,3,0902,0,0,0,,0,,"LAKE TAHOE BLVD","LODI AVE",93.00,E,N,A,-,Y,ED,,50," "," ",76.557,H,,L,N,4,0,1,2,A,-,03,22350,,N,C,C,A,A,H,-,A,A,0,,,,,Y,,A,07,0,0,1,0,0,0,0,0,0,"- ","- ",38.923709869384766,-119.98874664306641,"EL DORADO","SOUTH LAKE TAHOE",-119.98876190185547,38.923721313476562
84771547,2025,2025-07-22,0902,2025-07-17,1311,228,,4,5,3,0902,0,0,0,,0,,"LAKE TAHOE BLVD","TAKELA DR",0.00,,Y,A,-,Y,ED,,50," "," ",78.652,H,,L,N,4,0,1,2,A,-,04,21703,,N,C,C,A,A,H,-,A,A,0,,,,,Y,,A,01,0,0,1,0,0,0,0,0,0,"- ","- ",38.945648193359375,-119.96865081787109,"EL DORADO","SOUTH LAKE TAHOE",-119.96864318847656,38.945671081542969
84798193,2025,2025-08-12,0902,2025-07-30,1548,259,,3,5,3,0902,0,0,0,,0,,"LAKE TAHOE BLVD","PIONEER TRL",172.00,E,N,A,-,Y,,,,,,,,,,N,4,0,1,2,A,-,17,21235,G,N,A,G,A,A,H,-,A,D,0,,Y,,,Y,,M,94,0,0,1,0,0,0,1,0,0,"- ","- ",38.953800201416016,-119.94564819335938,"EL DORADO","SOUTH LAKE TAHOE",-119.94578552246094,38.954109191894531
84798201,2025,2025-08-12,0902,2025-08-02,1125,248,,6,5,3,0902,0,0,0,,0,WEST,"CHRISTIE DR","SLALOM CT",155.00,S,N,A,-,N,,,,,,,,,,N,2,0,1,2,A,-,08,22107,,N,B,G,A,A,H,-,A,D,0,,Y,,,Y,,L,04,1,0,0,0,0,0,1,0,0,"- ","- ",38.930240631103516,-120.01328277587891,"EL DORADO","SOUTH LAKE TAHOE",-120.01329040527344,38.929855346679688
84798233,2025,2025-08-12,0902,2025-08-07,1500,251,,4,5,3,0902,0,0,0,,0,WEST,"EMERALD BAY RD TO RT 50 RAMP","HWY 50",0.00,,Y,A,-,Y,,,,,,,,,,N,3,0,1,2,A,-,03,22350,,N,D,G,A,A,H,-,A,A,0,,Y,Y,,Y,,C,06,0,1,0,0,0,0,1,0,0,"- ","- ",,,"EL DORADO","SOUTH LAKE TAHOE",,
84798251,2025,2025-08-12,0902,2025-08-08,1459,248,,5,5,3,0902,0,0,0,,0,WEST,"JOHNSON BLVD","HAPPY HOMESTEAD CEMETERY RD",212.00,N,N,A,-,N,,,,,,,,,,N,2,0,1,1,A,-,08,22107,,N,E,I,A,A,H,-,A,D,0,,,Y,,Y,,C,03,1,0,0,0,0,0,0,0,1,"- ","- ",38.934520721435547,-119.96996307373047,"EL DORADO","SOUTH LAKE TAHOE",-119.97120666503906,38.934379577636719
84801820,2025,2025-08-14,0902,2025-07-15,1632,209,,2,5,3,0902,0,0,0,,0,,"LOS ANGELES AVE","LAKE TAHOE BLVD",0.00,,Y,A,-,N,,,,,,,,,,N,3,0,1,2,A,-,03,22350,,N,D,G,A,A,H,-,A,A,0,,Y,,,Y,,A,01,0,1,0,0,0,0,1,0,0,"- ","- ",38.939559936523438,-119.97808074951172,"EL DORADO","SOUTH LAKE TAHOE",-119.97721099853516,38.939014434814453
84801822,2025,2025-08-14,0902,2025-07-16,"850 ",239,,3,5,3,0902,0,0,0,,0,,"LAKE TAHOE BLVD","BROCKWAY AVE",490.00,E,N,A,-,Y,,,,,,,,,,N,3,0,1,2,A,-,05,21202,A,N,D,G,A,A,H,-,A,D,0,,Y,,,Y,,L,04,0,1,0,0,0,0,1,0,0,"- ","- ",38.927921295166016,-119.98346710205078,"EL DORADO","SOUTH LAKE TAHOE",-119.98185729980469,38.928356170654297
84801825,2025,2025-08-14,0902,2025-07-16,1300,209,,3,5,3,0902,0,0,0,,0,,"LAKE TAHOE BLVD","TAKELA DR",0.00,,Y,A,-,Y,,,,,,,,,,N,4,0,1,2,A,-,03,22350,,N,C,C,A,A,H,-,A,A,0,,,,Y,Y,,F,26,0,0,1,0,0,0,0,0,0,"- ","- ",38.946071624755859,-119.96941375732422,"EL DORADO","SOUTH LAKE TAHOE",-119.96868896484375,38.945644378662109
84801845,2025,2025-08-14,0902,2025-08-04,1219,239,,1,5,3,0902,0,0,0,,0,,"SILVER DOLLAR AVE","PONDEROSA ST",0.00,,Y,A,-,N,,,,,,,,,,N,3,0,1,2,A,-,12,22450,A,N,D,C,A,A,H,-,A,A,0,,,,,Y,,M,94,0,1,0,0,0,0,0,0,0,"- ","- ",38.92620849609375,-119.98822021484375,"EL DORADO","SOUTH LAKE TAHOE",-119.98789978027344,38.925926208496094
84809721,2025,2025-08-20,0902,2025-07-31,1700,211,,4,5,3,0902,0,0,0,,0,WEST,"EMERALD BAY RD","F ST",400.00,N,N,A,-,Y,ED,,50," "," ",74.727,H,,R,N,4,0,1,2,A,-,03,22350,,N,C,C,A,A,H,-,A,D,0,,,,,Y,,D,22,0,0,1,0,0,0,0,0,0,"- ","- ",38.903888702392578,-119.99874877929688,"EL DORADO","SOUTH LAKE TAHOE",-119.99880981445312,38.903877258300781
84809740,2025,2025-08-20,0902,2025-08-10,1631,256,,7,5,3,0902,0,0,0,,0,WEST,"VENICE DR","ALPINE DR",120.00,E,N,A,-,N,,,,,,,,,,N,3,0,1,2,A,-,03,22350,,N,C,G,A,A,H,-,A,D,0,,Y,,,Y,,L,04,0,1,0,0,0,0,1,0,0,"- ","- ",38.928058624267578,-120.01969146728516,"EL DORADO","SOUTH LAKE TAHOE",-120.01865386962891,38.928367614746094
84809741,2025,2025-08-20,0902,2025-08-11,"243 ",255,,1,5,3,0902,0,0,0,,0,,"LAKE TAHOE BLVD","LAKEVIEW AVE",120.00,W,N,A,-,Y,ED,,50," "," ",78.199,H,,L,N,4,0,1,2,A,-,03,22350,,F,G,B,E,A,H,-,C,A,0,Y,,,,Y,Y,-,99,0,0,1,0,1,0,0,0,0,"- ","- ",38.944080352783203,-119.97650909423828,"EL DORADO","SOUTH LAKE TAHOE",-119.97652435302734,38.944087982177734
84809743,2025,2025-08-20,0902,2025-08-11,1602,200,,1,5,3,0902,0,0,0,,0,EAST,"LAKE TAHOE BLVD","SKI RUN BLVD",450.00,E,N,A,-,Y,,,,,,,,,,N,4,0,2,3,A,-,03,22350,,N,C,C,A,A,H,-,A,D,0,,,,,Y,,A,08,0,0,2,0,0,0,0,0,0,"- ","- ",,,"EL DORADO","SOUTH LAKE TAHOE",-119.95619201660156,38.949165344238281
84809745,2025,2025-08-20,0902,2025-08-15,1527,248,,5,5,3,0902,0,0,0,,0,WEST,"LAKE TAHOE BLVD","TRUCKEE DR",475.00,E,N,A,-,Y,ED,,50," "," ",76.166,H,,L,N,2,0,1,2,A,-,05,21650,1,N,D,G,A,A,H,-,A,D,0,,Y,,,Y,,L,04,1,0,0,0,0,0,1,0,0,"- ","- ",38.920169830322266,-119.99439239501953,"EL DORADO","SOUTH LAKE TAHOE",-119.99428558349609,38.920070648193359
84819216,2025,2025-08-27,0902,2025-08-19,1526,239,,2,5,3,0902,0,0,0,,0,,"LAKE TAHOE BLVD","SIERRA BLVD",0.00,,Y,A,-,Y,ED,,50," "," ",76.740,H,,L,N,3,0,1,2,A,-,03,22350,,N,B,C,A,A,H,-,A,A,0,,,Y,,Y,,C,03,0,1,0,0,0,0,0,0,1,"- ","- ",38.925449371337891,-119.98622131347656,"EL DORADO","SOUTH LAKE TAHOE",-119.98619842529297,38.925426483154297
84819225,2025,2025-08-27,0902,2025-08-23,1925,253,,6,5,3,0902,0,0,0,,0,,"LAKE TAHOE BLVD","BROCKWAY AVE",415.00,E,N,A,-,Y,ED,,50," "," ",76.954,H,,L,N,4,0,2,2,A,-,08,22100,B,N,D,C,A,A,H,-,B,D,0,,,Y,,Y,,A,01,0,0,2,0,0,0,0,0,2,"- ","- ",38.927589416503906,-119.98322296142578,"EL DORADO","SOUTH LAKE TAHOE",-119.98312377929688,38.927505493164062
84827442,2025,2025-09-03,0902,2025-08-30,1259,235,,6,5,3,0902,0,0,0,,0,,"LAKE TAHOE BLVD","SKI RUN BLVD",350.00,E,N,A,-,Y,ED,,50," "," ",79.288,H,,R,N,3,0,1,2,A,-,17,21209,A,N,D,G,A,A,H,-,A,D,0,,Y,,,Y,,A,01,0,1,0,0,0,0,1,0,0,"- ","- ",38.948539733886719,-119.95761108398438,"EL DORADO","SOUTH LAKE TAHOE",-119.95758056640625,38.948501586914062
84836349,2025,2025-09-09,0902,2025-08-10,1246,251,,7,5,3,0902,0,0,0,,0,EAST,"LAKE TAHOE BLVD","3496 LAKE TAHOE BLVD",0.00,,Y,A,-,Y,,,,,,,,,,N,2,0,1,2,A,-,09,21804,A,N,D,G,A,A,H,-,A,A,0,,Y,,,Y,,L,04,1,0,0,0,0,0,1,0,0,"- ","- ",,,"EL DORADO","SOUTH LAKE TAHOE",-120.004638671875,38.913471221923828
84841677,2025,2025-09-17,0902,2025-08-27,1446,200,,3,5,3,0902,0,0,0,,0,EAST,"LAKE TAHOE BLVD","MIDWAY RD",0.00,,Y,A,-,Y,,,,,,,,,,Y,4,0,1,2,A,-,08,22100,A,N,B,C,A,A,D,-,A,D,0,,,,,Y,,A,07,0,0,1,0,0,0,0,0,0,"- ","- ",38.953411102294922,-119.95018768310547,"EL DORADO","SOUTH LAKE TAHOE",-119.94902801513672,38.952369689941406
84857267,2025,2025-09-24,0902,2025-09-16,1021,258,,2,5,3,0902,0,0,0,,0,WEST,"LAKE TAHOE BLVD","EMERALD BAY RD",200.00,E,N,A,-,Y,,,,,,,,,,N,4,0,1,2,A,-,05,21650,1,N,D,G,A,A,H,-,A,D,0,,Y,,,Y,,L,04,0,0,1,0,0,0,1,0,0,"- ","- ",,,"EL DORADO","SOUTH LAKE TAHOE",-120.00400543212891,38.913711547851562
84865346,2025,2025-10-23,0902,2025-09-27,1733,235,,6,5,3,0902,0,0,0,,0,EAST,"LAKE TAHOE BLVD","SKI RUN BLVD",50.00,W,N,A,-,Y,,,,,,,,,,Y,3,0,2,2,A,-,11,21954,A,N,G,B,D,A,H,-,A,D,0,Y,,Y,,Y,,N,60,0,1,1,0,1,0,0,0,1,"- ","- ",38.949459075927734,-119.95845794677734,"EL DORADO","SOUTH LAKE TAHOE",-119.95772552490234,38.948490142822266
84882018,2025,2025-10-13,0902,2025-08-08,1903,259,,5,5,3,0902,0,0,0,,0,,"LAKE TAHOE BLVD","FREMONT AVE",241.00,E,N,A,-,Y,ED,,50," "," ",78.523,H,,L,Y,3,0,1,3,A,-,03,22350,,N,C,C,A,A,H,-,A,A,0,,,,,Y,,A,07,0,1,0,0,0,0,0,0,0,"- ","- ",38.945880889892578,-119.97100067138672,"EL DORADO","SOUTH LAKE TAHOE",-119.97099304199219,38.945831298828125
8489624,2017,2017-12-04,0901,2017-10-16,1100,296,0901,1,5,2,0901,0,0,0,,0,PP1,"CANAL ST","HARVEY CT",0.00,,Y,A,-,N,,,,,,,,,,N,4,0,1,2,A,-,09,21804,A,N,D,C,A,A,H,-,A,D,0,,,,Y,Y,,A,01,0,0,1,0,0,0,0,0,0,"- ","- ",,,"EL DORADO",PLACERVILLE,-120.81567998,38.733679909999999
84898663,2025,2025-10-23,0902,2025-09-13,1743,244,,6,5,3,0902,0,0,0,,0,EAST,"LAKE TAHOE BLVD","WILDWOOD AVE",620.00,W,N,A,-,Y,,,,,,,,,,N,4,0,1,2,A,-,08,22107,,N,D,G,A,A,H,-,A,D,0,,Y,,,Y,,A,07,0,0,1,0,0,0,1,0,0,"- ","- ",38.951259613037109,-119.95448303222656,"EL DORADO","SOUTH LAKE TAHOE",-119.95539093017578,38.949535369873047
84898669,2025,2025-10-23,0902,2025-10-11,1650,239,,6,5,3,0902,0,0,0,,0,EAST,"PIONEER TRL","RALPH DR (N)",0.00,,Y,A,-,N,,,,,,,,,,Y,3,0,2,2,A,-,03,22350,,N,C,C,A,A,H,-,A,D,0,,,,,Y,,A,07,0,1,1,0,0,0,0,0,0,"- ","- ",38.925220489501953,-119.95494079589844,"EL DORADO","SOUTH LAKE TAHOE",-119.95529937744141,38.923828125
84898671,2025,2025-10-23,0902,2025-10-13,1028,258,,1,5,3,0902,0,0,0,,0,EAST,"LAKE TAHOE BLVD","ALAMEDA AVE",91.00,W,N,B,-,Y,ED,,50," "," ",78.072,H,,L,Y,4,0,1,1,A,-,08,22107,,N,E,I,A,B,H,-,A,D,0,,,,,Y,,A,01,0,0,1,0,0,0,0,0,0,"- ","- ",38.942218780517578,-119.97727966308594,"EL DORADO","SOUTH LAKE TAHOE",-119.97731781005859,38.942218780517578
84906600,2025,2025-10-29,0902,2025-10-25,1616,235,,6,5,3,0902,0,0,0,,0,EAST,"LAKE TAHOE BLVD","TALLAC AVE",0.00,,Y,B,-,Y,ED,,50," "," ",78.035,H,,L,Y,4,0,2,2,A,-,12,21453,A,F,D,C,A,B,H,-,A,A,0,,,,,Y,,A,07,0,0,2,0,0,0,0,0,0,"- ","- ",38.941699981689453,-119.97738647460938,"EL DORADO","SOUTH LAKE TAHOE",-119.97731781005859,38.941699981689453
84906601,2025,2025-10-29,0902,2025-10-26,1000,239,,7,5,3,0902,0,0,0,,0,MID,"MERCED AVE","NEVADA AVE",0.00,,Y,C,-,N,,,,,,,,,,Y,4,0,3,2,A,-,09,21803,A,N,D,C,A,B,H,-,A,A,0,,,,,Y,,A,07,0,0,3,0,0,0,0,0,0,"- ","- ",38.942829132080078,-119.98519897460938,"EL DORADO","SOUTH LAKE TAHOE",-119.98517608642578,38.942901611328125
84916376,2025,2025-11-07,0902,2025-08-25,2017,236,,1,5,3,0902,0,0,0,,0,EAST,"LAKE TAHOE BLVD","SKI RUN BLVD",330.00,W,N,A,-,Y,,,,,,,,,,N,4,0,1,2,A,-,08,22107,,N,D,G,A,A,H,-,C,D,0,,Y,,,Y,,L,04,0,0,1,0,0,0,1,0,0,"- ","- ",38.949459075927734,-119.95845794677734,"EL DORADO","SOUTH LAKE TAHOE",-119.95857238769531,38.948104858398438