CASE_ID,ACCIDENT_YEAR,PROC_DATE,JURIS,COLLISION_DATE,COLLISION_TIME,OFFICER_ID,REPORTING_DISTRICT,DAY_OF_WEEK,CHP_SHIFT,POPULATION,CNTY_CITY_LOC,SPECIAL_COND,BEAT_TYPE,CHP_BEAT_TYPE,CITY_DIVISION_LAPD,CHP_BEAT_CLASS,BEAT_NUMBER,PRIMARY_RD,SECONDARY_RD,DISTANCE,DIRECTION,INTERSECTION,WEATHER_1,WEATHER_2,STATE_HWY_IND,CALTRANS_COUNTY,CALTRANS_DISTRICT,STATE_ROUTE,ROUTE_SUFFIX,POSTMILE_PREFIX,POSTMILE,LOCATION_TYPE,RAMP_INTERSECTION,SIDE_OF_HWY,TOW_AWAY,COLLISION_SEVERITY,NUMBER_KILLED,NUMBER_INJURED,PARTY_COUNT,PRIMARY_COLL_FACTOR,PCF_CODE_OF_VIOL,PCF_VIOL_CATEGORY,PCF_VIOLATION,PCF_VIOL_SUBSECTION,HIT_AND_RUN,TYPE_OF_COLLISION,MVIW,PED_ACTION,ROAD_SURFACE,ROAD_COND_1,ROAD_COND_2,LIGHTING,CONTROL_DEVICE,CHP_ROAD_TYPE,PEDESTRIAN_ACCIDENT,BICYCLE_ACCIDENT,MOTORCYCLE_ACCIDENT,TRUCK_ACCIDENT,NOT_PRIVATE_PROPERTY,ALCOHOL_INVOLVED,STWD_VEHTYPE_AT_FAULT,CHP_VEHTYPE_AT_FAULT,COUNT_SEVERE_INJ,COUNT_VISIBLE_INJ,COUNT_COMPLAINT_PAIN,COUNT_PED_KILLED,COUNT_PED_INJURED,COUNT_BICYCLIST_KILLED,COUNT_BICYCLIST_INJURED,COUNT_MC_KILLED,COUNT_MC_INJURED,PRIMARY_RAMP,SECONDARY_RAMP,LATITUDE,LONGITUDE,COUNTY,CITY,POINT_X,POINT_Y
90015244,2015,2015-10-19,9245,2015-08-24,1720,015563,,1,2,9,0900,0,1,2,,1,170,US-50,"KYBURZ DR",530.00,E,N,A,-,Y,,,50,,,,,,,Y,4,0,2,2,A,-,03,22350,,N,F,A,A,A,H,-,A,A,0,,,,Y,Y,,G,25,0,0,2,0,0,0,0,0,0,"- ","- ",38.772770000000001,-120.29145,"EL DORADO",UNINCORPORATED,-120.29145262,38.772765440000001
90015418,2015,2015-10-19,9245,2015-08-31,2003,015262,,1,2,9,0900,0,2,4,,1,032,"S. SHINGLE RD","SILVER OAKS LN",384.00,N,N,A,-,N,,,,,,,,,,Y,3,0,1,1,A,-,03,22350,,N,F,A,A,A,H,-,D,A,0,,,Y,,Y,,C,02,0,1,0,0,0,0,0,0,1,"- ","- ",38.586100000000002,-120.96575,"EL DORADO",UNINCORPORATED,-120.9657172,38.586071019999999
90015422,2015,2015-10-19,9245,2015-08-31,0543,012833,,1,3,9,0900,0,2,4,,2,011,"GREEN VALLEY ROAD","BASS LAKE RD",0.00,,Y,A,-,N,,,,,,,,,,Y,4,0,2,2,A,-,09,21453,C,N,D,C,A,A,H,-,C,A,0,,,,,Y,,A,01,0,0,2,0,0,0,0,0,0,"- ","- ",38.698549999999997,-121.00776999999999,"EL DORADO",UNINCORPORATED,-121.00776999,38.698549880000002
90015438,2015,2015-10-19,9246,2015-08-12,1045,014302,,3,1,9,0900,0,1,2,,1,022,US-50,SR-89,211.00,W,N,A,-,Y,,,,,,,,,,Y,3,0,1,1,A,-,08,22107,,N,E,I,A,A,H,-,A,D,0,,,,,Y,,A,01,0,1,0,0,0,0,0,0,0,"- ","- ",,,"EL DORADO",UNINCORPORATED,-120.0229483,38.850736380000001
90016299,2015,2015-10-19,9245,2015-08-31,1545,013929,,1,2,9,0900,0,3,5,,2,001,"CAMBRIDGE ROAD","LA CANADA DRI VE",0.00,,Y,A,-,N,,,,,,,,,,Y,4,0,1,2,A,-,12,22450,A,N,D,C,A,A,H,-,A,A,0,,,,,Y,,A,01,0,0,1,0,0,0,0,0,0,"- ","- ",38.694040000000001,-121.00136999999999,"EL DORADO",UNINCORPORATED,-121.00137949000001,38.694051549999998
90016321,2015,2015-10-19,9245,2015-08-31,1445,015563,,1,2,9,0900,0,2,4,,1,043,"SLY PARK RD","PONY EXPRESS TRL",0.00,,Y,A,-,N,,,,,,,,,,Y,4,0,1,2,A,-,09,21800,C,N,D,C,A,A,H,-,A,A,0,,,,,Y,,A,07,0,0,1,0,0,0,0,0,0,"- ","- ",38.763069999999999,-120.57648,"EL DORADO",UNINCORPORATED,-120.57647987999999,38.763089999999998
90016669,2015,2015-10-19,9245,2015-09-02,1945,015607,,3,2,9,0900,0,3,5,,2,003,"GREENSTONE RD","SOUTH STUDEBAKER ROAD",318.00,S,N,A,-,N,,,,,,,,,,Y,3,0,1,1,A,-,05,21650,,N,E,I,A,A,H,-,B,D,0,,,,,Y,,A,07,0,1,0,0,0,0,0,0,0,"- ","- ",38.682189999999999,-120.88817,"EL DORADO",UNINCORPORATED,-120.887924,38.681946670000002
90016809,2015,2015-10-19,9246,2015-09-11,1242,017612,,5,1,9,0900,0,1,2,,1,022,"U.S. HIGHWAY 50","MEADOW VALE DR",5.00,W,N,B,-,Y,,,,,,,,,,Y,3,0,1,1,A,-,08,22107,,N,E,I,A,A,H,-,A,D,0,,,,,Y,,A,01,0,1,0,0,0,0,0,0,0,"- ","- ",38.870629999999998,-120.00615999999999,"EL DORADO",UNINCORPORATED,,
90016810,2015,2015-10-19,9246,2015-09-05,1650,018629,,6,2,9,0900,0,1,3,,1,030,US-50,"BALDWIN BEACH RD",0.00,,Y,A,-,Y,,,,,,,,,,N,4,0,1,3,A,-,03,22350,,N,C,C,A,A,H,-,A,D,0,,,,,Y,,A,07,0,0,1,0,0,0,0,0,0,"- ","- ",38.933790000000002,-120.05998,"EL DORADO",UNINCORPORATED,,
90016993,2015,2015-10-19,9245,2015-09-02,1523,017757,,3,2,9,0900,0,3,5,,2,003,"MOTHER LODE DR","DAVIDSON RD.",0.00,,Y,A,-,N,,,,,,,,,,N,4,0,1,2,A,-,01,23152,A,N,C,C,A,A,H,-,A,D,0,,,,,Y,Y,A,07,0,0,1,0,0,0,0,0,0,"- ","- ",38.679659999999998,-120.87067,"EL DORADO",UNINCORPORATED,-120.87076988,38.679579879999999
90016996,2015,2015-10-19,9245,2015-09-02,1110,018502,,3,1,9,0900,0,1,2,,2,110,"US-50 E/B","PONDEROSA RD",220.00,E,N,A,-,Y,,,50,,,,,,E,Y,3,0,1,1,A,-,01,23152,A,N,E,I,A,A,H,-,A,D,0,,,,,Y,Y,A,01,0,1,0,0,0,0,0,0,0,"- ","- ",38.66263,-120.93673,"EL DORADO",UNINCORPORATED,-120.93676231000001,38.662724330000003
90017020,2015,2015-10-19,9245,2015-09-03,1551,017089,,4,2,9,0900,0,1,2,,2,120,"US-50 E/B","RED HAWK PARKWAY",2112.00,W,N,A,-,Y,,,50,,,,,,E,N,4,0,1,2,A,-,03,22350,,N,C,C,A,A,H,-,A,D,0,,,,,Y,,D,22,0,0,1,0,0,0,0,0,0,"- ","- ",38.686120000000003,-120.90877,"EL DORADO",UNINCORPORATED,-120.90882773,38.686179580000001
90017046,2015,2015-10-19,9245,2015-09-03,0525,018502,,4,3,9,0900,0,2,4,,1,013,"SHINGLE RD","RED CLOVER LN",1000.00,S,N,A,-,Y,,,,,,,,,,Y,4,0,1,1,A,-,03,22350,,N,E,I,A,A,H,-,D,D,0,,,,,Y,,A,01,0,0,1,0,0,0,0,0,0,"- ","- ",38.691899999999997,-120.92995000000001,"EL DORADO",UNINCORPORATED,-120.9308808,38.693677170000001
90017555,2015,2015-10-19,9245,2015-09-03,1550,017757,,4,2,9,0900,0,1,2,,2,120,"US-50 E/B","RED HAWK PKWY.",2112.00,W,N,A,-,Y,,,50,,,,,,E,Y,2,0,3,2,A,-,03,22350,,N,C,C,A,A,H,-,A,D,0,,,,,Y,,A,01,1,0,2,0,0,0,0,0,0,"- ","- ",38.685920000000003,-120.90925,"EL DORADO",UNINCORPORATED,-120.90915303,38.68583521
90017624,2015,2015-10-19,9245,2015-09-04,0640,015609,,5,1,9,0900,0,1,2,,2,120,"US 50 E/B","MISSOURI FLAT",1056.00,W,N,A,-,Y,,,,,,,,,,Y,2,0,1,1,A,-,08,22107,,N,F,A,A,A,H,-,A,D,0,,,Y,,Y,,C,02,1,0,0,0,0,0,0,0,1,"- ","- ",38.708500000000001,-120.84452,"EL DORADO",UNINCORPORATED,-120.84198363,38.709304469999999
90017636,2015,2015-10-19,9245,2015-09-04,1415,018656,,5,2,9,0900,0,1,2,,1,170,US-50,"WRIGHTS LAKE RD",5280.00,W,N,A,-,N,,,50,,,,,,,N,4,0,1,1,A,-,08,22107,,N,E,I,A,A,H,-,A,D,0,,,,,Y,,A,07,0,0,1,0,0,0,0,0,0,"- ","- ",38.783239999999999,-120.22394,"EL DORADO",UNINCORPORATED,-120.22394541,38.783181659999997
90017641,2015,2015-10-19,9245,2015-09-04,0705,018502,,5,1,9,0900,0,2,4,,1,013,"PONDEROSA RD","MEDER RD",0.00,,Y,A,-,Y,,,,,,,,,,N,4,0,1,2,A,-,12,22450,A,N,D,C,A,A,H,-,A,A,0,,,,,Y,,A,07,0,0,1,0,0,0,0,0,0,"- ","- ",38.673160000000003,-120.94324,"EL DORADO",UNINCORPORATED,-120.94317992000001,38.673039950000003
90017703,2015,2015-10-19,9245,2015-09-08,1325,013463,,2,1,9,0900,0,2,4,,2,011,"MISSOURI FLAT RD","US-50 W/B ONRAMP",250.00,S,N,A,-,Y,,,50,,,,,,,N,4,0,1,2,A,-,03,22350,,N,C,C,A,A,H,-,A,D,0,,,,,Y,,A,01,0,0,1,0,0,0,0,0,0,"- ","- ",38.711269999999999,-120.8385,"EL DORADO",UNINCORPORATED,-120.83889025000001,38.711600220000001
90017711,2015,2015-10-19,9245,2015-09-08,0700,013929,,2,1,9,0900,0,1,2,,2,110,"RT 50","EL DORADO HILLS BLVD",2640.00,W,N,A,-,Y,,,,,,,,,,Y,4,0,1,2,A,-,07,21658,A,N,B,C,A,A,H,-,A,D,0,,,,Y,Y,,A,07,0,0,1,0,0,0,0,0,0,"- ","- ",,,"EL DORADO",UNINCORPORATED,-121.07196999999999,38.653419999999997
90017736,2015,2015-10-19,9245,2015-09-09,1654,017757,,3,2,9,0900,0,1,2,,2,120,"US-50 E/B TO MISSOURI FLAT RD.","MISSOURI FLAT RD.",40.00,W,N,A,-,Y,,,50,,,,R,,E,N,4,0,1,3,A,-,03,22350,,N,C,C,A,A,H,-,A,A,0,,,,,Y,,A,07,0,0,1,0,0,0,0,0,0,"- ","- ",38.71078,-120.8385,"EL DORADO",UNINCORPORATED,-120.8385,38.71078
90018430,2015,2015-10-19,9245,2015-09-10,1725,015607,,4,2,9,0900,0,3,5,,2,003,"OLD FRENCH TOWN ROAD","MARYBELLE LN",650.00,S,N,A,-,N,,,,,,,,,,Y,3,0,4,1,A,-,03,22350,,N,E,I,A,A,D,-,A,D,0,,,,,Y,,A,01,0,3,1,0,0,0,0,0,0,"- ","- ",38.655099999999997,-120.9004,"EL DORADO",UNINCORPORATED,-120.90031384,38.655298940000002
90018537,2015,2015-10-19,9245,2015-09-04,1820,018624,9245,5,2,9,0900,0,3,5,,2,002,"JOHNTOWN CREEK","HANCOCK RD",100.00,S,N,A,-,N,,,,,,,,,,Y,3,0,1,1,A,-,08,22107,,N,E,I,A,A,H,-,A,D,0,,,,,Y,,A,07,0,1,0,0,0,0,0,0,0,"- ","- ",38.501100000000001,-120.5215,"EL DORADO",UNINCORPORATED,-120.87085255,38.836277969999998
90018560,2015,2015-10-19,9245,2015-09-08,1505,015563,,2,2,9,0900,0,2,S,,2,005,"WENTWORTH SPRINGS RD.","TREEHOUSE LN",528.00,E,N,A,-,N,,,,,,,,,,Y,4,0,1,1,A,-,03,22350,,N,F,A,A,A,H,-,A,A,0,,,,Y,Y,,G,27,0,0,1,0,0,0,0,0,0,"- ","- ",38.94068,-120.73751,"EL DORADO",UNINCORPORATED,-120.73683118,38.941607650000002
90018608,2015,2015-10-19,9245,2015-09-10,0745,018502,,4,1,9,0900,0,3,5,,2,001,"MEDER RD","SIERRAMA DR",71.00,W,N,A,-,Y,,,,,,,,,,Y,4,0,2,1,A,-,08,22107,,N,E,I,A,A,H,-,A,D,0,,,,,Y,,A,01,0,0,2,0,0,0,0,0,0,"- ","- ",38.679499999999997,-120.95916,"EL DORADO",UNINCORPORATED,-120.9591398,38.67951395
90018625,2015,2015-10-19,9245,2015-09-10,1510,015607,,4,2,9,0900,0,2,4,,2,011,"GREEN VALLEY ROAD","SILVA VALLEY PKY",316.00,W,N,A,-,N,,,,,,,,,,Y,4,0,2,2,A,-,03,22350,,N,C,C,A,A,H,-,A,D,0,,,,Y,Y,,F,26,0,0,2,0,0,0,0,0,0,"- ","- ",38.7102,-121.077,"EL DORADO",UNINCORPORATED,-121.07658189,38.710286009999997
90018692,2015,2015-10-19,9245,2015-09-12,1716,018663,,6,2,9,0900,0,1,2,,2,140,"US-50 E/B","CARSON RD",0.00,,Y,A,-,Y,,,50,,,,,,E,Y,4,0,3,2,A,-,09,21802,A,N,D,C,A,A,H,-,A,D,0,,,,,Y,,A,07,0,0,3,0,0,0,0,0,0,"- ","- ",38.740009999999998,-120.69699,"EL DORADO",UNINCORPORATED,-120.69699187000001,38.740024460000001
90019610,2015,2015-10-19,9245,2015-09-12,1400,013929,9246,6,2,9,0900,0,1,S,,2,904,"RT 50","SLIPPERY FORD ROAD",550.00,E,N,A,F,Y,,,,,,,,,,Y,3,0,1,1,A,-,08,22107,,N,F,A,A,A,H,-,A,D,0,,,Y,,Y,,C,02,0,1,0,0,0,0,0,0,1,"- ","- ",,,"EL DORADO",UNINCORPORATED,,
90019935,2015,2015-10-19,9245,2015-09-16,1810,018663,,3,2,9,0900,0,2,4,,1,013,"LOTUS RD","GRANITE CREEK DR",0.00,,N,C,-,N,,,,,,,,,,Y,2,0,2,1,A,-,01,23152,A,N,E,I,A,B,H,-,A,D,0,,,,,Y,Y,A,01,1,1,0,0,0,0,0,0,0,"- ","- ",38.781599999999997,-120.91703,"EL DORADO",UNINCORPORATED,-120.9141899,38.788249960000002
90020037,2015,2015-12-04,9245,2015-09-09,1200,012315,,3,1,9,0900,0,2,4,,1,039,"MOTHERLODE DR","PLEASANT VALLEY RD",400.00,E,N,A,-,N,,,,,,,,,,N,4,0,1,2,A,-,17,22109,,N,C,C,A,A,H,-,A,D,0,,,,,Y,,A,01,0,0,1,0,0,0,0,0,0,"- ","- ",38.681780000000003,-120.86823,"EL DORADO",UNINCORPORATED,-120.86885974,38.68112026
90021038,2015,2015-10-29,9245,2015-09-20,1550,015262,,7,2,9,0900,0,1,2,,2,110,"US HIGHWAY 50 WESTBOUND","SILVA VALLEY PKY",2640.00,E,N,A,-,Y,,,50,,,,,,W,Y,3,0,1,1,A,-,08,22107,,N,E,I,A,A,D,-,A,A,0,,,,,Y,,E,22,0,1,0,0,0,0,0,0,0,"- ","- ",38.658659999999998,-121.04884,"EL DORADO",UNINCORPORATED,-121.04883569,38.65870391
90021153,2015,2015-10-19,9245,2015-09-21,2230,012833,,1,3,9,0900,0,3,5,,2,001,"KNOLLWOOD DR","KIMBERLY RD",96.00,E,N,A,-,N,,,,,,,,,,Y,4,0,1,1,A,-,01,23152,A,N,E,I,A,A,H,-,D,D,0,,,,,Y,Y,A,01,0,0,1,0,0,0,0,0,0,"- ","- ",38.66207,-121.00086,"EL DORADO",UNINCORPORATED,-121.0007481,38.661926940000001
90022463,2015,2015-10-19,9246,2015-09-16,0335,018418,,3,3,9,0900,0,2,4,,1,024,"PIONEER TR","HEKPA DR",10.00,W,N,B,-,N,,,,,,,,,,Y,4,0,1,1,A,-,01,23152,A,N,E,I,A,A,H,-,D,D,0,,,,,Y,Y,A,01,0,0,1,0,0,0,0,0,0,"- ","- ",,,"EL DORADO",UNINCORPORATED,-119.98913131,38.880928189999999
90022630,2015,2015-10-19,9245,2015-09-19,1105,012382,,6,1,9,0900,0,1,2,,2,150,US-50,"MILL RUN",0.00,,Y,A,-,Y,,,50,,,,,,,Y,2,0,5,2,A,-,09,21802,A,N,D,C,A,A,H,-,A,A,0,,,,,Y,,A,01,2,0,3,0,0,0,0,0,0,"- ","- ",38.759599999999999,-120.51934,"EL DORADO",UNINCORPORATED,-120.51935188,38.759551979999998
90024376,2015,2015-10-19,9245,2015-09-28,1305,013342,,1,1,9,0900,0,2,4,,1,043,"SLY PARK ROAD","PARK CREEK ROAD",671.00,S,N,A,-,N,,,,,,,,,,Y,3,0,1,2,A,-,05,21460,A,F,B,C,A,A,H,-,A,D,0,,,,,Y,,A,01,0,1,0,0,0,0,0,0,0,"- ","- ",38.753019999999999,-120.55701000000001,"EL DORADO",UNINCORPORATED,-120.55709302,38.752200729999998
90024485,2015,2015-10-19,9245,2015-09-11,1850,015607,,5,2,9,0900,0,1,2,,2,150,US-50,"STACY LN",319.00,E,N,A,-,Y,,,50,,,,,,,Y,4,0,1,3,A,-,01,23152,A,N,B,C,A,A,H,-,A,D,0,,,,,Y,Y,A,01,0,0,1,0,0,0,0,0,0,"- ","- ",38.767429999999997,-120.55367,"EL DORADO",UNINCORPORATED,-120.55367072999999,38.767421349999999
90024558,2015,2015-10-19,9245,2015-09-19,0440,016465,,6,3,9,0900,0,1,2,,2,150,"US-50 E/B","ICE HOUSE RD",5280.00,W,N,A,-,Y,,,50,,,,,,E,N,3,0,1,2,A,-,11,21461,,N,G,B,E,A,H,-,D,D,0,Y,,,,Y,Y,N,60,0,1,0,0,1,0,0,0,0,"- ","- ",38.776130000000002,-120.46149,"EL DORADO",UNINCORPORATED,-120.46151544,38.776081779999998
90025241,2015,2015-10-19,9245,2015-09-19,1645,017089,,6,2,9,0900,0,1,3,,1,135,SR-49,"CRYSTAL BOULEVARD",1056.00,S,N,A,-,Y,,,49,,,,,,,Y,3,0,1,1,A,-,08,22107,,N,E,I,A,A,H,-,A,D,0,,,,,Y,,A,07,0,1,0,0,0,0,0,0,0,"- ","- ",38.630409999999998,-120.85254,"EL DORADO",UNINCORPORATED,-120.85249751000001,38.630409620000002
90025518,2015,2015-10-19,9245,2015-09-23,1520,015459,,3,2,9,0900,0,2,4,,1,025,"PONY EXPRESS TRL","GILMORE RD",20.00,W,N,A,-,N,,,,,,,,,,N,4,0,1,2,A,-,03,22350,,N,C,C,A,A,H,-,A,D,0,,,Y,,Y,,C,02,0,0,1,0,0,0,0,0,1,"- ","- ",,,"EL DORADO",UNINCORPORATED,-120.60864725,38.751238309999998
90026091,2015,2015-10-19,9245,2015-08-11,2103,013405,,2,2,9,0900,0,2,S,,2,005,"CARSON ROAD","PSYLLA LN",1900.00,E,N,A,-,N,,,,,,,,,,Y,3,0,1,2,A,-,05,21460,A,N,B,C,A,A,H,-,D,D,0,,,,,Y,,A,01,0,1,0,0,0,0,0,0,0,"- ","- ",38.739240000000002,-120.68335999999999,"EL DORADO",UNINCORPORATED,-120.68205322999999,38.739031750000002
90026094,2015,2015-10-19,9245,2015-08-19,1905,013603,,3,2,9,0900,0,2,4,,2,012,"SALMON FALLS ROAD","PERSIA LANE",528.00,S,N,A,-,N,,,,,,,,,,Y,4,0,1,1,A,-,03,22350,,N,E,I,A,A,H,-,A,D,0,,,Y,,Y,,C,02,0,0,1,0,0,0,0,0,1,"- ","- ",38.762970000000003,-121.04263,"EL DORADO",UNINCORPORATED,-121.04275497,38.763240889999999
90026122,2015,2015-10-19,9245,2015-09-12,1756,017897,,6,2,9,0900,0,1,2,,2,110,"US-50 E/B","SILVA VALLEY PKY",1949.00,E,N,A,-,Y,,,50,,,,,,E,Y,2,0,2,2,A,-,01,23152,E,N,B,C,A,A,H,-,A,D,0,,,,,Y,,D,22,1,1,0,0,0,0,0,0,0,"- ","- ",38.658140000000003,-121.04765999999999,"EL DORADO",UNINCORPORATED,-121.04768704999999,38.65800308
90026167,2015,2015-10-19,9245,2015-09-24,0109,016465,,4,3,9,0900,0,2,4,,1,024,"CARSON RD","PROUTY LN",101.00,E,N,A,-,N,,,,,,,,,,Y,3,0,1,1,A,-,01,23152,E,N,F,A,A,A,H,-,C,D,0,,,Y,,Y,,C,02,0,1,0,0,0,0,0,0,1,"- ","- ",38.740250000000003,-120.67042000000001,"EL DORADO",UNINCORPORATED,-120.67031664,38.740142140000003
90026172,2015,2015-10-19,9245,2015-09-24,1656,017089,,4,2,9,0900,0,2,4,,2,012,"EL DORADO HILLS BOULEVARD S/B","GOVERNOR DRIVE",120.00,S,N,A,-,N,,,,,,,,,,N,3,0,2,3,A,-,03,22350,,N,C,C,A,A,H,-,A,D,0,,,,,Y,,A,01,0,1,1,0,0,0,0,0,0,"- ","- ",38.686059999999998,-121.07979,"EL DORADO",UNINCORPORATED,-121.07976696,38.686215939999997
90026199,2015,2015-10-19,9246,2015-10-03,0005,018629,,6,3,9,0900,0,2,4,,1,025,"NORTH UPPER TRUCKEE RD","OTOMITES ST",528.00,S,N,A,-,N,,,,,,,,,,Y,3,0,1,1,A,-,01,23152,A,N,F,A,A,A,H,-,D,D,0,,,,,Y,Y,A,07,0,1,0,0,0,0,0,0,0,"- ","- ",38.790990000000001,-119.99863999999999,"EL DORADO",UNINCORPORATED,-120.03241998,38.850369989999997
90026296,2015,2015-10-19,9246,2015-09-22,1630,015335,,2,2,9,0900,0,3,5,,2,300,"KING GEORGE DR","WILLIAMS LN",84.00,E,N,A,-,N,,,,,,,,,,N,4,0,1,1,B,-,22,,,N,E,I,A,A,H,-,A,D,0,,,,,Y,,-,"- ",0,0,1,0,0,0,0,0,0,"- ","- ",39.07826,-120.17624000000001,"EL DORADO",UNINCORPORATED,-120.12168145,39.015929749999998
90026349,2015,2015-10-19,9246,2015-09-26,1440,018006,,6,2,9,0900,0,1,3,,1,023,"STATE ROUTE 89","SOUTH UPPER TRUCKEE RD",300.00,N,N,A,-,Y,,,,,,,,,,N,3,0,1,1,A,-,03,22350,,N,F,A,A,A,H,-,A,D,0,,Y,,,Y,,L,04,0,1,0,0,0,0,1,0,0,"- ","- ",,,"EL DORADO",UNINCORPORATED,-120.00983198,38.796513529999999
90026444,2015,2015-10-19,9246,2015-09-16,1230,014471,,3,1,9,0900,0,1,2,,1,021,"RT 50","ECHO LAKES SNO-PARK",3696.00,E,N,A,-,Y,,,50,,,,,,,Y,2,0,1,1,A,-,03,22350,,N,E,I,A,A,H,-,A,D,0,,,Y,,Y,,C,02,1,0,0,0,0,0,0,0,1,"- ","- ",38.818339999999999,-120.02769000000001,"EL DORADO",UNINCORPORATED,-120.02768896000001,38.818339270000003
90026937,2015,2015-10-19,9245,2015-09-26,0915,018240,,6,1,9,0900,0,1,3,,1,122,SR-193,"MINERS SPRING ROAD",2112.00,S,N,A,-,Y,,,193,,,,,,,Y,4,0,1,2,A,-,03,22350,,N,A,C,A,A,H,-,A,D,0,,,,,Y,,A,01,0,0,1,0,0,0,0,0,0,"- ","- ",38.75506,-120.81874000000001,"EL DORADO",UNINCORPORATED,-120.81874911,38.755052450000001
90027007,2015,2015-10-19,9245,2015-09-27,1220,012315,,7,1,9,0900,0,1,2,,2,140,"US-50 E/B","UPPER CARSON ROAD",386.00,W,N,B,-,Y,,,50,,,,,,E,Y,4,0,2,3,A,-,01,23152,A,N,C,C,A,A,H,-,A,A,0,,,,,Y,Y,A,07,0,0,2,0,0,0,0,0,0,"- ","- ",38.740020000000001,-120.69698,"EL DORADO",UNINCORPORATED,-120.69698077,38.740025899999999
90027030,2015,2015-10-19,9245,2015-09-28,1143,013463,,1,1,9,0900,0,1,2,,1,160,US-50,"ALDER CREEK RD",2640.00,W,N,A,-,Y,,,50,,,,,,,Y,3,0,1,3,A,-,03,22350,,N,C,C,A,A,H,-,A,D,0,,,Y,,Y,,C,02,0,1,0,0,0,0,0,0,1,"- ","- ",38.763979999999997,-120.32885,"EL DORADO",UNINCORPORATED,-120.32885014999999,38.763994609999997
90027034,2015,2015-10-19,9245,2015-09-28,1755,017757,,1,2,9,0900,0,3,5,,2,004,"CEDAR RAVINE RD.","PLEASANT VALLEY RD.",1056.00,N,N,A,-,N,,,,,,,,,,Y,3,0,3,2,A,-,08,22107,,N,B,C,A,A,H,-,A,D,0,,,,,Y,,D,22,0,2,1,0,0,0,0,0,0,"- ","- ",38.682270000000003,-120.74323,"EL DORADO",UNINCORPORATED,-120.74236489,38.681282439999997
90027041,2015,2015-10-19,9245,2015-09-29,1815,015563,,2,2,9,0900,0,2,4,,1,041,"PLEASANT VALLEY ROAD","BODEGA WAY",650.00,E,N,A,-,N,,,,,,,,,,Y,4,0,1,1,A,-,08,22107,,N,F,A,A,A,H,-,A,D,0,,,,,Y,,A,07,0,0,1,0,0,0,0,0,0,"- ","- ",38.69021,-120.69922,"EL DORADO",UNINCORPORATED,-120.69940176999999,38.690146949999999
90028357,2015,2015-10-19,9246,2015-09-23,1540,014302,,3,2,9,0900,0,1,3,,1,023,SR-89,"SHAKORI DR",5.00,N,N,A,-,Y,,,,,,,,,,N,4,0,1,2,A,-,09,21801,A,N,H,G,A,A,H,-,A,D,0,,Y,,,Y,,D,22,0,0,1,0,0,0,1,0,0,"- ","- ",,,"EL DORADO",UNINCORPORATED,-120.01810235000001,38.842023599999997
90028488,2015,2015-12-09,9245,2015-09-29,1920,015421,,2,2,9,0900,0,3,5,,2,004,"SLY PARK ROAD","GOLD RIDGE TRL",1056.00,N,N,C,-,N,,,,,,,,,,Y,4,0,1,1,A,-,08,22107,,N,E,I,A,B,H,-,D,D,0,,,,,Y,,A,07,0,0,1,0,0,0,0,0,0,"- ","- ",38.749040000000001,-120.58089,"EL DORADO",UNINCORPORATED,-120.57526673,38.759820400000002
90028515,2015,2015-10-19,9245,2015-09-30,1135,018240,,3,1,9,0900,0,2,4,,1,042,"BUCKS BAR RD","CATTLE CREEK LN",2640.00,N,N,C,-,N,,,,,,,,,,N,4,0,2,2,A,-,03,22350,,N,C,C,A,B,H,-,A,D,0,,,,,Y,,A,01,0,0,2,0,0,0,0,0,0,"- ","- ",38.668439999999997,-120.71629,"EL DORADO",UNINCORPORATED,-120.71593815999999,38.664340529999997
90028865,2015,2015-10-19,9245,2015-09-26,1754,018663,,6,2,9,0900,0,3,5,,2,004,"OMO RANCH RD","RANCH CAMP RD",185.00,W,N,A,-,N,,,,,,,,,,Y,2,0,5,1,A,-,01,23152,A,N,F,A,A,A,H,-,A,D,0,,,,,Y,Y,A,07,4,1,0,0,0,0,0,0,0,"- ","- ",38.566679999999998,-120.70484999999999,"EL DORADO",UNINCORPORATED,-120.70554455,38.566649320000003
90029051,2015,2015-10-19,9245,2015-10-01,1607,018663,,4,2,9,0900,0,3,5,,2,001,"MEDER RD","MEDER CT",65.00,E,N,B,-,N,,,,,,,,,,Y,3,0,1,1,A,-,08,22107,,N,E,I,A,A,H,-,A,D,0,,,,,Y,,A,01,0,1,0,0,0,0,0,0,0,"- ","- ",38.675190000000001,-120.94779,"EL DORADO",UNINCORPORATED,-120.94846198,38.675289990000003
90029136,2015,2015-10-19,9245,2015-10-03,2305,017737,,6,3,9,0900,0,3,5,,2,001,"LOTUS RD","HEAVEN'S GATE",6.00,E,N,A,-,N,,,,,,,,,,Y,4,0,1,2,A,-,01,23152,A,N,A,C,A,A,H,-,D,D,0,,,Y,,Y,Y,C,02,0,0,1,0,0,0,0,0,1,"- ","- ",38.794420000000002,-120.91244,"EL DORADO",UNINCORPORATED,-120.91315545,38.793911899999998
90029404,2015,2015-10-19,9245,2015-10-08,1545,018656,,4,2,9,0900,1,2,4,,2,011,"LA CRESCENTA DR","GREEN VALLEY RD",0.00,,Y,A,-,N,,,,,,,,,,N,4,0,1,2,A,-,08,22107,,N,D,C,A,A,H,-,A,D,0,,,Y,,Y,,H,13,0,0,1,0,0,0,0,0,1,"- ","- ",38.700209999999998,-120.9901,"EL DORADO",UNINCORPORATED,-120.99002987999999,38.70002994