CASE_ID,ACCIDENT_YEAR,PROC_DATE,JURIS,COLLISION_DATE,COLLISION_TIME,OFFICER_ID,REPORTING_DISTRICT,DAY_OF_WEEK,CHP_SHIFT,POPULATION,CNTY_CITY_LOC,SPECIAL_COND,BEAT_TYPE,CHP_BEAT_TYPE,CITY_DIVISION_LAPD,CHP_BEAT_CLASS,BEAT_NUMBER,PRIMARY_RD,SECONDARY_RD,DISTANCE,DIRECTION,INTERSECTION,WEATHER_1,WEATHER_2,STATE_HWY_IND,CALTRANS_COUNTY,CALTRANS_DISTRICT,STATE_ROUTE,ROUTE_SUFFIX,POSTMILE_PREFIX,POSTMILE,LOCATION_TYPE,RAMP_INTERSECTION,SIDE_OF_HWY,TOW_AWAY,COLLISION_SEVERITY,NUMBER_KILLED,NUMBER_INJURED,PARTY_COUNT,PRIMARY_COLL_FACTOR,PCF_CODE_OF_VIOL,PCF_VIOL_CATEGORY,PCF_VIOLATION,PCF_VIOL_SUBSECTION,HIT_AND_RUN,TYPE_OF_COLLISION,MVIW,PED_ACTION,ROAD_SURFACE,ROAD_COND_1,ROAD_COND_2,LIGHTING,CONTROL_DEVICE,CHP_ROAD_TYPE,PEDESTRIAN_ACCIDENT,BICYCLE_ACCIDENT,MOTORCYCLE_ACCIDENT,TRUCK_ACCIDENT,NOT_PRIVATE_PROPERTY,ALCOHOL_INVOLVED,STWD_VEHTYPE_AT_FAULT,CHP_VEHTYPE_AT_FAULT,COUNT_SEVERE_INJ,COUNT_VISIBLE_INJ,COUNT_COMPLAINT_PAIN,COUNT_PED_KILLED,COUNT_PED_INJURED,COUNT_BICYCLIST_KILLED,COUNT_BICYCLIST_INJURED,COUNT_MC_KILLED,COUNT_MC_INJURED,PRIMARY_RAMP,SECONDARY_RAMP,LATITUDE,LONGITUDE,COUNTY,CITY,POINT_X,POINT_Y
90156320,2016,2016-04-12,9245,2016-04-10,0550,013342,,7,3,9,0900,0,2,4,,1,037,"PLEASANT VALLEY ROAD","SLATE CREEK ROAD",175.00,W,N,B,-,N,,,,,,,,,,Y,4,0,1,1,A,-,03,22350,,N,E,I,A,B,H,-,D,D,0,,,,,Y,,A,07,0,0,1,0,0,0,0,0,0,"- ","- ",38.681469999999997,-120.85971000000001,"EL DORADO",UNINCORPORATED,-120.85991874,38.681531630000002
90158103,2016,2016-04-14,9245,2016-04-03,0150,018782,,7,3,9,0900,0,3,5,,2,001,"STAGECOACH RD","COUNTRYSIDE DR",1584.00,N,N,A,-,N,,,,,,,,,,Y,2,0,2,1,A,-,01,23152,A,N,E,I,A,A,H,-,D,D,0,,,,,Y,Y,A,07,2,0,0,0,0,0,0,0,0,"- ","- ",38.730580000000003,-120.89581,"EL DORADO",UNINCORPORATED,-120.89495888,38.728525429999998
90158333,2016,2016-04-15,9246,2016-04-07,2255,018629,,4,3,9,0900,0,3,5,,2,200,"APACHE AVE","MOHICAN DR",0.00,,Y,A,-,N,,,,,,,,,,Y,3,0,1,1,A,-,01,23152,A,N,F,A,A,A,H,-,D,D,0,,,,,Y,Y,A,07,0,1,0,0,0,0,0,0,0,"- ","- ",38.852789999999999,-120.00372,"EL DORADO",UNINCORPORATED,-120.00910994,38.856149979999998
90158604,2016,2016-04-15,9245,2016-04-11,1420,015263,,1,2,9,0900,0,3,5,,2,001,"SERRANO PARKWAY","MIRALO DRIVE",425.00,W,N,B,-,N,,,,,,,,,,Y,3,0,1,1,A,-,08,22107,,N,E,I,A,A,H,-,A,D,0,,,,,Y,,A,01,0,1,0,0,0,0,0,0,0,"- ","- ",38.407089999999997,-121.41007999999999,"EL DORADO",UNINCORPORATED,-121.06916111,38.668913330000002
90160617,2016,2016-04-19,9245,2016-04-06,1044,016629,,3,1,9,0900,0,1,2,,2,120,"US 50 W/B","SHINGLE SPRINGS DR",1056.00,E,N,A,-,Y,,,,,,,,,,Y,3,0,1,1,A,-,03,22350,,N,E,I,A,A,H,-,A,D,0,,,,,Y,,A,07,0,1,0,0,0,0,0,0,0,"- ","- ",38.685339999999997,-120.91013,"EL DORADO",UNINCORPORATED,-120.91271424,38.682747210000002
90160760,2016,2016-04-19,9246,2016-04-11,1837,018006,,1,2,3,0902,0,2,S,,2,901,"LAKE TAHOE BLVD","TATA LANE",30.00,E,N,B,-,N,,,,,,,,,,Y,3,0,2,3,A,-,03,22350,,N,C,C,A,A,H,-,A,D,0,,,,,Y,Y,J,48,0,1,1,0,0,0,0,0,0,"- ","- ",38.911960000000001,-120.00796,"EL DORADO","SOUTH LAKE TAHOE",-120.00791542,38.911939109999999
90162093,2016,2016-04-20,9245,2016-04-14,1525,017756,,4,2,9,0900,0,3,5,,2,003,"LATROBE ROAD","SOUTH SHINGLE ROAD",6019.00,S,N,A,-,N,,,,,,,,,,Y,4,0,1,1,A,-,08,22107,,N,E,I,A,A,H,-,A,D,0,,,,,Y,,D,22,0,0,1,0,0,0,0,0,0,"- ","- ",38.323799999999999,-120.5814,"EL DORADO",UNINCORPORATED,-120.97077487,38.544183070000003
90162517,2016,2016-04-21,9245,2016-04-19,1420,015263,,2,2,9,0900,0,3,5,,2,001,"SILVA VALLEY PARKWAY","SERRANO PARKWAY",100.00,S,N,B,-,N,,,,,,,,,,Y,4,0,2,3,A,-,03,22350,,N,C,C,A,A,H,-,A,A,0,,,,,Y,,D,22,0,0,2,0,0,0,0,0,0,"- ","- ",38.401139999999998,-121.34832,"EL DORADO",UNINCORPORATED,-121.06361681999999,38.669866509999999
90163572,2016,2016-04-22,9245,2016-04-09,1755,017897,,6,2,9,0900,0,2,4,,2,031,"LATROBE RD","SUN RIDGE MEADOW RD",6336.00,S,N,B,C,N,,,,,,,,,,Y,4,0,1,1,A,-,08,22107,,N,E,I,A,B,H,-,A,D,0,,,,,Y,Y,A,01,0,0,1,0,0,0,0,0,0,"- ","- ",38.573090000000001,-120.995,"EL DORADO",UNINCORPORATED,-120.99561686,38.573637179999999
90163605,2016,2016-04-22,9245,2016-04-09,1519,017897,,6,2,9,0900,0,1,2,,1,160,US-50,"WHITEHALL BLUFFS RD",3168.00,W,N,B,C,Y,,,50,,,,,,,Y,3,0,1,1,A,-,08,22107,,N,E,I,A,B,H,-,A,D,0,,,,,Y,,A,07,0,1,0,0,0,0,0,0,0,"- ","- ",38.775210000000001,-120.41515,"EL DORADO",UNINCORPORATED,-120.41514208,38.775175560000001
90163614,2016,2016-04-22,9245,2016-04-16,1155,016451,,6,1,9,0900,0,1,3,,1,122,SR-193,SR-49,3696.00,N,N,A,-,Y,,,193,,,,,,,Y,4,0,4,2,A,-,05,21460,A,N,A,C,A,A,H,-,A,D,0,,,,,Y,,A,01,0,0,4,0,0,0,0,0,0,"- ","- ",38.747390000000003,-120.81685,"EL DORADO",UNINCORPORATED,-120.81689459,38.747441459999997
90163759,2016,2016-04-22,9245,2016-04-17,2130,018799,,7,2,9,0900,0,3,5,,2,002,"FOREBAY RD","KODIAK TRL",1056.00,E,N,A,-,N,,,,,,,,,,Y,3,0,1,1,A,-,01,23152,A,N,E,J,A,A,H,-,D,D,0,,,,,Y,Y,D,22,0,1,0,0,0,0,0,0,0,"- ","- ",38.77496,-120.59697,"EL DORADO",UNINCORPORATED,-120.59616262,38.774367570000003
90164702,2016,2016-08-15,9246,2016-04-22,1502,016041,,5,2,9,0900,0,2,4,,1,024,"PIONEER TRAIL","EVELYN RD",528.00,S,N,B,D,N,,,,,,,,,,Y,3,0,1,2,A,-,03,22350,,N,D,C,A,C,H,-,A,D,0,,,,,Y,,A,07,0,1,0,0,0,0,0,0,0,"- ","- ",38.862490000000001,-120.00620000000001,"EL DORADO",UNINCORPORATED,-120.00422,38.862430000000003
90164731,2016,2016-04-25,9245,2016-04-15,1455,017897,,5,2,9,0900,0,3,5,,2,001,"PEDRO HILL RD","NANCE LN",0.00,,Y,A,-,N,,,,,,,,,,N,4,0,1,2,A,-,09,21801,A,N,D,C,A,A,H,-,A,D,0,,,,,Y,,A,07,0,0,1,0,0,0,0,0,0,"- ","- ",38.832599999999999,-121.01023000000001,"EL DORADO",UNINCORPORATED,-121.01015999000001,38.83241992
90164859,2016,2016-04-25,9246,2016-04-23,0800,016041,,6,1,9,0900,0,2,4,,1,024,"PIONEER TRAIL","BUSCH WAY",375.00,N,N,A,-,N,,,,,,,,,,Y,3,0,2,1,A,-,03,22350,,N,E,I,A,C,H,-,A,D,0,,,,,Y,,D,22,0,2,0,0,0,0,0,0,0,"- ","- ",38.877380000000002,-119.99057999999999,"EL DORADO",UNINCORPORATED,-119.99073516999999,38.877138379999998
90165093,2016,2016-04-25,9245,2016-04-17,1842,015607,,7,2,2,0901,0,1,2,,2,120,"US-50 E/B","PLACERVILLE DRIVE O/C",136.00,E,N,A,-,Y,,,50,,,,,,E,Y,4,0,1,1,A,-,01,23152,A,N,E,I,A,A,H,-,A,D,0,,,,,Y,Y,A,01,0,0,1,0,0,0,0,0,0,"- ","- ",38.721290000000003,-120.83305,"EL DORADO",PLACERVILLE,-120.83309305,38.721413839999997
90165145,2016,2016-04-26,9245,2016-04-21,1932,017897,,4,2,9,0900,0,2,4,,1,013,"LOTUS RD","GRANITE CREEK",50.00,S,N,A,-,N,,,,,,,,,,Y,4,0,1,1,A,-,01,23152,A,N,E,I,A,A,H,-,B,D,0,,,,,Y,Y,A,07,0,0,1,0,0,0,0,0,0,"- ","- ",38.788400000000003,-120.91454,"EL DORADO",UNINCORPORATED,-120.91428096999999,38.788132619999999
90166540,2016,2016-04-27,9245,2016-04-22,0915,012382,,5,1,9,0900,0,3,5,,2,004,"BUCKS BAR RD","PALACE LN",2640.00,S,N,B,C,N,,,,,,,,,,Y,4,0,1,1,A,-,03,22350,,N,F,A,A,B,H,-,A,A,0,,,,,Y,,A,01,0,0,1,0,0,0,0,0,0,"- ","- ",38.668770000000002,-120.71639999999999,"EL DORADO",UNINCORPORATED,-120.73140859999999,38.67514757
90166924,2016,2016-04-27,9245,2016-04-24,0950,013929,,7,1,9,0900,0,2,4,,1,042,"BUCKS BAR ROAD","SPRINGER ROAD",24.00,W,N,A,-,N,,,,,,,,,,Y,4,0,1,3,A,-,03,22350,,N,C,C,A,A,H,-,A,D,0,,,,,Y,,A,01,0,0,1,0,0,0,0,0,0,"- ","- ",38.675150000000002,-120.72920999999999,"EL DORADO",UNINCORPORATED,-120.72924388,38.675085699999997
90167001,2016,2016-04-27,9245,2016-04-24,0745,012315,,7,1,9,0900,0,1,2,,1,160,"US-50 W/B","35 MILE STONE TRAIL",3696.00,E,N,B,-,Y,,,50,,,,,,W,Y,3,0,1,1,A,-,01,23152,A,M,E,I,A,A,H,-,A,D,0,,,,,Y,Y,A,01,0,1,0,0,0,0,0,0,0,"- ","- ",38.780720000000002,-120.24469000000001,"EL DORADO",UNINCORPORATED,-120.24469628,38.780616469999998
90167185,2016,2016-04-27,9245,2016-04-18,1742,015607,,1,2,9,0900,0,2,4,,2,011,"GREEN VALLEY ROAD E/B","FRANCISCO DR",519.00,W,N,A,-,N,,,,,,,,,,Y,4,0,1,2,A,-,01,23152,E,N,C,C,A,A,H,-,A,A,0,,,,,Y,,A,01,0,0,1,0,0,0,0,0,0,"- ","- ",38.709200000000003,-121.0865,"EL DORADO",UNINCORPORATED,-121.08719531,38.709341709999997
90167620,2016,2016-04-28,9245,2016-04-21,2100,018656,,4,2,9,0900,0,3,5,,2,002,"COLD SPRINGS RD","SALLY LN",120.00,E,N,A,-,N,,,,,,,,,,Y,3,0,1,1,A,-,03,22350,,N,E,I,A,A,H,-,D,D,0,,,,,Y,,A,01,0,1,0,0,0,0,0,0,0,"- ","- ",38.741250000000001,-120.86712,"EL DORADO",UNINCORPORATED,-120.86756615,38.74105539
90167995,2016,2016-04-28,9245,2016-04-26,1720,016495,,2,2,9,0900,0,2,4,,1,041,"PLEASANT VALLEY RD","ZANDONELLA RD",513.00,E,N,B,-,N,,,,,,,,,,Y,3,0,2,2,A,-,01,23152,A,N,A,C,A,A,H,-,A,D,0,,,,,Y,Y,A,07,0,1,1,0,0,0,0,0,0,"- ","- ",38.68571,-120.77813,"EL DORADO",UNINCORPORATED,-120.78668069,38.689720340000001
90169409,2016,2016-04-29,9246,2016-04-25,1030,014478,,1,1,9,0900,0,2,4,,1,024,"PIONEER TR","MANDAN ST",1056.00,S,N,D,-,N,,,,,,,,,,Y,3,0,1,1,A,-,03,22350,,N,E,I,A,C,H,-,A,D,0,,,,,Y,,D,22,0,1,0,0,0,0,0,0,0,"- ","- ",38.861649999999997,-120.00397,"EL DORADO",UNINCORPORATED,-120.00508394000001,38.862439999999999
90169531,2016,2016-04-29,9245,2016-04-28,0900,012382,,4,1,9,0900,0,2,4,,1,025,"PONY EXPRESS TRL","RIDGEWAY DRI",0.00,,Y,A,-,N,,,,,,,,,,Y,4,0,2,2,A,-,09,21801,A,N,A,C,A,A,H,-,A,A,0,,,,,Y,,A,07,0,0,2,0,0,0,0,0,0,"- ","- ",38.749479999999998,-120.61779,"EL DORADO",UNINCORPORATED,-120.61790406999999,38.74942283
90169542,2016,2016-04-29,9245,2016-04-28,2035,018502,,4,2,9,0900,0,1,2,,2,120,"US-50 W/B","SHINGLE SPRINGS DR",2640.00,W,N,A,-,Y,,,50,,,,,,W,Y,4,0,1,1,C,-,18,,,N,E,H,A,A,H,-,D,D,0,,,,,Y,,-,"- ",0,0,1,0,0,0,0,0,0,"- ","- ",38.674979999999998,-120.92061,"EL DORADO",UNINCORPORATED,-120.92059825,38.674968100000001
90169637,2016,2016-06-10,9245,2016-04-27,0750,018466,,3,1,9,0900,0,3,5,,2,001,"GREEN VALLEY RD","ROCKY SPRINGS RD",10.00,E,N,A,-,N,,,,,,,,,,Y,4,0,2,3,A,-,03,22350,,N,C,C,A,A,H,-,A,D,0,,,,,Y,,A,07,0,0,2,0,0,0,0,0,0,"- ","- ",38.713239999999999,-121.05898000000001,"EL DORADO",UNINCORPORATED,-121.059105,38.713278539999997
90170798,2016,2016-05-02,9245,2016-04-04,1219,013463,,1,1,9,0900,0,1,2,,2,120,"GREENSTONE ROAD","US-50 WB OFFRAMP",0.00,,Y,A,-,Y,,,,,,,,,,Y,4,0,2,2,A,-,09,21802,A,N,D,C,A,A,H,-,A,D,0,,,,,Y,,A,01,0,0,2,0,0,0,0,0,0,"- ","- ",38.696289999999998,-120.88788,"EL DORADO",UNINCORPORATED,-120.88790400000001,38.696295999999997
90170936,2016,2016-05-02,9245,2016-04-09,0055,018893,,6,3,9,0900,0,3,5,,2,003,"MOTHER LODE DR","RIDGE DR",192.00,W,N,A,-,N,,,,,,,,,,Y,2,0,2,1,C,-,18,,,N,E,I,A,A,H,-,D,D,0,,,,,Y,,-,"- ",1,1,0,0,0,0,0,0,0,"- ","- ",38.6678,-120.91175,"EL DORADO",UNINCORPORATED,-120.91161169999999,38.667795429999998
90172566,2016,2016-05-04,9246,2016-04-27,1650,010056,,3,2,9,0900,0,1,2,,1,020,"U.S. HIGHWAY 50","SIERRA AT TAHOE RD",2640.00,W,N,B,D,Y,,,,,,,,,,Y,4,0,1,2,A,-,03,22350,,N,E,C,A,C,H,-,A,D,0,,,,,Y,,A,01,0,0,1,0,0,0,0,0,0,"- ","- ",38.853810000000003,-120.01814,"EL DORADO",UNINCORPORATED,-120.08319830000001,38.815304750000003
90172738,2016,2016-05-04,9246,2016-04-24,1430,014478,,7,2,9,0900,0,1,2,,1,021,US-50,"OLD MEYERS GRADE",2640.00,E,N,B,-,Y,,,50,,,,,,,Y,4,0,1,2,A,-,05,21460,A,N,D,C,A,A,H,-,A,D,0,,,,,Y,,A,01,0,0,1,0,0,0,0,0,0,"- ","- ",38.82958,-120.0316,"EL DORADO",UNINCORPORATED,-120.03162799,38.829572450000001
90173683,2016,2016-05-05,9245,2016-04-14,1942,017364,,4,2,9,0900,0,3,5,,2,002,"GREENWOOD RD","SHADRACK LN",1584.00,N,N,A,-,N,,,,,,,,,,Y,4,0,1,1,A,-,01,23152,A,N,E,I,A,A,H,-,A,D,0,,,,,Y,Y,D,22,0,0,1,0,0,0,0,0,0,"- ","- ",38.886389999999999,-120.90607,"EL DORADO",UNINCORPORATED,-120.90551302999999,38.886226989999997
90173864,2016,2016-05-05,9245,2016-04-23,1935,017756,,6,2,9,0900,0,3,5,,2,003,"SOUTH SHINGLE ROAD","MOTHER LOAD DRIVE",0.00,,Y,A,-,N,,,,,,,,,,Y,4,0,1,2,A,-,12,21453,A,F,D,C,A,A,H,-,A,A,0,,,,,Y,,A,07,0,0,1,0,0,0,0,0,0,"- ","- ",38.661900000000003,-120.937,"EL DORADO",UNINCORPORATED,-120.93711376,38.661562179999997
90174310,2016,2016-05-06,9245,2016-04-24,1010,013463,,7,1,9,0900,0,1,3,,1,122,"STATE ROUTE 193","ROCK CREEK RD",3696.00,N,N,A,B,Y,,,193,,,,,,,N,3,0,1,1,A,-,08,22107,,N,F,A,A,A,H,-,A,D,0,,Y,,,Y,,L,04,0,1,0,0,0,0,1,0,0,"- ","- ",38.776179999999997,-120.82679,"EL DORADO",UNINCORPORATED,-120.82686428,38.776163179999998
90174320,2016,2016-05-06,9245,2016-04-24,0115,018893,,7,3,9,0900,0,3,5,,2,001,"LOTUS RD","LISA LN",1.00,N,N,A,-,N,,,,,,,,,,Y,4,0,1,1,A,-,08,22107,,N,E,J,A,A,H,-,D,D,0,,,,,Y,,A,01,0,0,1,0,0,0,0,0,0,"- ","- ",38.733040000000003,-120.93309000000001,"EL DORADO",UNINCORPORATED,-120.93317064,38.732982700000001
90174362,2016,2016-05-06,9245,2016-04-27,1930,018502,,3,2,9,0900,0,3,5,,2,004,"SAND RIDGE RD","VINTAGE TRL",533.00,E,N,B,-,Y,,,,,,,,,,Y,2,0,2,1,A,-,08,22107,,N,E,I,A,B,E,-,B,D,0,,,Y,,Y,,C,06,1,0,1,0,0,0,0,0,2,"- ","- ",38.595869999999998,-120.78493,"EL DORADO",UNINCORPORATED,-120.78478797,38.595673720000001
90174373,2016,2016-08-16,9245,2016-04-27,1800,018663,,3,2,9,0900,0,3,5,,2,004,"PLEASANT VALLEY RD","KEARNS RD",350.00,E,N,B,-,N,,,,,,,,,,Y,1,1,1,2,A,-,03,22350,,N,A,C,A,B,H,-,A,D,0,,,,,Y,,D,22,0,0,1,0,0,0,0,0,0,"- ","- ",38.685780000000001,-120.77848,"EL DORADO",UNINCORPORATED,-120.77828753999999,38.685747820000003
90174417,2016,2016-05-06,9245,2016-04-27,1820,015263,,3,2,9,0900,0,3,5,,2,001,"ROYAL DRIVE (3100 BLOCK)","HILLSBOROUGH ROAD",250.00,W,N,B,-,N,,,,,,,,,,Y,4,0,1,1,A,-,01,23152,A,N,E,I,A,B,H,-,A,D,0,,,,,Y,Y,A,01,0,0,1,0,0,0,0,0,0,"- ","- ",38.395150000000001,-120.59438,"EL DORADO",UNINCORPORATED,-120.98457177,38.664299999999997
90174560,2016,2016-05-06,9245,2016-04-29,0120,018656,,5,3,9,0900,0,3,5,,2,001,"BASS LAKE RD","MADERA WAY",140.00,S,N,A,-,N,,,,,,,,,,Y,3,0,1,1,A,-,03,22350,,N,F,A,A,A,H,-,D,D,0,,,,,Y,,A,01,0,1,0,0,0,0,0,0,0,"- ","- ",38.680140000000002,-121.01678,"EL DORADO",UNINCORPORATED,-121.01674394,38.67992581
90174582,2016,2016-05-06,9245,2016-04-29,1700,017756,,5,2,9,0900,0,3,5,,2,003,"MOTHER LOAD DR","OLD FRENCH TOWN ROAD",0.00,,Y,A,-,N,,,,,,,,,,Y,4,0,1,2,A,-,08,22107,,N,D,C,A,A,H,-,A,D,0,,,,,Y,,A,01,0,0,1,0,0,0,0,0,0,"- ","- ",38.6736,-120.8879,"EL DORADO",UNINCORPORATED,-120.88799179,38.673591420000001
90174637,2016,2016-05-06,9245,2016-04-30,1800,018502,,6,2,9,0900,0,2,4,,1,023,"MOSQUITO RD","UNION RIDGE RD",0.00,,Y,A,-,Y,,,,,,,,,,Y,4,0,1,2,A,-,09,21802,A,N,D,C,A,A,H,-,A,A,0,,,,,Y,,A,01,0,0,1,0,0,0,0,0,0,"- ","- ",38.753950000000003,-120.7734,"EL DORADO",UNINCORPORATED,-120.77334996,38.753939950000003
90176185,2016,2016-05-10,9245,2016-04-29,0705,017089,,5,1,9,0900,0,2,4,,1,015,"CAMERON PARK DRIVE","SUDBURY ROAD",0.00,,Y,A,-,N,,,,,,,,,,Y,3,0,2,2,A,-,09,21802,A,N,D,C,A,A,H,-,A,A,0,,,,,Y,,A,01,0,2,0,0,0,0,0,0,0,"- ","- ",38.667580000000001,-120.97777000000001,"EL DORADO",UNINCORPORATED,-120.97724999,38.66756994
90177283,2016,2016-05-11,9245,2016-05-02,0030,018893,,1,3,9,0900,0,1,3,,1,122,"SR-193 E/B","MAIN ST.",0.00,,Y,A,-,Y,,,193,,,,,,E,Y,3,0,1,1,A,-,01,23152,A,N,F,A,A,A,H,-,D,D,0,,,,,Y,Y,A,08,0,1,0,0,0,0,0,0,0,"- ","- ",38.899439999999998,-120.91472,"EL DORADO",UNINCORPORATED,-120.91467814000001,38.899505599999998
90177292,2016,2016-05-11,9245,2016-05-04,0843,012833,,3,1,9,0900,0,1,2,,2,120,"US-50 W/B","MISSOURI FLAT RD",2275.00,W,N,B,-,Y,,,50,,,,,,W,Y,4,0,1,3,A,-,03,22350,,N,C,C,A,A,H,-,A,D,0,,,,,Y,,A,01,0,0,1,0,0,0,0,0,0,"- ","- ",38.708739999999999,-120.84527,"EL DORADO",UNINCORPORATED,-120.84525033,38.70865706
90177479,2016,2016-05-11,9245,2016-05-05,1900,018466,,4,2,9,0900,0,1,2,,2,110,"US-50 E/B","BASS LAKE RD",15.00,E,N,B,-,Y,,,50,,,,,,E,Y,4,0,2,3,A,-,03,22350,,N,C,C,A,B,H,-,A,D,0,,,,,Y,,A,01,0,0,2,0,0,0,0,0,0,"- ","- ",38.654949999999999,-121.02997999999999,"EL DORADO",UNINCORPORATED,-121.02997815000001,38.655234159999999
90177511,2016,2016-05-11,9245,2016-05-05,1545,017089,,4,2,9,0900,0,1,2,,2,110,"US-50 W/B","EL DORADO HILLS BLVD",3168.00,E,N,B,-,Y,,,50,,,,,,W,Y,4,0,1,2,A,-,21,22106,,N,E,I,A,B,D,-,A,D,0,,,,,Y,,K,45,0,0,1,0,0,0,0,0,0,"- ","- ",38.656300000000002,-121.06108999999999,"EL DORADO",UNINCORPORATED,-121.06107341000001,38.656250159999999
90177564,2016,2016-05-11,9245,2016-05-07,1100,013929,,6,1,9,0900,0,2,4,,1,042,"BUCKS BAR ROAD","PALACE LANE",3168.00,S,N,B,C,N,,,,,,,,,,Y,4,0,1,1,A,-,08,22107,,N,E,I,A,B,H,-,A,D,0,,,,,Y,,A,01,0,0,1,0,0,0,0,0,0,"- ","- ",38.670299999999997,-120.71639999999999,"EL DORADO",UNINCORPORATED,-120.73244611,38.676300380000001
90177586,2016,2016-05-11,9245,2016-05-06,2241,018663,,5,3,9,0900,0,3,5,,2,001,"BEATTY DR","ALEXANDRA DR",1056.00,S,N,B,-,N,,,,,,,,,,Y,3,0,1,1,A,-,03,22350,,N,E,I,A,A,H,-,C,D,0,,,,,Y,,A,01,0,1,0,0,0,0,0,0,0,"- ","- ",38.685160000000003,-121.09532,"EL DORADO",UNINCORPORATED,-121.0959888,38.685606530000001
90177623,2016,2016-05-18,9245,2016-05-06,1540,017089,,5,2,9,0900,0,3,5,,2,001,"BASS LAKE ROAD","SANDHURST HILL ROAD",75.00,S,N,B,-,N,,,,,,,,,,Y,4,0,1,1,A,-,03,22350,,N,F,A,A,A,H,-,A,D,0,,,,,Y,,A,07,0,0,1,0,0,0,0,0,0,"- ","- ",38.681780000000003,-121.0167,"EL DORADO",UNINCORPORATED,-121.01675928,38.681552549999999
90178923,2016,2016-05-13,9245,2016-05-01,0035,018782,,7,3,9,0900,0,1,2,,2,110,"US-50 E/B","CAMBRIDGE RD",100.00,W,N,A,-,Y,,,50,,,,,,E,Y,4,0,1,2,A,-,01,23152,A,N,B,C,A,A,H,-,D,D,0,,,,,Y,Y,A,01,0,0,1,0,0,0,0,0,0,"- ","- ",38.656469999999999,-120.99889,"EL DORADO",UNINCORPORATED,-120.99888094000001,38.656414609999999
90179042,2016,2016-05-13,9245,2016-05-11,2128,018624,9245,3,2,9,0900,0,3,5,,2,001,"EL DORADO HILLS BLVD",OLSE,80.00,N,N,A,-,N,,,,,,,,,,Y,3,0,1,1,C,-,18,,,N,G,H,A,A,H,-,D,D,0,,,Y,,Y,,-,"- ",0,1,0,0,0,0,0,0,1,"- ","- ",38.675690000000003,-121.07764,"EL DORADO",UNINCORPORATED,-121.07767760999999,38.675685440000002
90179045,2016,2016-05-13,9245,2016-04-22,1539,017897,,5,2,9,0900,0,2,4,,2,011,"GREEN VALLEY RD","MORTARA CIR",277.00,W,N,B,-,N,,,,,,,,,,Y,3,0,2,1,A,-,03,22350,,N,E,I,A,B,H,-,A,D,0,,,,,Y,,A,07,0,2,0,0,0,0,0,0,0,"- ","- ",38.720050000000001,-120.88136,"EL DORADO",UNINCORPORATED,-120.88104236,38.72011534
90179046,2016,2016-05-13,9245,2016-04-06,1512,017897,,3,2,9,0900,0,1,3,,1,122,SR-193,"BLACK OAK MINE RD",0.00,,Y,A,-,Y,,,193,,,,,,,N,3,0,3,2,A,-,03,22350,,F,C,C,A,A,H,-,A,D,0,,,,,Y,,A,07,0,2,1,0,0,0,0,0,0,"- ","- ",38.858440000000002,-120.83316000000001,"EL DORADO",UNINCORPORATED,-120.83299488999999,38.858500499999998
90180428,2016,2016-05-16,9245,2016-05-10,1346,012833,,2,1,9,0900,0,1,2,,2,120,"US-50 E/B","SHINGLE SPRINGS DR",3225.00,W,N,A,-,Y,,,50,,,,,,E,Y,4,0,1,1,A,-,03,22350,,N,E,I,A,A,H,-,A,D,0,,,,,Y,,A,01,0,0,1,0,0,0,0,0,0,"- ","- ",38.673169999999999,-120.92211,"EL DORADO",UNINCORPORATED,-120.92205602,38.673115180000003
90181212,2016,2016-05-17,9245,2016-04-18,1805,016495,,1,2,9,0900,0,1,2,,2,140,"US-50 W/B","STILL MEADOW RD",1584.00,W,N,A,-,Y,,,,,,,,,,Y,4,0,1,1,A,-,08,22107,,N,F,A,A,A,H,-,A,D,0,,,Y,,Y,,C,02,0,0,1,0,0,0,0,0,1,"- ","- ",38.338799999999999,-120.72331,"EL DORADO",UNINCORPORATED,-120.73767617999999,38.738432199999998
90182021,2016,2016-05-18,9245,2016-05-15,2100,017756,,7,2,9,0900,0,2,4,,1,013,"LOTUS ROAD","SPRINGVALE RD",1302.00,N,N,A,-,N,,,,,,,,,,Y,2,0,2,1,A,-,01,23152,A,N,E,I,A,A,H,-,D,D,0,,,,,Y,Y,A,01,1,1,0,0,0,0,0,0,0,"- ","- ",38.752400000000002,-120.93340000000001,"EL DORADO",UNINCORPORATED,-120.93325761,38.75220771
90182073,2016,2016-06-22,9245,2016-05-17,1227,012833,,2,1,9,0900,0,2,4,,2,011,"GREEN VALLEY RD","CAMPUS DRIVE",18.00,W,N,A,-,N,,,,,,,,,,Y,4,0,1,2,A,-,09,21802,A,N,D,C,A,A,H,-,A,A,0,,,,,Y,,A,01,0,0,1,0,0,0,0,0,0,"- ","- ",38.720280000000002,-120.86924,"EL DORADO",UNINCORPORATED,-120.86913154,38.720329139999997
90182094,2016,2016-05-18,9245,2016-05-11,1215,016465,,3,1,9,0900,0,2,4,,1,041,"PLEASANT VALLEY RD","CANYON VALLEY RD",0.00,,Y,A,-,N,,,,,,,,,,Y,4,0,1,2,A,-,09,21804,A,N,A,C,A,A,H,-,A,D,0,,,,,Y,,A,07,0,0,1,0,0,0,0,0,0,"- ","- ",38.69491,-120.80507,"EL DORADO",UNINCORPORATED,-120.80512994,38.694919919999997
90183361,2016,2016-05-19,9245,2016-05-07,2010,018502,,6,2,9,0900,0,2,4,,1,045,"NEWTOWN RD","BARRAGAN CT",79.00,E,N,A,-,N,,,,,,,,,,Y,4,0,1,1,A,-,01,23152,A,N,E,I,A,B,H,-,D,D,0,,,,,Y,Y,A,01,0,0,1,0,0,0,0,0,0,"- ","- ",38.731439999999999,-120.74653000000001,"EL DORADO",UNINCORPORATED,-120.74634394,38.731550560000002