CASE_ID,ACCIDENT_YEAR,PROC_DATE,JURIS,COLLISION_DATE,COLLISION_TIME,OFFICER_ID,REPORTING_DISTRICT,DAY_OF_WEEK,CHP_SHIFT,POPULATION,CNTY_CITY_LOC,SPECIAL_COND,BEAT_TYPE,CHP_BEAT_TYPE,CITY_DIVISION_LAPD,CHP_BEAT_CLASS,BEAT_NUMBER,PRIMARY_RD,SECONDARY_RD,DISTANCE,DIRECTION,INTERSECTION,WEATHER_1,WEATHER_2,STATE_HWY_IND,CALTRANS_COUNTY,CALTRANS_DISTRICT,STATE_ROUTE,ROUTE_SUFFIX,POSTMILE_PREFIX,POSTMILE,LOCATION_TYPE,RAMP_INTERSECTION,SIDE_OF_HWY,TOW_AWAY,COLLISION_SEVERITY,NUMBER_KILLED,NUMBER_INJURED,PARTY_COUNT,PRIMARY_COLL_FACTOR,PCF_CODE_OF_VIOL,PCF_VIOL_CATEGORY,PCF_VIOLATION,PCF_VIOL_SUBSECTION,HIT_AND_RUN,TYPE_OF_COLLISION,MVIW,PED_ACTION,ROAD_SURFACE,ROAD_COND_1,ROAD_COND_2,LIGHTING,CONTROL_DEVICE,CHP_ROAD_TYPE,PEDESTRIAN_ACCIDENT,BICYCLE_ACCIDENT,MOTORCYCLE_ACCIDENT,TRUCK_ACCIDENT,NOT_PRIVATE_PROPERTY,ALCOHOL_INVOLVED,STWD_VEHTYPE_AT_FAULT,CHP_VEHTYPE_AT_FAULT,COUNT_SEVERE_INJ,COUNT_VISIBLE_INJ,COUNT_COMPLAINT_PAIN,COUNT_PED_KILLED,COUNT_PED_INJURED,COUNT_BICYCLIST_KILLED,COUNT_BICYCLIST_INJURED,COUNT_MC_KILLED,COUNT_MC_INJURED,PRIMARY_RAMP,SECONDARY_RAMP,LATITUDE,LONGITUDE,COUNTY,CITY,POINT_X,POINT_Y
90632995,2017,2018-01-04,9245,2017-12-30,1050,018466,,6,1,9,0900,0,3,5,,2,003,"DUROCK RD","SHINGLE LIME MINE RD",2112.00,W,N,A,-,N,,,,,,,,,,Y,4,0,1,1,A,-,03,22350,,N,F,A,A,A,H,-,A,D,0,,,,,Y,,A,01,0,0,1,0,0,0,0,0,0,"- ","- ",38.653039999999997,-120.96353000000001,"EL DORADO",UNINCORPORATED,-120.96416415,38.653035789999997
90633280,2017,2018-01-04,9246,2017-12-29,1500,015910,,5,2,9,0900,0,1,2,,1,020,US-50,"PYRAMID CREEK TRACT",1584.00,E,N,A,-,Y,,,50,,,,,,,Y,4,0,7,2,A,-,08,22107,,N,D,C,A,A,H,-,A,D,0,,,,,Y,,A,01,0,0,7,0,0,0,0,0,0,"- ","- ",38.808120000000002,-120.12251999999999,"EL DORADO",UNINCORPORATED,-120.1224722,38.808046920000002
90633659,2018,2018-01-05,9245,2018-01-01,0105,018782,,1,3,9,0900,0,3,5,,2,001,"COUNTRY CLUB DRIVE","TIERRA DE DIOS DRIVE",300.00,E,N,B,-,N,,,,,,,,,,Y,3,0,5,1,A,-,00,23103,A,N,F,A,A,A,H,-,D,D,0,,,,,Y,,A,01,0,5,0,0,0,0,0,0,0,"- ","- ",38.656089782714844,-121.01274871826172,"EL DORADO",UNINCORPORATED,-121.013671875,38.656002044677734
90634262,2018,2018-01-05,9246,2018-01-03,1650,014471,,3,2,9,0900,0,1,2,,1,021,"U. S. HIGHWAY 50 (LINCOLN HWY)","ECHO DR",1056.00,E,N,B,C,Y,,,,,,,,,,Y,4,0,1,1,A,-,01,23152,A,N,E,I,A,A,H,-,D,D,0,,,,,Y,Y,D,22,0,0,1,0,0,0,0,0,0,"- ","- ",38.816249847412109,-120.02794647216797,"EL DORADO",UNINCORPORATED,,
90635137,2018,2018-01-08,9245,2018-01-04,1935,018466,,4,2,9,0900,0,3,5,,2,004,"BUCKS BAR RD","PALACE LN",2640.00,S,N,B,-,N,,,,,,,,,,Y,4,0,1,1,A,-,01,23152,A,N,F,A,A,B,H,-,D,D,0,,,,,Y,Y,A,07,0,0,1,0,0,0,0,0,0,"- ","- ",38.670501708984375,-120.71623992919922,"EL DORADO",UNINCORPORATED,-120.73140716552734,38.675148010253906
90635374,2018,2018-01-08,9245,2018-01-03,1630,018466,,3,2,9,0900,0,2,4,,1,043,"SLY PARK RD","PINE CONE DR",259.00,S,N,A,-,N,,,,,,,,,,Y,3,0,1,1,A,-,05,21650,,N,E,I,A,A,H,-,B,D,0,,,,,Y,,A,07,0,1,0,0,0,0,0,0,0,"- ","- ",38.738361358642578,-120.57286834716797,"EL DORADO",UNINCORPORATED,-120.57280731201172,38.737995147705078
90635533,2018,2018-01-08,9245,2018-01-07,1450,015421,,7,2,9,0900,0,3,5,,2,003,"VALLEY VIEW PARKWAY","WHITE ROCK ROAD",1153.00,S,N,B,-,N,,,,,,,,,,Y,2,0,4,2,A,-,01,23152,F,N,D,C,A,A,H,-,A,D,0,,,,,Y,,A,01,3,0,1,0,0,0,0,0,0,"- ","- ",38.646759033203125,-121.05880737304688,"EL DORADO",UNINCORPORATED,-121.05876922607422,38.646854400634766
90635541,2018,2018-01-08,9245,2018-01-05,1510,018394,,5,2,9,0900,0,3,5,,2,003,"COACH LN","CAMERON PARK DR",125.00,W,N,B,-,N,,,,,,,,,,Y,4,0,1,2,A,-,09,21804,A,N,D,C,A,A,H,-,A,A,0,,,,,Y,,A,07,0,0,1,0,0,0,0,0,0,"- ","- ",38.658248901367188,-120.9697265625,"EL DORADO",UNINCORPORATED,-120.96949005126953,38.658130645751953
90635607,2018,2018-01-08,9245,2018-01-06,0830,017728,,6,1,9,0900,0,1,2,,2,110,"US-50 W/B","CAMERON PARK DR",500.00,W,N,B,-,Y,,,50,,,,,,W,Y,4,0,1,1,A,-,03,22350,,N,F,A,A,B,H,-,A,D,0,,,,,Y,,A,01,0,0,1,0,0,0,0,0,0,"- ","- ",38.657329559326172,-120.98712158203125,"EL DORADO",UNINCORPORATED,-120.98712158203125,38.657272338867188
90635941,2018,2018-01-09,9246,2018-01-01,1100,017612,,1,1,9,0900,0,2,4,,1,024,"PIONEER TRAIL","OFLYING DR",102.00,S,N,A,-,N,,,,,,,,,,Y,4,0,1,2,A,-,03,22350,,N,C,C,A,A,H,-,A,D,0,,,,,Y,,A,01,0,0,1,0,0,0,0,0,0,"- ","- ",38.866058349609375,-119.99696350097656,"EL DORADO",UNINCORPORATED,-119.99686431884766,38.866115570068359
90638381,2018,2018-01-11,9245,2018-01-04,0827,016451,,4,1,9,0900,0,3,5,,2,003,"CHINA GARDEN RD","STAGE CT",0.00,,Y,A,-,N,,,,,,,,,,Y,2,0,2,2,A,-,08,22107,,F,B,C,A,A,H,-,A,D,0,,,,,Y,,A,07,1,1,0,0,0,0,0,0,0,"- ","- ",38.699081420898438,-120.81954956054688,"EL DORADO",UNINCORPORATED,-120.81947326660156,38.699028015136719
90638417,2018,2018-01-11,9245,2018-01-05,0645,017040,,5,1,9,0900,0,2,4,,1,037,"FORNI RD.","BLANCHARD RD.",490.00,E,N,B,-,N,,,,,,,,,,Y,3,0,1,1,A,-,08,22107,,N,E,I,A,B,H,-,D,D,0,,,,,Y,,D,22,0,1,0,0,0,0,0,0,0,"- ","- ",38.692188262939453,-120.83937072753906,"EL DORADO",UNINCORPORATED,-120.83956909179688,38.691741943359375
90638419,2018,2018-01-11,9245,2018-01-08,0805,018466,,1,1,9,0900,0,1,2,,2,140,US-50,"CARSON RD",160.00,W,N,C,-,Y,,,50,,,,,,,Y,4,0,2,2,A,-,09,21801,A,M,E,I,A,B,H,-,A,D,0,,,,,Y,,D,22,0,0,2,0,0,0,0,0,0,"- ","- ",38.737110137939453,-120.70834350585938,"EL DORADO",UNINCORPORATED,-120.70833587646484,38.737026214599609
90638520,2018,2018-01-11,9245,2018-01-09,2200,016371,,2,3,9,0900,0,3,5,,2,002,"MOSQUITO RD","PRESCOTT AVE",15.00,N,N,C,-,N,,,,,,,,,,Y,4,0,1,1,A,-,01,23152,A,N,E,I,A,B,H,-,D,D,0,,,,,Y,Y,A,01,0,0,1,0,0,0,0,0,0,"- ","- ",38.744449615478516,-120.78388214111328,"EL DORADO",UNINCORPORATED,-120.78367614746094,38.744205474853516
90638933,2018,2018-01-12,9246,2018-01-04,0906,017106,,4,1,9,0900,0,1,3,,1,023,"STATE ROUTE 89 (LUTHER PASS RD)","BIG MEADOW TRLHD",2800.00,N,N,A,-,Y,,,89,,,,,,,Y,4,0,2,1,A,-,03,22350,,N,F,A,A,C,H,-,A,D,0,,,,,Y,,D,22,0,0,2,0,0,0,0,0,0,"- ","- ",38.786289215087891,-120.00360870361328,"EL DORADO",UNINCORPORATED,-120.00360870361328,38.786285400390625
90639086,2018,2018-01-12,9245,2018-01-09,0830,015609,,2,1,9,0900,0,1,3,,1,135,SR-49,"LOCKIE RD",2640.00,N,N,B,C,Y,,,49,,,,,,,Y,3,0,2,2,A,-,05,21460,A,N,A,C,A,B,H,-,A,D,0,,,,,Y,,D,22,0,2,0,0,0,0,0,0,0,"- ","- ",38.713901519775391,-120.81163787841797,"EL DORADO",UNINCORPORATED,-120.81163787841797,38.713897705078125
90640531,2018,2018-01-16,9246,2018-01-08,2500,014471,,1,4,9,0900,0,1,2,,1,020,"U. S. HIGHWAY 50 (LINCOLN HWY)","SLIPPERY FORD RD",58.00,W,N,A,-,Y,,,,,,,,,,Y,2,0,1,1,A,-,03,22350,,N,E,I,A,A,H,-,D,A,0,,,,,Y,,A,07,1,0,0,0,0,0,0,0,0,"- ","- ",38.803871154785156,-120.11509704589844,"EL DORADO",UNINCORPORATED,,
90640614,2018,2018-01-16,9245,2018-01-07,2100,013405,,7,2,9,0900,0,3,5,,2,004,"PERRY CREEK ROAD","GRAY ROCK RD",101.00,E,N,B,-,N,,,,,,,,,,Y,3,0,1,1,A,-,01,23152,A,N,E,I,A,B,H,-,D,D,0,,,,,Y,Y,A,01,0,1,0,0,0,0,0,0,0,"- ","- ",38.600231170654297,-120.65605163574219,"EL DORADO",UNINCORPORATED,-120.65627288818359,38.600246429443359
90640753,2018,2018-01-16,9245,2018-01-09,1200,018466,,2,1,9,0900,0,2,4,,1,015,"CAMERON PARK DR","EL DORADO ROYALE DR",427.00,N,N,C,-,N,,,,,,,,,,Y,3,0,2,3,A,-,01,23152,F,N,A,C,A,B,H,-,A,D,0,,,,,Y,,A,01,0,1,1,0,0,0,0,0,0,"- ","- ",38.672149658203125,-120.97897338867188,"EL DORADO",UNINCORPORATED,-120.97845458984375,38.6717529296875
90641014,2018,2018-01-16,9245,2018-01-11,1022,016451,,4,1,9,0900,0,2,4,,1,014,"COLD SPRINGS RD","BOULDER LN",372.00,W,N,A,-,N,,,,,,,,,,Y,3,0,3,1,A,-,03,22350,,N,E,I,A,A,H,-,A,D,0,,,,,Y,,A,01,0,3,0,0,0,0,0,0,0,"- ","- ",38.734828948974609,-120.84037017822266,"EL DORADO",UNINCORPORATED,-120.84030914306641,38.734806060791016
90642696,2018,2018-01-18,9245,2018-01-10,1430,018624,,3,2,9,0900,0,3,5,,2,003,"CRYSTAL BLVD","FERRITE ST",395.00,N,N,B,-,N,,,,,,,,,,Y,3,0,2,2,A,-,01,23152,A,N,A,C,A,A,H,-,A,D,0,,,,,Y,Y,A,01,0,1,1,0,0,0,0,0,0,"- ","- ",38.625770568847656,-120.85726165771484,"EL DORADO",UNINCORPORATED,-120.85730743408203,38.625679016113281
90642732,2018,2018-03-22,9245,2018-01-13,0450,018724,,6,3,9,0900,0,3,5,,2,001,"BASS LAKE RD","COUNTRY CLUB DR",0.00,,Y,A,-,N,,,,,,,,,,Y,3,0,1,1,A,-,01,23152,A,N,E,I,A,A,H,-,D,A,0,,,,,Y,Y,A,01,0,1,0,0,0,0,0,0,0,"- ","- ",38.656459808349609,-121.02983093261719,"EL DORADO",UNINCORPORATED,-121.02977752685547,38.656600952148438
90643071,2018,2018-01-18,9245,2018-01-14,1510,015421,,7,2,9,0900,0,3,5,,2,001,"GREEN VALLEY ROAD","MILLER RD",220.00,E,N,B,-,N,,,,,,,,,,Y,4,0,1,3,A,-,03,22350,,N,C,C,A,A,H,-,A,D,0,,,,,Y,,D,22,0,0,1,0,0,0,0,0,0,"- ","- ",38.708930969238281,-121.09159088134766,"EL DORADO",UNINCORPORATED,-121.09125518798828,38.708908081054688
90643089,2018,2018-01-18,9245,2018-01-15,0550,013929,,1,3,9,0900,0,3,5,,2,002,"BLAIR ROAD","OLD BLAIR MILL ROAD",0.00,,Y,A,-,N,,,,,,,,,,N,3,0,1,1,A,-,01,23152,A,N,E,I,A,A,H,-,D,D,0,,,,,Y,Y,A,01,0,1,0,0,0,0,0,0,0,"- ","- ",38.766120910644531,-120.60118103027344,"EL DORADO",UNINCORPORATED,-120.60105133056641,38.766109466552734
90644438,2018,2018-01-22,9245,2018-01-12,1935,018394,,5,2,9,0900,0,1,2,,2,110,"US 50 E/B FROM CAMBRIDGE ROAD","CAMBRIDGE RD",87.00,W,N,A,-,Y,,,,,,,,,,Y,3,0,1,2,A,-,05,21651,A,N,B,C,A,A,H,-,C,D,0,,,Y,,Y,Y,A,01,0,1,0,0,0,0,0,0,1,"- ","- ",38.655601501464844,-120.99839782714844,"EL DORADO",UNINCORPORATED,-120.99857330322266,38.656444549560547
90644612,2018,2018-01-22,9245,2018-01-17,0900,017728,,3,1,9,0900,0,1,2,,1,160,"US-50 W/B","BULL CREEK RD",500.00,E,N,A,-,Y,,,50,,,,,,W,Y,4,0,1,1,A,-,08,22107,,N,A,I,A,A,H,-,A,D,0,,,,,Y,,A,01,0,0,1,0,0,0,0,0,0,"- ","- ",38.775398254394531,-120.41948699951172,"EL DORADO",UNINCORPORATED,-120.41950988769531,38.775352478027344
90644678,2018,2018-01-22,9245,2018-01-17,1700,018601,,3,2,9,0900,0,3,5,,2,004,"SLY PARK RD","DASHING RANCH RD.",528.00,W,N,A,-,N,,,,,,,,,,Y,4,0,2,1,A,-,08,22107,,N,E,I,A,A,H,-,B,D,0,,,,,Y,,A,07,0,0,2,0,0,0,0,0,0,"- ","- ",38.685428619384766,-120.62995910644531,"EL DORADO",UNINCORPORATED,-120.62602233886719,38.687671661376953
90644739,2017,2018-01-22,9246,2017-09-29,1410,019398,,5,2,9,0900,0,1,2,,1,020,US-50,"SLIPPERY FORD RD",87.00,W,N,A,-,Y,,,50,,,,,,,Y,1,1,1,1,A,-,08,22107,,N,E,I,A,A,H,-,A,D,0,,,Y,,Y,,C,02,1,0,0,0,0,0,0,1,1,"- ","- ",38.805660000000003,-120.12318,"EL DORADO",UNINCORPORATED,-120.12313258,38.805723370000003
90644982,2018,2018-01-25,9246,2018-01-20,0835,017106,,6,1,9,0900,0,2,4,,1,024,"PIONEER TRAIL","FAIR MEADOW TRAIL",300.00,W,N,A,-,N,,,,,,,,,,Y,3,0,1,1,A,-,08,22107,,N,E,I,A,C,H,-,A,D,0,,,,,Y,,D,22,0,1,0,0,0,0,0,0,0,"- ","- ",38.906509399414062,-119.96468353271484,"EL DORADO",UNINCORPORATED,-119.96475982666016,38.906505584716797
90645032,2018,2018-01-22,9245,2018-01-20,0050,018724,,6,3,9,0900,0,3,5,,2,003,"BUSINESS DR","COMMODITY WAY",870.00,S,N,A,-,N,,,,,,,,,,Y,3,0,1,1,A,-,01,23152,A,N,E,I,A,A,H,-,D,D,0,,,,,Y,Y,A,01,0,1,0,0,0,0,0,0,0,"- ","- ",38.646141052246094,-120.95417785644531,"EL DORADO",UNINCORPORATED,-120.95421600341797,38.646175384521484
90645865,2018,2018-01-23,9245,2018-01-22,1350,017737,,1,1,9,0900,0,3,5,,2,004,"BUCKS BAR ROAD","PALACE LN",300.00,N,N,B,-,N,,,,,,,,,,Y,4,0,1,1,A,-,08,22107,,N,F,A,A,B,H,-,A,D,0,,,,,Y,,A,07,0,0,1,0,0,0,0,0,0,"- ","- ",38.673431396484375,-120.71856689453125,"EL DORADO",UNINCORPORATED,-120.72263336181641,38.674209594726562
90646023,2018,2018-01-23,9245,2018-01-21,1728,017897,,7,2,9,0900,0,2,4,,2,011,"GREEN VALLEY RD","BASS LAKE RD",0.00,,Y,A,-,N,,,,,,,,,,Y,3,0,1,1,A,-,03,22350,,N,E,I,A,A,H,-,C,A,0,,,,,Y,,A,01,0,1,0,0,0,0,0,0,0,"- ","- ",38.698379516601562,-121.00784301757812,"EL DORADO",UNINCORPORATED,-121.00776672363281,38.698551177978516
90649044,2018,2018-01-26,9245,2018-01-13,1733,018663,,6,2,9,0900,0,1,2,,1,170,US-50,"STRAWBERRY LN",500.00,W,N,A,-,Y,,,50,,,,,,,N,2,0,1,2,A,-,05,21460,C,N,G,B,D,A,H,-,D,D,0,Y,,,,Y,,A,07,1,0,0,0,1,0,0,0,0,"- ","- ",38.796119689941406,-120.14659881591797,"EL DORADO",UNINCORPORATED,-120.14661407470703,38.796142578125
90649153,2018,2018-01-26,9245,2018-01-23,2048,012833,,2,2,9,0900,0,1,2,,1,160,"US-50 W/B","KYBURZ DR",4225.00,E,N,B,-,Y,,,,,,,,,,Y,3,0,1,1,A,-,01,23152,A,N,E,I,A,A,H,-,D,D,0,,,,,Y,Y,A,01,0,1,0,0,0,0,0,0,0,"- ","- ",38.464431762695312,-120.18048095703125,"EL DORADO",UNINCORPORATED,-120.27969360351562,38.777019500732422
90650205,2018,2018-01-29,9245,2018-01-23,2040,013405,,2,2,9,0900,0,3,5,,2,004,"CEDAR RAVINE ROAD","RUSTIC CT",25.00,S,N,A,-,N,,,,,,,,,,Y,3,0,2,1,A,-,01,23152,A,N,E,I,A,A,H,-,D,D,0,,,,,Y,Y,A,01,0,2,0,0,0,0,0,0,0,"- ","- ",38.689041137695312,-120.75595092773438,"EL DORADO",UNINCORPORATED,-120.75801849365234,38.689132690429688
90651356,2018,2018-01-30,9245,2018-01-26,1640,018601,,5,2,9,0900,0,3,5,,2,001,"CAMERON PARK DR","LA CANADA DR.",500.00,S,N,A,-,N,,,,,,,,,,N,4,0,1,1,A,-,03,22350,,N,F,A,A,A,H,-,A,D,0,,,Y,,Y,,C,02,0,0,1,0,0,0,0,0,1,"- ","- ",38.694438934326172,-120.99482727050781,"EL DORADO",UNINCORPORATED,-120.99468994140625,38.693962097167969
90651518,2018,2018-04-16,9245,2018-01-26,1525,018601,,5,2,9,0900,0,3,5,,2,001,"BASS LAKE RD","MADERA WAY",700.00,N,N,A,-,N,,,,,,,,,,N,3,0,1,1,A,-,03,22350,,N,F,A,A,A,H,-,A,D,0,,,Y,,Y,,C,02,0,1,0,0,0,0,0,0,1,"- ","- ",38.681850433349609,-121.01670837402344,"EL DORADO",UNINCORPORATED,-121.01612091064453,38.681953430175781
90651598,2018,2018-01-30,9246,2018-01-28,1525,014471,,7,2,9,0900,0,1,2,,1,021,"U. S. HIGHWAY 50 (LINCOLN HWY)","CHIAPA DR",210.00,W,N,A,-,Y,,,,,,,,,,Y,4,0,1,3,A,-,03,22350,,N,C,C,A,A,H,-,A,D,0,,,,,Y,,D,22,0,0,1,0,0,0,0,0,0,"- ","- ",38.844760894775391,-120.03515625,"EL DORADO",UNINCORPORATED,-120.03147125244141,38.844768524169922
90653105,2018,2018-02-01,9245,2018-01-26,1700,018394,,5,2,9,0900,0,2,4,,1,037,"FORNI RD","LIDBERG AVE",258.00,E,N,A,-,N,,,,,,,,,,Y,3,0,1,1,A,-,08,22107,,N,E,I,A,A,H,-,A,D,0,,,,,Y,,A,01,0,1,0,0,0,0,0,0,0,"- ","- ",38.698188781738281,-120.83451080322266,"EL DORADO",UNINCORPORATED,-120.83428192138672,38.698219299316406
90653338,2018,2018-02-01,9245,2018-01-27,1722,018601,,6,2,9,0900,0,1,2,,2,120,"US-50 W/B","SHINGLE SPRINGS DR.",2112.00,W,N,A,-,Y,,,50,,,,,,W,Y,2,0,1,1,A,-,03,22350,,N,F,A,A,A,H,-,B,D,0,,,Y,,Y,,C,02,1,0,0,0,0,0,0,0,1,"- ","- ",38.674770355224609,-120.92070770263672,"EL DORADO",UNINCORPORATED,-120.92075347900391,38.674816131591797
90653650,2018,2018-02-02,9245,2018-01-28,1853,017897,,7,2,9,0900,0,1,2,,2,110,"US-50 E/B","BASS LAKE RD",4224.00,W,N,A,-,Y,,,50,,,,,,E,Y,3,0,1,2,A,-,08,22107,,N,B,E,A,A,H,-,D,D,0,,,,Y,Y,,A,07,0,1,0,0,0,0,0,0,0,"- ","- ",38.656230926513672,-121.04424285888672,"EL DORADO",UNINCORPORATED,-121.04420471191406,38.656269073486328
90653675,2018,2018-02-02,9246,2018-01-26,1355,017106,,5,1,9,0900,0,1,2,,1,021,"US-50 (LINCOLN HWY)","TAMARACK PINES ROAD",1320.00,E,N,B,-,Y,,,50,,,,,,,Y,4,0,1,2,A,-,03,22350,,N,C,C,A,B,H,-,A,D,0,,,,,Y,,A,01,0,0,1,0,0,0,0,0,0,"- ","- ",38.808029174804688,-120.09625244140625,"EL DORADO",UNINCORPORATED,-120.09603118896484,38.807682037353516
90653892,2018,2018-02-02,9245,2018-01-29,1930,017897,,1,2,9,0900,0,2,4,,1,041,"PLEASANT VALLEY RD","PEACE TRL",1056.00,E,N,A,-,N,,,,,,,,,,Y,4,0,1,1,A,-,08,22107,,N,E,I,A,A,H,-,D,D,0,,,,,Y,Y,D,22,0,0,1,0,0,0,0,0,0,"- ","- ",38.676460266113281,-120.75926971435547,"EL DORADO",UNINCORPORATED,-120.75807952880859,38.67620849609375
90653895,2018,2018-02-02,9245,2018-01-31,1710,017364,,3,2,9,0900,0,1,3,,1,122,"GEORGETOWN RD","ROLLING HILLS DR",0.00,,N,A,-,Y,,,,,,,,,,N,4,0,3,2,A,-,03,22350,,N,C,C,A,A,H,-,B,D,0,,,,,Y,,A,07,0,0,3,0,0,0,0,0,0,"- ","- ",38.907600402832031,-120.84497833251953,"EL DORADO",UNINCORPORATED,,
90654820,2018,2018-02-05,9245,2018-01-26,1840,018663,,5,2,9,0900,0,2,4,,1,041,"PLEASANT VALLEY CT","PEARL PL",30.00,W,N,A,-,N,,,,,,,,,,N,2,0,1,2,A,-,11,21954,A,N,G,B,D,A,H,-,D,D,0,Y,,,,Y,Y,N,60,1,0,0,0,1,0,0,0,0,"- ","- ",38.694961547851562,-120.80690765380859,"EL DORADO",UNINCORPORATED,-120.80679321289062,38.694923400878906
90656727,2018,2018-02-07,9245,2018-02-04,2100,015609,,7,2,9,0900,0,3,5,,2,002,"COLD SPRINGS RD","PASO DIABLO RD",30.00,W,N,A,-,N,,,,,,,,,,Y,3,0,1,1,A,-,01,23152,A,N,E,I,A,A,H,-,D,D,0,,,,,Y,Y,D,22,0,1,0,0,0,0,0,0,0,"- ","- ",38.741180419921875,-120.86741638183594,"EL DORADO",UNINCORPORATED,-120.86721038818359,38.741191864013672
90656809,2018,2018-02-07,9245,2018-02-05,2145,016328,,1,2,9,0900,0,1,3,,1,115,SR-49,"RIVERWOOD DR",2640.00,N,N,A,-,Y,,,49,,,,,,,Y,3,0,1,1,A,-,01,23152,A,N,F,A,A,A,H,-,D,D,0,,,,,Y,Y,A,07,0,1,0,0,0,0,0,0,0,"- ","- ",38.781330108642578,-120.874267578125,"EL DORADO",UNINCORPORATED,-120.874267578125,38.78131103515625
90656892,2018,2018-02-07,9245,2018-02-06,1605,015421,,2,2,9,0900,0,3,5,,2,003,"LATROBE ROAD","SOUTH SHINGLE ROAD",6336.00,W,N,A,-,N,,,,,,,,,,N,3,0,1,1,A,-,08,22107,,N,E,I,A,A,H,-,A,D,0,,,Y,,Y,,C,02,0,1,0,0,0,0,0,0,1,"- ","- ",38.572288513183594,-120.99468994140625,"EL DORADO",UNINCORPORATED,-120.99472045898438,38.572067260742188
90658531,2018,2018-02-09,9245,2018-02-01,1120,017364,,4,1,9,0900,0,3,5,,2,003,"MISSOURI FLAT RD",SR-49,0.00,,N,A,-,Y,,,,,,,,,,N,4,0,1,2,A,-,03,22350,,N,C,C,A,A,H,-,A,A,0,,,,,Y,,B,07,0,0,1,0,0,0,0,0,0,"- ","- ",38.693000793457031,-120.82357788085938,"EL DORADO",UNINCORPORATED,-120.82344055175781,38.69287109375
90658645,2018,2018-02-09,9245,2018-02-04,1940,017364,,7,2,9,0900,0,3,5,,2,001,"GREEN VALLEY RD","FRANCISCO DR",0.00,,Y,A,-,N,,,,,,,,,,Y,4,0,2,2,A,-,09,21453,C,N,D,C,A,A,H,-,C,A,0,,,,,Y,Y,A,01,0,0,2,0,0,0,0,0,0,"- ","- ",38.709541320800781,-121.08538055419922,"EL DORADO",UNINCORPORATED,-121.08540344238281,38.709571838378906
90660149,2018,2018-02-13,9245,2018-02-09,1510,017040,,5,2,9,0900,0,2,4,,1,037,"MISSOURI FLAT RD.","FORNI RD.",94.00,N,N,A,-,N,,,,,,,,,,Y,4,0,1,3,A,-,01,23152,F,N,C,C,A,A,H,-,A,D,0,,,,,Y,,A,01,0,0,1,0,0,0,0,0,0,"- ","- ",38.706760406494141,-121.83116912841797,"EL DORADO",UNINCORPORATED,-120.83101654052734,38.706584930419922
90660331,2018,2018-02-13,9246,2018-02-08,0200,015487,,4,3,9,0900,0,1,3,,1,030,"SR-89 (EMERALD BAY RD)","FALLEN LEAF RD",1056.00,N,N,A,-,Y,,,89,,,,,,,Y,4,0,1,1,A,-,03,22350,,N,E,I,A,A,H,-,D,D,0,,,,,Y,,A,01,0,0,1,0,0,0,0,0,0,"- ","- ",38.932918548583984,-120.05391693115234,"EL DORADO",UNINCORPORATED,-120.05392456054688,38.932960510253906
90661123,2018,2018-03-06,9245,2018-02-04,2320,012833,,7,3,9,0900,0,2,4,,1,039,"MOTHER LODE DRIVE","DAVIDSON RD",1115.00,W,N,A,-,N,,,,,,,,,,Y,1,1,2,2,A,-,01,23152,A,N,A,C,A,A,H,-,D,D,0,,,,,Y,Y,A,07,0,2,0,0,0,0,0,0,0,"- ","- ",38.406520843505859,-120.52462005615234,"EL DORADO",UNINCORPORATED,-120.87389373779297,38.677742004394531
90661195,2018,2018-02-14,9246,2018-02-03,1105,017106,,6,1,9,0900,0,2,4,,1,024,"PIONEER TR","VANDERHOOF RD",0.00,,Y,A,-,N,,,,,,,,,,Y,2,0,4,2,A,-,01,23152,F,N,A,C,A,A,H,-,A,D,0,,,,,Y,,A,07,3,1,0,0,0,0,0,0,0,"- ","- ",38.8619384765625,-120.00724029541016,"EL DORADO",UNINCORPORATED,-120.00713348388672,38.862018585205078
90661247,2018,2018-02-14,9245,2018-02-12,1400,017737,,1,2,9,0900,0,1,2,,2,150,US-50,"ICE HOUSE RD",7920.00,E,N,B,-,Y,,,50,,,,,,,N,4,0,1,2,A,-,03,22350,,N,C,C,A,B,D,-,A,D,0,,,,,Y,,D,22,0,0,1,0,0,0,0,0,0,"- ","- ",38.77294921875,-120.4736328125,"EL DORADO",UNINCORPORATED,-120.47364044189453,38.772979736328125
90661395,2018,2018-02-14,9245,2018-02-13,1210,013342,,2,1,9,0900,0,1,2,,2,110,US-50,"SILVA VALLEY ROAD",1038.00,E,N,A,-,Y,,,50,,,,,,,Y,4,0,1,1,A,-,08,22107,,N,E,I,A,A,H,-,A,D,0,,,,,Y,,A,07,0,0,1,0,0,0,0,0,0,"- ","- ",38.658588409423828,-121.05027770996094,"EL DORADO",UNINCORPORATED,-121.05028533935547,38.658710479736328