CASE_ID,ACCIDENT_YEAR,PROC_DATE,JURIS,COLLISION_DATE,COLLISION_TIME,OFFICER_ID,REPORTING_DISTRICT,DAY_OF_WEEK,CHP_SHIFT,POPULATION,CNTY_CITY_LOC,SPECIAL_COND,BEAT_TYPE,CHP_BEAT_TYPE,CITY_DIVISION_LAPD,CHP_BEAT_CLASS,BEAT_NUMBER,PRIMARY_RD,SECONDARY_RD,DISTANCE,DIRECTION,INTERSECTION,WEATHER_1,WEATHER_2,STATE_HWY_IND,CALTRANS_COUNTY,CALTRANS_DISTRICT,STATE_ROUTE,ROUTE_SUFFIX,POSTMILE_PREFIX,POSTMILE,LOCATION_TYPE,RAMP_INTERSECTION,SIDE_OF_HWY,TOW_AWAY,COLLISION_SEVERITY,NUMBER_KILLED,NUMBER_INJURED,PARTY_COUNT,PRIMARY_COLL_FACTOR,PCF_CODE_OF_VIOL,PCF_VIOL_CATEGORY,PCF_VIOLATION,PCF_VIOL_SUBSECTION,HIT_AND_RUN,TYPE_OF_COLLISION,MVIW,PED_ACTION,ROAD_SURFACE,ROAD_COND_1,ROAD_COND_2,LIGHTING,CONTROL_DEVICE,CHP_ROAD_TYPE,PEDESTRIAN_ACCIDENT,BICYCLE_ACCIDENT,MOTORCYCLE_ACCIDENT,TRUCK_ACCIDENT,NOT_PRIVATE_PROPERTY,ALCOHOL_INVOLVED,STWD_VEHTYPE_AT_FAULT,CHP_VEHTYPE_AT_FAULT,COUNT_SEVERE_INJ,COUNT_VISIBLE_INJ,COUNT_COMPLAINT_PAIN,COUNT_PED_KILLED,COUNT_PED_INJURED,COUNT_BICYCLIST_KILLED,COUNT_BICYCLIST_INJURED,COUNT_MC_KILLED,COUNT_MC_INJURED,PRIMARY_RAMP,SECONDARY_RAMP,LATITUDE,LONGITUDE,COUNTY,CITY,POINT_X,POINT_Y
90662615,2018,2018-02-15,9246,2018-02-11,2302,017612,,7,3,9,0900,0,2,4,,1,025,"LAKE TAHOE BLVD (WESTBOUND)","SAWMILL RD",891.00,E,N,B,-,N,,,,,,,,,,Y,4,0,1,1,A,-,01,23152,A,N,E,I,A,C,H,-,D,D,0,,,,,Y,Y,A,07,0,0,1,0,0,0,0,0,0,"- ","- ",38.890750885009766,-120.02565002441406,"EL DORADO",UNINCORPORATED,-120.025634765625,38.890632629394531
90663234,2018,2018-02-16,9245,2018-02-14,0750,013342,,3,1,9,0900,0,1,2,,2,110,US-50,"LATROBE ROAD",2746.00,W,N,A,-,Y,,,50,,,,,,,Y,3,0,2,2,A,-,03,22350,,N,C,C,A,A,H,-,A,D,0,,,,,Y,,A,07,0,1,1,0,0,0,0,0,0,"- ","- ",38.649009704589844,-121.08168792724609,"EL DORADO",UNINCORPORATED,-121.08171844482422,38.649097442626953
90664617,2018,2018-02-20,9245,2018-02-10,1900,018466,,6,2,9,0900,0,3,5,,2,004,"PLEASANT VALLEY RD","WILDERNESS WAY",190.00,E,N,A,-,N,,,,,,,,,,Y,4,0,1,1,A,-,01,23152,A,N,E,I,A,A,H,-,D,D,0,,,,,Y,Y,D,22,0,0,1,0,0,0,0,0,0,"- ","- ",38.67694091796875,-120.74781036376953,"EL DORADO",UNINCORPORATED,-120.74794769287109,38.676937103271484
90664696,2018,2018-02-20,9245,2018-02-14,1315,018394,,3,1,9,0900,0,3,5,,2,001,"SILVA VALLEY PKWY","GOLDEN EAGLE LN",30.00,S,N,A,-,N,,,,,,,,,,Y,3,0,1,2,A,-,03,22350,,N,C,C,A,A,H,-,A,D,0,,,,,Y,,A,01,0,1,0,0,0,0,0,0,0,"- ","- ",38.674320220947266,-121.06655120849609,"EL DORADO",UNINCORPORATED,-121.06676483154297,38.674442291259766
90664829,2018,2018-02-20,9245,2018-02-15,2210,018663,,4,3,9,0900,0,2,4,,1,023,"MOSQUITO RD","RANDOLPH CANYON RD",193.00,N,N,A,-,N,,,,,,,,,,Y,2,0,1,1,A,-,01,23152,A,N,E,I,A,A,H,-,D,D,0,,,,,Y,Y,A,07,1,0,0,0,0,0,0,0,0,"- ","- ",38.743141174316406,-120.78164672851562,"EL DORADO",UNINCORPORATED,-120.7818603515625,38.743343353271484
90664914,2018,2018-02-20,9245,2018-02-15,1825,018466,,4,2,9,0900,0,3,5,,2,003,"FORNI RD","CHESTNUT LN",13.00,S,N,A,-,N,,,,,,,,,,N,4,0,1,2,A,-,11,21956,,N,G,B,E,A,H,-,D,D,0,Y,,,,Y,,N,60,0,0,1,0,1,0,0,0,0,"- ","- ",38.699939727783203,-120.83307647705078,"EL DORADO",UNINCORPORATED,-120.83304595947266,38.699977874755859
90664970,2018,2018-02-20,9245,2018-02-16,0955,017856,,5,1,9,0900,0,3,5,,2,004,"CEDAR RAVINE RD","TEXAS HILL RD",1056.00,S,N,A,-,N,,,,,,,,,,Y,3,0,1,1,A,-,08,22107,,N,E,I,A,A,H,-,A,D,0,,,,,Y,,A,01,0,1,0,0,0,0,0,0,0,"- ","- ",38.715099334716797,-120.76644134521484,"EL DORADO",UNINCORPORATED,-120.76681518554688,38.714714050292969
90665034,2018,2018-02-20,9246,2018-02-11,1335,013485,,7,1,9,0900,0,1,2,,1,021,"US-50 (LINCOLN HWY)","JOHNSON PASS RD",650.00,E,N,B,-,Y,,,,,,,,,,Y,3,0,2,2,A,-,08,22107,,N,D,C,A,A,H,-,A,D,0,,,,,Y,,A,01,0,1,1,0,0,0,0,0,0,"- ","- ",38.492488861083984,-120.02278137207031,"EL DORADO",UNINCORPORATED,-120.04193115234375,38.823844909667969
90665042,2018,2018-02-20,9245,2018-02-16,2105,018601,,5,2,9,0900,0,3,5,,2,003,"WHITE ROCK RD","LATROBE RD",528.00,W,N,A,-,N,,,,,,,,,,Y,3,0,1,1,A,-,01,23152,A,N,E,I,A,A,H,-,D,D,0,,,,,Y,Y,A,01,0,1,0,0,0,0,0,0,0,"- ","- ",38.645618438720703,-121.0703125,"EL DORADO",UNINCORPORATED,-121.06984710693359,38.645885467529297
90666418,2018,2018-02-22,9245,2018-02-13,1721,018756,,2,2,9,0900,0,3,5,,2,003,"COMMERCE WAY","ENTERPRISE DRIVE",36.00,S,N,A,-,N,,,,,,,,,,N,3,0,1,2,A,-,08,22107,,N,D,C,A,A,H,-,A,D,0,,,Y,,Y,,O,05,0,1,0,0,0,0,0,0,1,"- ","- ",38.694099426269531,-120.83029174804688,"EL DORADO",UNINCORPORATED,-120.83020782470703,38.694042205810547
90666636,2018,2018-02-22,9245,2018-02-21,2055,015609,,3,2,9,0900,0,1,2,,1,170,"RT 50","42 MILESTONE RD",400.00,W,N,A,-,Y,,,50,,,,,,,Y,4,0,1,1,A,-,08,22107,,N,E,I,A,A,H,-,D,D,0,,,,,Y,,A,01,0,0,1,0,0,0,0,0,0,"- ","- ",38.790000915527344,-120.15315246582031,"EL DORADO",UNINCORPORATED,-120.15320587158203,38.790046691894531
90669834,2018,2018-02-26,9245,2018-02-24,1630,018394,,6,2,9,0900,0,2,4,,2,012,"EL DORADO HILLS BLVD","FRANCISCO DR",15.00,S,N,B,-,N,,,,,,,,,,N,4,0,1,2,A,-,03,22350,,N,C,C,A,A,H,-,A,D,0,,,,,Y,,A,01,0,0,1,0,0,0,0,0,0,"- ","- ",38.702110290527344,-121.08277893066406,"EL DORADO",UNINCORPORATED,-121.0823974609375,38.702449798583984
90669943,2018,2018-02-26,9245,2018-02-18,2010,017897,,7,2,9,0900,0,1,2,,1,170,"US-50 (LINCOLN HIGHWAY)","41 MILE STONE TRACT",3168.00,W,N,D,-,Y,,,50,,,,,,,Y,4,0,1,2,A,-,01,23152,A,N,E,I,A,C,E,-,D,A,0,,,,,Y,Y,A,07,0,0,1,0,0,0,0,0,0,"- ","- ",38.788349151611328,-120.17706298828125,"EL DORADO",UNINCORPORATED,-120.17704772949219,38.788410186767578
90671058,2018,2018-02-27,9245,2018-02-25,1620,017737,,7,2,9,0900,0,3,5,,2,001,"STARBUCK RD","WINCHESTER DR",494.00,N,N,A,-,N,,,,,,,,,,Y,3,0,1,1,A,-,01,23152,A,N,E,I,A,A,H,-,A,D,0,,,,,Y,,A,01,0,1,0,0,0,0,0,0,0,"- ","- ",38.70684814453125,-121.00338745117188,"EL DORADO",UNINCORPORATED,-121.00336456298828,38.706489562988281
90671153,2018,2018-02-27,9245,2018-02-26,2140,016328,,1,2,9,0900,0,3,5,,2,001,"CAMBRIDGE RD","WENTWORTH RD",0.00,,Y,B,-,N,,,,,,,,,,Y,3,0,1,2,A,-,01,23152,A,N,D,C,A,B,H,-,D,B,0,,,,,Y,Y,A,01,0,1,0,0,0,0,0,0,0,"- ","- ",38.662479400634766,-120.99334716796875,"EL DORADO",UNINCORPORATED,-120.99344635009766,38.662681579589844
90671158,2018,2018-02-27,9245,2018-02-26,1605,015421,,1,2,9,0900,0,2,4,,2,011,"GREEN VALLEY ROAD","BASS LAKE ROAD",502.00,W,N,C,D,N,,,,,,,,,,Y,3,0,2,3,A,-,03,22350,,N,A,C,A,C,H,-,A,D,0,,,,,Y,,A,01,0,2,0,0,0,0,0,0,0,"- ","- ",38.6986083984375,-121.0096435546875,"EL DORADO",UNINCORPORATED,-121.009521484375,38.698638916015625
90674913,2018,2018-03-05,9245,2018-02-26,1900,018624,,1,2,9,0900,0,3,5,,2,002,"LOTUS ROAD","GRANITE CREEK DR",400.00,N,N,B,-,N,,,,,,,,,,N,3,0,1,1,A,-,01,23152,A,N,E,I,A,A,H,-,D,D,0,,,,,Y,Y,D,22,0,1,0,0,0,0,0,0,0,"- ","- ",38.788951873779297,-120.91336059570312,"EL DORADO",UNINCORPORATED,-120.91337585449219,38.789119720458984
90675122,2018,2018-03-05,9245,2018-02-25,0110,018601,,7,3,9,0900,0,1,2,,2,140,"US-50 W/B","SIERRA BLANCA RD.",5.00,E,N,A,-,Y,,,50,,,,,,W,Y,3,0,1,2,A,-,01,23152,A,M,D,C,A,A,H,-,D,D,0,,,,,Y,Y,D,22,0,1,0,0,0,0,0,0,0,"- ","- ",38.737049102783203,-120.70757293701172,"EL DORADO",UNINCORPORATED,-120.70757293701172,38.737049102783203
90675898,2018,2018-03-06,9245,2018-02-27,1550,017737,,2,2,9,0900,0,2,4,,1,024,"CARSON ROAD","JACQUIER RD",200.00,E,N,A,-,N,,,,,,,,,,Y,3,0,1,1,A,-,08,22107,,N,E,I,A,A,H,-,A,D,0,,,,,Y,,A,07,0,1,0,0,0,0,0,0,0,"- ","- ",38.746311187744141,-120.76020050048828,"EL DORADO",UNINCORPORATED,-120.76005554199219,38.746379852294922
90676064,2018,2018-03-06,9245,2018-02-27,1539,017897,,2,2,9,0900,0,2,4,,1,041,"PLEASANT VALLEY RD","NEWTOWN RD",525.00,E,N,A,-,N,,,,,,,,,,Y,3,0,1,1,A,-,01,23152,A,N,E,I,A,A,H,-,A,D,0,,,,,Y,Y,D,22,0,1,0,0,0,0,0,0,0,"- ","- ",38.692581176757812,-120.67430877685547,"EL DORADO",UNINCORPORATED,-120.67440795898438,38.692646026611328
90676904,2018,2018-03-07,9245,2018-03-04,1845,015421,,7,2,9,0900,0,1,3,,1,135,SR-49,"LONGHRUT RD",803.00,S,N,A,-,Y,,,49,,,,,,,Y,4,0,1,1,A,-,08,22107,,N,F,I,A,A,H,-,D,D,0,,,,,Y,,A,01,0,0,1,0,0,0,0,0,0,"- ","- ",38.714141845703125,-120.81183624267578,"EL DORADO",UNINCORPORATED,-120.811767578125,38.714160919189453
90677899,2018,2018-03-08,9245,2018-03-06,1200,013342,,2,1,9,0900,0,2,4,,2,012,"SALMON FALLS ROAD","GALLAGHER RD",792.00,N,N,A,-,N,,,,,,,,,,Y,4,0,1,1,A,-,03,22350,,N,E,I,A,A,H,-,A,D,0,,,Y,,Y,,C,02,0,0,1,0,0,0,0,0,1,"- ","- ",38.786140441894531,-121.02426147460938,"EL DORADO",UNINCORPORATED,-121.02438354492188,38.785964965820312
90678081,2018,2018-03-08,9245,2018-03-07,1105,013929,,3,1,9,0900,0,2,4,,1,042,"BUCKS BAR ROAD","PLEASANT VALLEY ROAD",24.00,S,N,B,-,N,,,,,,,,,,Y,4,0,1,2,A,-,03,22350,,N,C,C,A,A,H,-,A,A,0,,,,,Y,,D,22,0,0,1,0,0,0,0,0,0,"- ","- ",38.6781005859375,-120.73809814453125,"EL DORADO",UNINCORPORATED,-120.73776245117188,38.679733276367188
90678744,2018,2018-03-09,9245,2018-03-07,1529,015421,,3,2,9,0900,0,1,2,,2,110,"US-50 W/B","BASS LAKE RD",2640.00,E,N,A,-,Y,,,50,,,,,,W,Y,4,0,1,1,A,-,08,22107,,N,F,A,A,A,H,-,A,D,0,,,,,Y,,D,22,0,0,1,0,0,0,0,0,0,"- ","- ",38.655548095703125,-121.01197814941406,"EL DORADO",UNINCORPORATED,-121.01197814941406,38.655513763427734
90679618,2018,2018-03-12,9245,2018-02-22,2230,018601,,4,3,9,0900,0,2,4,,1,043,"SLY PARK RD.","MAYFLOWER RD",528.00,N,N,A,-,N,,,,,,,,,,Y,3,0,1,2,A,-,03,22350,,N,A,C,A,C,H,-,D,D,0,,,,,Y,,D,22,0,1,0,0,0,0,0,0,0,"- ","- ",38.758018493652344,-120.56098175048828,"EL DORADO",UNINCORPORATED,-120.55950927734375,38.75714111328125
90680244,2018,2018-03-12,9245,2018-03-08,1056,017856,,4,1,9,0900,0,3,5,,2,004,"STRING CANYON RD","EAGLE HILL RD",528.00,N,N,A,-,N,,,,,,,,,,Y,4,0,2,1,A,-,08,22107,,N,E,I,A,A,H,-,A,D,0,,,,,Y,,A,01,0,0,2,0,0,0,0,0,0,"- ","- ",38.647830963134766,-120.54387664794922,"EL DORADO",UNINCORPORATED,-120.5438232421875,38.648269653320312
90681056,2018,2018-03-13,9245,2018-02-07,0300,016371,,3,3,9,0900,0,2,S,,2,005,"PONY EXPRESS TRL","ELKHORN MILL RD",11.00,E,N,A,-,N,,,,,,,,,,Y,1,2,0,1,A,-,08,22107,,N,E,I,A,A,H,-,D,D,0,,,,,Y,,A,01,0,0,0,0,0,0,0,0,0,"- ","- ",38.755180358886719,-120.60053253173828,"EL DORADO",UNINCORPORATED,-120.60085296630859,38.755104064941406
90681288,2018,2018-03-13,9245,2018-02-27,1240,015563,,2,1,9,0900,0,2,4,,1,039,"MOTHER LODE DR","PLEASANT VALLEY RD",0.00,,Y,A,-,N,,,,,,,,,,Y,4,0,1,2,A,-,12,22450,A,N,D,A,A,A,H,-,A,A,0,,,,,Y,,A,01,0,0,1,0,0,0,0,0,0,"- ","- ",38.680770874023438,-120.8692626953125,"EL DORADO",UNINCORPORATED,-120.86975860595703,38.680278778076172
90681369,2018,2018-03-13,9245,2018-03-08,1635,018601,,4,2,9,0900,0,2,4,,1,037,"PLEASANT VALLEY RD","EL DORADO RD",1056.00,W,N,A,-,N,,,,,,,,,,Y,3,0,3,2,A,-,08,22107,,N,B,C,A,A,H,-,A,D,0,,,,,Y,,A,01,0,3,0,0,0,0,0,0,0,"- ","- ",38.681640625,-120.85838317871094,"EL DORADO",UNINCORPORATED,-120.85826873779297,38.681632995605469
90681403,2018,2018-03-13,9245,2018-03-09,1125,017856,,5,1,9,0900,0,3,5,,2,004,"CEDAR RAVINE RD","CAMP NAUVOO RD",300.00,N,N,B,-,N,,,,,,,,,,Y,4,0,1,1,A,-,08,22107,,N,F,A,A,A,H,-,A,D,0,,,,,Y,,A,01,0,0,1,0,0,0,0,0,0,"- ","- ",38.707141876220703,-120.76270294189453,"EL DORADO",UNINCORPORATED,-120.76337432861328,38.707412719726562
90681820,2018,2018-03-14,9245,2018-03-02,0940,017040,,5,1,9,0900,0,2,4,,1,037,"PLEASANT VALLEY RD.","ORO LANE",150.00,W,N,A,B,N,,,,,,,,,,N,4,0,1,2,A,-,03,22350,,N,C,C,A,A,H,-,A,D,0,,,,,Y,,D,22,0,0,1,0,0,0,0,0,0,"- ","- ",38.681930541992188,-120.84084320068359,"EL DORADO",UNINCORPORATED,-120.83980560302734,38.682239532470703
90682764,2018,2018-03-15,9245,2018-03-11,1125,013342,,7,1,9,0900,0,2,4,,2,012,"SALMON FALLS ROAD","SAFARI TRL",634.00,S,N,A,-,N,,,,,,,,,,Y,3,0,1,1,A,-,03,22350,,N,E,I,A,A,H,-,A,D,0,,,Y,,Y,,C,02,0,1,0,0,0,0,0,0,1,"- ","- ",38.809261322021484,-121.02265930175781,"EL DORADO",UNINCORPORATED,-121.02220916748047,38.810230255126953
90682816,2018,2018-03-15,9245,2018-03-09,0320,018756,,5,3,9,0900,0,1,2,,2,120,"US-50 E/B","PONDEROSA ROAD",1584.00,E,N,A,-,Y,,,50,,,,,,E,Y,4,0,1,1,A,-,08,22107,,N,E,I,A,A,H,-,D,D,0,,,,,Y,,A,01,0,0,1,0,0,0,0,0,0,"- ","- ",38.668201446533203,-120.92659759521484,"EL DORADO",UNINCORPORATED,-120.92681884765625,38.668430328369141
90682844,2018,2018-03-15,9245,2018-03-10,1255,015609,,6,1,9,0900,0,3,5,,2,001,"SILVA VALLEY PKY","SERRANO PKY",90.00,S,N,A,-,N,,,,,,,,,,Y,3,0,1,1,A,-,08,22107,,N,E,I,A,A,H,-,A,D,0,,,Y,,Y,,C,02,0,1,0,0,0,0,0,0,1,"- ","- ",38.669898986816406,-121.06372833251953,"EL DORADO",UNINCORPORATED,-121.06363677978516,38.669887542724609
90682897,2018,2018-03-15,9245,2018-03-13,2140,016371,,2,2,9,0900,0,3,5,,2,003,"SOUTH SHINGLE ROAD","STAMPEDE LN",270.00,S,N,B,C,N,,,,,,,,,,Y,4,0,1,1,A,-,03,22350,,N,E,I,A,B,H,-,D,D,0,,,,,Y,,A,01,0,0,1,0,0,0,0,0,0,"- ","- ",38.628139495849609,-120.94905090332031,"EL DORADO",UNINCORPORATED,-120.94900512695312,38.628135681152344
90682935,2018,2018-03-15,9245,2018-03-14,0830,013929,,3,1,9,0900,0,2,4,,1,043,"SLY PARK ROAD","VIEW POINT DRIVE",312.00,W,N,B,C,N,,,,,,,,,,Y,2,0,2,2,A,-,03,22350,,N,A,C,A,C,H,-,A,D,0,,,,,Y,,A,07,1,1,0,0,0,0,0,0,0,"- ","- ",38.684661865234375,-120.65334320068359,"EL DORADO",UNINCORPORATED,-120.65346527099609,38.684680938720703
90683162,2018,2018-03-15,9245,2018-03-10,1122,017856,,6,1,9,0900,0,2,4,,1,041,"PLEASANT VALLEY RD","NEWTOWN RD",528.00,E,N,B,-,N,,,,,,,,,,N,3,0,1,1,A,-,08,22107,,N,E,I,A,A,H,-,A,D,0,,,Y,,Y,,C,02,0,1,0,0,0,0,0,0,1,"- ","- ",38.6915283203125,-120.67400360107422,"EL DORADO",UNINCORPORATED,-120.67440032958984,38.692638397216797
90683181,2018,2018-03-15,9245,2018-03-15,0810,015609,,4,1,9,0900,0,1,3,,1,115,SR-49,"DIANA ST",528.00,N,N,B,-,Y,,,49,,,,,,,N,4,0,1,2,A,-,03,22350,,N,B,C,A,B,H,-,A,D,0,,,,,Y,,A,01,0,0,1,0,0,0,0,0,0,"- ","- ",38.745929718017578,-120.82022094726562,"EL DORADO",UNINCORPORATED,-120.8203125,38.745895385742188
90683429,2018,2018-03-16,9245,2018-03-15,0908,017856,,4,1,9,0900,0,3,5,,2,004,"CLEAR CREEK RD","SIERRA SPRINGS DR",3168.00,S,N,B,-,N,,,,,,,,,,Y,4,0,1,1,A,-,08,22107,,N,F,A,A,B,H,-,A,D,0,,,,,Y,,A,07,0,0,1,0,0,0,0,0,0,"- ","- ",38.700630187988281,-120.63117980957031,"EL DORADO",UNINCORPORATED,-120.63242340087891,38.699993133544922
90683459,2018,2018-03-16,9245,2018-03-10,2129,018756,,6,2,9,0900,0,3,5,,2,001,"EL DORADO HILLS BOULEVARD","ST ANDREWS DR",835.00,S,N,A,-,N,,,,,,,,,,Y,3,0,1,3,A,-,01,23152,A,N,B,C,A,A,H,-,C,D,0,,,Y,,Y,Y,C,02,0,1,0,0,0,0,0,0,1,"- ","- ",38.684719085693359,-121.07776641845703,"EL DORADO",UNINCORPORATED,-121.07791900634766,38.684837341308594
90684465,2018,2018-03-19,9245,2018-03-12,2120,012833,,1,2,9,0900,0,1,2,,2,120,"US-50 E/B","PONDEROSA RD",4755.00,E,N,B,C,Y,,,,,,,,,,Y,3,0,2,2,A,-,01,23152,A,N,C,C,A,B,H,-,D,D,0,,,,,Y,Y,A,01,0,2,0,0,0,0,0,0,0,"- ","- ",38.400791168212891,-120.55674743652344,"EL DORADO",UNINCORPORATED,-120.9246826171875,38.670501708984375
90684503,2018,2018-03-19,9245,2018-03-13,0240,016371,,2,3,9,0900,0,3,5,,2,001,"CAMERON PARK DR","TORONTO RD",360.00,S,N,B,C,N,,,,,,,,,,Y,3,0,1,1,A,-,03,22350,,N,F,A,A,B,H,-,D,D,0,,,,,Y,,A,07,0,1,0,0,0,0,0,0,0,"- ","- ",38.665531158447266,-120.976318359375,"EL DORADO",UNINCORPORATED,-120.976318359375,38.665523529052734
90686844,2018,2018-03-21,9246,2018-03-13,1810,018269,,2,2,9,0900,0,2,4,,1,025,"LAKE TAHOE BLVD","MULE DEER CIR",0.00,,Y,B,D,N,,,,,,,,,,Y,4,0,1,2,A,-,03,22350,,N,D,C,A,C,H,-,A,D,0,,,,,Y,,A,01,0,0,1,0,0,0,0,0,0,"- ","- ",38.886348724365234,-120.03482055664062,"EL DORADO",UNINCORPORATED,-120.04048156738281,38.882408142089844
90687919,2018,2018-03-22,9245,2018-03-03,0940,016451,,6,1,9,0900,0,1,3,,1,115,"SR-49 S/B","PEDRO HILL RD",1056.00,N,N,F,-,Y,,,49,,,,,,S,N,4,0,1,1,A,-,03,22350,,N,E,I,A,C,H,-,A,D,0,,,,,Y,,A,07,0,0,1,0,0,0,0,0,0,"- ","- ",38.830680847167969,-120.99842071533203,"EL DORADO",UNINCORPORATED,-120.99842071533203,38.830677032470703
90689983,2018,2018-03-26,9245,2018-03-15,1910,018466,,4,2,9,0900,0,1,2,,2,150,US-50,"OLD CARSON RD",528.00,W,N,D,-,Y,,,50,,,,,,,Y,4,0,1,1,A,-,03,22350,,N,E,I,A,C,H,-,D,D,0,,,,,Y,,A,07,0,0,1,0,0,0,0,0,0,"- ","- ",38.760589599609375,-120.53092956542969,"EL DORADO",UNINCORPORATED,-120.53092193603516,38.760658264160156
90691015,2018,2018-03-27,9245,2018-03-17,2210,018782,,6,3,9,0900,0,1,2,,2,140,US-50,"EIGHT MILE RD",190.00,E,N,B,-,Y,,,,,,,,,,Y,2,0,1,1,C,-,18,,,N,E,I,A,C,H,-,D,D,0,,,,,Y,,-,"- ",1,0,0,0,0,0,0,0,0,"- ","- ",38.735221862792969,-120.63825225830078,"EL DORADO",UNINCORPORATED,,
90691180,2018,2018-03-27,9245,2018-03-19,0915,017728,,1,1,9,0900,0,3,5,,2,003,"LATROBE ROAD","CLUBVIEW DR",0.00,,Y,A,-,N,,,,,,,,,,Y,4,0,1,2,A,-,12,21453,A,N,D,C,A,A,H,-,A,A,0,,,,,Y,,A,08,0,0,1,0,0,0,0,0,0,"- ","- ",38.627540588378906,-121.05898284912109,"EL DORADO",UNINCORPORATED,-121.05844116210938,38.627708435058594
90691186,2018,2018-03-27,9245,2018-03-18,1718,017708,,7,2,9,0900,0,3,5,,2,001,"BASS LAKE RD","US-50 E/B",0.00,,Y,A,-,Y,,,,,,,,,,Y,3,0,1,2,A,-,09,21801,A,N,D,C,A,A,H,-,A,D,0,,,,,Y,,D,22,0,1,0,0,0,0,0,0,0,"- ","- ",38.654800415039062,-121.02979278564453,"EL DORADO",UNINCORPORATED,-121.029811,38.656117000000002
90692001,2018,2018-03-28,9245,2018-03-21,1130,015563,,3,1,9,0900,0,2,4,,1,037,"FORNI ROAD","WAMEGO ROAD",225.00,E,N,B,-,N,,,,,,,,,,Y,4,0,1,1,A,-,03,22350,,N,E,I,A,B,H,-,A,D,0,,,,,Y,,A,07,0,0,1,0,0,0,0,0,0,"- ","- ",38.713539123535156,-120.83499908447266,"EL DORADO",UNINCORPORATED,-120.83460998535156,38.713199615478516
90692564,2018,2018-03-29,9245,2018-03-22,1040,018466,,4,1,9,0900,0,3,5,,2,003,"GOLDEN CENTER DR","MISSOURI FLAT RD",233.00,E,N,C,-,N,,,,,,,,,,Y,4,0,1,2,A,-,09,21801,A,N,D,C,A,B,H,-,A,D,0,,,,,Y,,A,01,0,0,1,0,0,0,0,0,0,"- ","- ",38.70513916015625,-120.82711791992188,"EL DORADO",UNINCORPORATED,-120.8271484375,38.70501708984375
90692827,2018,2018-03-29,9245,2018-03-16,1145,017040,,5,1,9,0900,0,2,4,,2,011,"GREEN VALLEY RD.","MORTARA CIR",103.00,W,N,B,C,N,,,,,,,,,,Y,4,0,1,1,A,-,08,22107,,N,E,I,A,B,H,-,A,D,0,,,,,Y,,A,01,0,0,1,0,0,0,0,0,0,"- ","- ",38.719959259033203,-120.88157653808594,"EL DORADO",UNINCORPORATED,-120.88048553466797,38.720306396484375
90692969,2018,2018-03-29,9245,2018-03-22,0930,016451,,4,1,9,0900,0,2,4,,1,039,"MOTHER LODE DR","PLEASANT VALLEY RD",0.00,,Y,C,-,N,,,,,,,,,,Y,4,0,1,2,A,-,12,22450,A,N,D,C,A,B,H,-,A,A,0,,,,,Y,,D,22,0,0,1,0,0,0,0,0,0,"- ","- ",38.680660247802734,-120.86956787109375,"EL DORADO",UNINCORPORATED,-120.86975860595703,38.680278778076172
90693025,2018,2018-03-29,9245,2018-03-22,1505,018394,,4,2,9,0900,0,1,2,,2,120,"US 50 W/B","PONDEROSA RD",4.00,E,N,B,-,Y,,,,,,,,,,Y,2,0,1,2,A,-,03,22350,,N,B,C,A,B,H,-,A,D,0,,,,,Y,,D,22,1,0,0,0,0,0,0,0,0,"- ","- ",38.662708282470703,-120.93755340576172,"EL DORADO",UNINCORPORATED,-120.93763732910156,38.662704467773438
90693031,2018,2018-03-29,9246,2018-03-25,1900,017612,,7,2,9,0900,0,1,2,,1,020,"US-50 (LINCOLN HWY)","SIERRA PINES RD",186.00,W,N,A,-,Y,,,50,,,,,,,Y,3,0,1,1,A,-,03,22350,,N,E,I,A,C,H,-,B,D,0,,,,,Y,,A,01,0,1,0,0,0,0,0,0,0,"- ","- ",38.804641723632812,-120.10989379882812,"EL DORADO",UNINCORPORATED,-120.10987854003906,38.804618835449219
90695353,2018,2018-03-30,9245,2018-03-24,1132,012833,,6,1,9,0900,0,3,5,,2,001,"SILVA VALLEY PARKWAY","US HWY 50",19.00,W,N,B,C,Y,,,,,,,,,,Y,3,0,1,3,A,-,12,21453,A,N,B,C,A,B,H,-,A,A,0,,,,Y,Y,,F,26,0,1,0,0,0,0,0,0,0,"- ","- ",38.395618438720703,-121.03286743164062,"EL DORADO",UNINCORPORATED,-121.05436706542969,38.658222198486328
90696631,2018,2018-04-09,9245,2018-03-27,1130,013929,,2,1,9,0900,0,3,5,,2,002,"PROSPECTORS ROAD","MARSHALL ROAD",7075.00,N,N,A,-,N,,,,,,,,,,Y,2,0,3,1,A,-,08,22107,,F,E,I,A,A,H,-,A,D,0,,,,,Y,,A,01,1,1,1,0,0,0,0,0,0,"- ","- ",38.82965087890625,-120.89524078369141,"EL DORADO",UNINCORPORATED,-120.895263671875,38.829936981201172
90696656,2018,2018-04-02,9245,2018-03-24,0630,016451,,6,1,9,0900,0,1,2,,2,120,"US-50 W/B","SHINGLE SPRINGS DR",1056.00,E,N,B,-,Y,,,,,,,,,,Y,4,0,1,1,A,-,01,23152,A,N,E,I,A,B,H,-,D,D,0,,,,,Y,Y,A,01,0,0,1,0,0,0,0,0,0,"- ","- ",38.682861328125,-120.91100311279297,"EL DORADO",UNINCORPORATED,-120.91271209716797,38.682746887207031