CASE_ID,ACCIDENT_YEAR,PROC_DATE,JURIS,COLLISION_DATE,COLLISION_TIME,OFFICER_ID,REPORTING_DISTRICT,DAY_OF_WEEK,CHP_SHIFT,POPULATION,CNTY_CITY_LOC,SPECIAL_COND,BEAT_TYPE,CHP_BEAT_TYPE,CITY_DIVISION_LAPD,CHP_BEAT_CLASS,BEAT_NUMBER,PRIMARY_RD,SECONDARY_RD,DISTANCE,DIRECTION,INTERSECTION,WEATHER_1,WEATHER_2,STATE_HWY_IND,CALTRANS_COUNTY,CALTRANS_DISTRICT,STATE_ROUTE,ROUTE_SUFFIX,POSTMILE_PREFIX,POSTMILE,LOCATION_TYPE,RAMP_INTERSECTION,SIDE_OF_HWY,TOW_AWAY,COLLISION_SEVERITY,NUMBER_KILLED,NUMBER_INJURED,PARTY_COUNT,PRIMARY_COLL_FACTOR,PCF_CODE_OF_VIOL,PCF_VIOL_CATEGORY,PCF_VIOLATION,PCF_VIOL_SUBSECTION,HIT_AND_RUN,TYPE_OF_COLLISION,MVIW,PED_ACTION,ROAD_SURFACE,ROAD_COND_1,ROAD_COND_2,LIGHTING,CONTROL_DEVICE,CHP_ROAD_TYPE,PEDESTRIAN_ACCIDENT,BICYCLE_ACCIDENT,MOTORCYCLE_ACCIDENT,TRUCK_ACCIDENT,NOT_PRIVATE_PROPERTY,ALCOHOL_INVOLVED,STWD_VEHTYPE_AT_FAULT,CHP_VEHTYPE_AT_FAULT,COUNT_SEVERE_INJ,COUNT_VISIBLE_INJ,COUNT_COMPLAINT_PAIN,COUNT_PED_KILLED,COUNT_PED_INJURED,COUNT_BICYCLIST_KILLED,COUNT_BICYCLIST_INJURED,COUNT_MC_KILLED,COUNT_MC_INJURED,PRIMARY_RAMP,SECONDARY_RAMP,LATITUDE,LONGITUDE,COUNTY,CITY,POINT_X,POINT_Y
90697929,2018,2018-04-03,9246,2018-03-23,1700,015910,,5,2,9,0900,0,1,2,,1,020,"US-50 (LINCOLN HWY)","SIERRA PINES RD",153.00,W,N,A,-,Y,,,50,,,,,,,Y,3,0,1,1,A,-,01,23152,A,N,F,A,A,B,H,-,A,D,0,,,,,Y,Y,A,07,0,1,0,0,0,0,0,0,0,"- ","- ",38.804988861083984,-120.10929870605469,"EL DORADO",UNINCORPORATED,-120.10928344726562,38.804935455322266
90698276,2018,2018-04-04,9246,2018-03-24,1640,018085,,6,2,9,0900,0,1,2,,1,021,"US-50 (LINCOLN HWY)","AUDRAIN WAY",2640.00,W,N,B,D,Y,,,50,,,,,,,Y,4,0,1,2,A,-,03,22350,,N,A,C,A,C,G,-,A,D,0,,,,,Y,,A,07,0,0,1,0,0,0,0,0,0,"- ","- ",38.822360992431641,-120.06494903564453,"EL DORADO",UNINCORPORATED,-120.06494903564453,38.822334289550781
90698555,2018,2018-04-04,9245,2018-03-28,1130,013929,,3,1,9,0900,0,2,4,,1,013,"NORTH SHINGLE ROAD","BLACK OAK ROAD",1056.00,N,N,A,-,N,,,,,,,,,,N,4,0,1,2,A,-,03,22350,,N,C,C,A,A,H,-,A,D,0,,,,Y,Y,,F,27,0,0,1,0,0,0,0,0,0,"- ","- ",38.692329406738281,-120.93009948730469,"EL DORADO",UNINCORPORATED,-120.93022155761719,38.692440032958984
90698885,2018,2018-04-13,9245,2018-03-28,1040,016451,,3,1,9,0900,0,2,4,,1,037,"PLEASANT VALLEY RD","RYAN DR",365.00,W,N,A,-,Y,,,,,,,,,,Y,2,0,1,2,A,-,09,21801,A,N,D,C,A,A,H,-,A,D,0,,,Y,,Y,,A,01,1,0,0,0,0,0,0,0,1,"- ","- ",38.686851501464844,-120.83368682861328,"EL DORADO",UNINCORPORATED,,
90699804,2018,2018-04-05,9245,2018-03-28,2100,018466,,3,2,9,0900,0,2,4,,2,011,"GREEN VALLEY RD","FROSTY LN",590.00,W,N,A,-,N,,,,,,,,,,N,2,0,1,1,A,-,08,22107,,N,F,A,A,A,H,-,A,D,0,,,Y,,Y,,C,02,1,0,0,0,0,0,0,0,1,"- ","- ",38.719978332519531,-120.8614501953125,"EL DORADO",UNINCORPORATED,-120.86145782470703,38.720077514648438
90699838,2018,2018-04-05,9245,2018-03-30,1445,017364,,5,2,9,0900,0,2,4,,2,011,"GREEN VALLEY RD","CAMBRIDGE RD",0.00,,Y,B,-,N,,,,,,,,,,Y,4,0,1,2,A,-,03,22350,,N,C,C,A,A,H,-,A,A,0,,,,,Y,,A,01,0,0,1,0,0,0,0,0,0,"- ","- ",38.69805908203125,-121.00367736816406,"EL DORADO",UNINCORPORATED,-121.00347137451172,38.698001861572266
90700184,2018,2018-04-06,9245,2018-03-28,1850,018466,,3,2,9,0900,0,3,5,,2,004,"GRIZZLY FLAT RD","CASA CONTENTA DR",528.00,W,N,A,-,N,,,,,,,,,,Y,3,0,1,1,A,-,01,23152,A,N,F,A,A,A,H,-,A,D,0,,,,,Y,Y,D,22,0,1,0,0,0,0,0,0,0,"- ","- ",38.636070251464844,-120.64836120605469,"EL DORADO",UNINCORPORATED,-120.64936828613281,38.636203765869141
90700191,2018,2018-04-06,9245,2018-04-03,2232,018624,,2,3,9,0900,0,3,5,,2,001,"GREEN VALLEY RD","PEACEFUL GARDEN WAY",40.00,E,N,A,-,N,,,,,,,,,,Y,3,0,1,1,A,-,01,23152,F,N,E,I,A,A,H,-,D,D,0,,,,,Y,,A,01,0,1,0,0,0,0,0,0,0,"- ","- ",38.716659545898438,-120.93814849853516,"EL DORADO",UNINCORPORATED,-120.94192504882812,38.712406158447266
90700289,2018,2018-04-16,9245,2018-03-23,1600,018893,,5,2,9,0900,0,1,2,,2,110,"US-50 E/B","CAMBRIDGE RD",528.00,W,N,A,-,Y,,,50,,,,,,E,Y,4,0,3,4,A,-,03,22350,,N,C,C,A,A,H,-,A,D,0,,,,,Y,,D,22,0,0,3,0,0,0,0,0,0,"- ","- ",38.655841827392578,-121.00418090820312,"EL DORADO",UNINCORPORATED,-121.00418090820312,38.655818939208984
90700512,2018,2018-04-06,9245,2018-04-01,1330,013342,,7,1,9,0900,0,1,2,,2,120,"US-50 W/B","SHINGLE SPRINGS DRIVE",2640.00,W,N,A,-,Y,,,50,,,,,,W,Y,3,0,2,1,A,-,08,22107,,N,F,A,A,A,H,-,A,D,0,,,,,Y,,A,07,0,2,0,0,0,0,0,0,0,"- ","- ",38.673511505126953,-120.92191314697266,"EL DORADO",UNINCORPORATED,-120.92198944091797,38.673591613769531
90700546,2018,2018-04-06,9245,2018-03-31,1825,018466,,6,2,9,0900,0,2,4,,1,043,"SLY PARK ROAD","FAIRGLADE RD",240.00,E,N,A,-,N,,,,,,,,,,N,3,0,1,1,A,-,03,22350,,N,F,A,A,A,H,-,A,D,0,,,Y,,Y,,C,02,0,1,0,0,0,0,0,0,1,"- ","- ",38.688541412353516,-120.62348937988281,"EL DORADO",UNINCORPORATED,-120.62345886230469,38.688541412353516
90700567,2018,2018-04-06,9245,2018-04-01,1120,013929,,7,1,9,0900,0,2,4,,1,021,"MARSHALL ROAD","BLACK OAK MINE ROAD",0.00,,Y,A,-,N,,,,,,,,,,N,3,0,2,1,C,-,18,,,N,F,A,A,A,A,-,A,D,0,,,Y,,Y,,-,"- ",0,1,1,0,0,0,0,0,2,"- ","- ",38.858650207519531,-120.85048675537109,"EL DORADO",UNINCORPORATED,-120.85040283203125,38.85858154296875
90700574,2018,2018-04-06,9245,2018-04-01,1121,013929,,7,1,9,0900,0,2,4,,1,021,"MARSHALL ROAD","BLACK OAK MINE ROAD",0.00,,Y,A,-,N,,,,,,,,,,N,4,0,2,1,C,-,18,,,N,F,A,A,A,A,-,A,D,0,,,Y,,Y,,-,"- ",0,0,2,0,0,0,0,0,2,"- ","- ",38.858650207519531,-120.85048675537109,"EL DORADO",UNINCORPORATED,-120.85040283203125,38.85858154296875
90701131,2018,2018-04-09,9245,2018-03-31,1315,016451,,6,1,9,0900,0,2,4,,2,012,"SALMON FALLS RD","VIENNA DR",40.00,S,N,A,-,N,,,,,,,,,,Y,3,0,1,1,A,-,03,22350,,N,E,I,A,A,H,-,A,D,0,,,Y,,Y,,C,02,0,1,0,0,0,0,0,0,1,"- ","- ",38.816268920898438,-121.01454925537109,"EL DORADO",UNINCORPORATED,-121.01443481445312,38.816135406494141
90701295,2018,2018-04-09,9245,2018-04-05,1835,018782,,4,2,9,0900,0,1,2,,2,150,US-50,"SLY PARK ROAD",2640.00,W,N,B,-,Y,,,,,,,,,,Y,3,0,1,2,A,-,01,23152,F,F,C,C,A,A,H,-,A,D,0,,,,,Y,Y,A,07,0,1,0,0,0,0,0,0,0,"- ","- ",38.453849792480469,-120.34525299072266,"EL DORADO",UNINCORPORATED,-120.58440399169922,38.759262084960938
90701738,2018,2018-04-09,9245,2018-04-04,1100,016451,,3,1,9,0900,0,2,4,,1,021,"GARDEN VALLEY RD","HACKOMILLER RD",10.00,W,N,A,-,N,,,,,,,,,,Y,4,0,1,1,A,-,08,22107,,N,F,I,A,A,H,-,A,D,0,,,,,Y,,A,01,0,0,1,0,0,0,0,0,0,"- ","- ",38.828041076660156,-120.83473205566406,"EL DORADO",UNINCORPORATED,-120.83482360839844,38.828014373779297
90701827,2018,2018-04-09,9245,2018-03-31,1825,017708,,6,2,9,0900,0,2,4,,2,011,"GREEN VALLEY ROAD","ULENKAMP ROAD",99.00,E,N,A,-,N,,,,,,,,,,Y,1,1,0,1,A,-,08,22107,,N,E,I,A,A,H,-,A,D,0,,,,,Y,,A,01,0,0,0,0,0,0,0,0,0,"- ","- ",38.707000732421875,-120.97039031982422,"EL DORADO",UNINCORPORATED,-120.97049713134766,38.70703125
90702247,2018,2019-09-05,9245,2018-04-06,1355,017728,,5,1,9,0900,0,1,2,,2,110,"US-50 E/B","BASS LAKE RD",2112.00,E,N,B,C,Y,,,,,,,,,,Y,4,0,1,1,A,-,03,22350,,N,A,I,A,B,H,-,A,D,0,,,,,Y,,A,01,0,0,1,0,0,0,0,0,0,"- ","- ",38.702571868896484,-121.08226013183594,"EL DORADO",UNINCORPORATED,-121.02239990234375,38.6551513671875
90702398,2018,2018-04-10,9245,2018-04-08,1838,017040,,7,2,9,0900,0,1,3,,1,115,"SR-49 N/B","PLACER COUNTY LINE",0.50,S,N,A,-,Y,,,49,,,,,,N,Y,3,0,1,2,A,-,05,21460,A,N,A,C,A,A,H,-,A,D,0,,,,,Y,,A,07,0,1,0,0,0,0,0,0,0,"- ","- ",38.91046142578125,-121.03427124023438,"EL DORADO",UNINCORPORATED,-121.03429412841797,38.910449981689453
90703201,2018,2018-04-11,9245,2018-04-02,1825,017708,,1,2,9,0900,0,3,5,,2,004,"CAMINO HEIGHTS DR","CAMINO CT",375.00,N,N,A,-,N,,,,,,,,,,N,2,0,1,1,A,-,03,22350,,N,H,G,A,A,H,-,A,D,0,,Y,,,Y,,L,04,1,0,0,0,0,0,1,0,0,"- ","- ",38.732620239257812,-120.71327972412109,"EL DORADO",UNINCORPORATED,-120.71561431884766,38.73358154296875
90703212,2018,2018-04-11,9245,2018-04-07,0730,018601,,6,1,9,0900,0,3,5,,2,004,"FAIRPLAY RD","PERRY CREEK RD.",5280.00,W,N,C,-,N,,,,,,,,,,Y,4,0,1,1,A,-,03,22350,,N,F,A,A,B,H,-,A,D,0,,,,,Y,,A,07,0,0,1,0,0,0,0,0,0,"- ","- ",38.599681854248047,-120.67543792724609,"EL DORADO",UNINCORPORATED,-120.70346832275391,38.610061645507812
90703692,2018,2018-04-11,9245,2018-03-31,1940,017364,,6,2,9,0900,0,3,5,,2,002,"MOSQUITO RD","VOLZ LN",3696.00,N,N,A,-,N,,,,,,,,,,Y,2,0,1,2,A,-,05,21650,,N,A,C,A,A,H,-,B,D,0,,,Y,,Y,,C,02,1,0,0,0,0,0,0,0,1,"- ","- ",38.769710540771484,-120.75595092773438,"EL DORADO",UNINCORPORATED,-120.75191497802734,38.769504547119141
90704570,2018,2018-04-12,9246,2018-04-09,2230,017612,,1,3,9,0900,0,2,4,,1,026,"MARTIN AVE","BLACK BART AVENUE",58.00,S,N,A,-,N,,,,,,,,,,Y,3,0,1,1,A,-,03,22350,,N,E,I,A,A,H,-,D,D,0,,,,,Y,,A,01,0,1,0,0,0,0,0,0,0,"- ","- ",38.919509887695312,-119.97229766845703,"EL DORADO",UNINCORPORATED,-119.97200012207031,38.919429779052734
90704941,2018,2018-04-13,9245,2018-04-07,1205,016451,,6,1,9,0900,0,2,4,,1,041,"PLEASANT VALLEY RD","COMBO CT",300.00,W,N,A,-,N,,,,,,,,,,Y,4,0,2,2,A,-,03,22350,,N,C,C,A,A,H,-,A,D,0,,,,,Y,,A,01,0,0,2,0,0,0,0,0,0,"- ","- ",38.682209014892578,-120.77574920654297,"EL DORADO",UNINCORPORATED,-120.77548980712891,38.681766510009766
90704994,2018,2018-04-13,9245,2018-04-07,1225,018601,,6,1,9,0900,0,2,4,,1,041,"PLEASANT VALLEY RD.","OAK HILL RD.",528.00,E,N,A,B,N,,,,,,,,,,Y,3,0,2,2,A,-,09,21804,A,N,D,C,A,B,H,-,A,D,0,,,,,Y,,A,01,0,2,0,0,0,0,0,0,0,"- ","- ",38.678050994873047,-120.76981353759766,"EL DORADO",UNINCORPORATED,-120.76951599121094,38.678009033203125
90705076,2018,2018-04-13,9245,2018-04-12,1220,018601,,4,1,9,0900,0,1,2,,2,140,"US-50 E/B","RIDGEWAY DR",1584.00,E,N,D,-,Y,,,50,,,,,,E,Y,3,0,1,1,A,-,03,22350,,N,E,I,A,C,H,-,A,D,0,,,,,Y,,A,01,0,1,0,0,0,0,0,0,0,"- ","- ",38.749748229980469,-120.60891723632812,"EL DORADO",UNINCORPORATED,-120.60890960693359,38.749713897705078
90706215,2018,2018-04-16,9245,2018-04-12,0415,016328,,4,3,9,0900,0,1,2,,2,120,"U.S. 50 E/B","SHINGLE SPRINGS DR",300.00,W,N,B,-,Y,,,,,,,,,,Y,4,0,1,2,A,-,03,22350,,N,C,C,A,A,H,-,D,D,0,,,,,Y,,A,01,0,0,1,0,0,0,0,0,0,"- ","- ",38.679340362548828,-120.91567230224609,"EL DORADO",UNINCORPORATED,-120.91559600830078,38.679374694824219
90706294,2018,2018-04-16,9245,2018-04-10,2220,016328,,2,3,9,0900,0,2,4,,2,011,"GREEN VALLEY RD","SKINNER LN",341.00,E,N,A,-,N,,,,,,,,,,Y,3,0,1,1,A,-,08,22107,,F,E,I,A,A,H,-,D,D,0,,,,,Y,,A,01,0,1,0,0,0,0,0,0,0,"- ","- ",38.711578369140625,-120.94927978515625,"EL DORADO",UNINCORPORATED,-120.94918060302734,38.711540222167969
90706875,2018,2018-04-17,9245,2018-04-11,1820,017040,,3,2,9,0900,0,3,5,,2,003,"BLANCHARD RD.","EL DORADO TRAIL",300.00,S,N,B,-,N,,,,,,,,,,Y,4,0,1,1,A,-,01,23152,A,N,H,A,A,A,H,-,A,D,0,,,,,Y,Y,A,01,0,0,1,0,0,0,0,0,0,"- ","- ",38.692970275878906,-120.84364318847656,"EL DORADO",UNINCORPORATED,-120.84380340576172,38.693222045898438
90709268,2018,2018-04-19,9245,2018-04-16,0512,012833,,1,3,9,0900,0,2,4,,1,041,"PLEASANT VALLEY ROAD","OAK HILL RD",129.00,W,N,B,C,N,,,,,,,,,,Y,3,0,1,1,A,-,05,21650,,N,E,I,A,B,H,-,C,D,0,,,,,Y,,A,07,0,1,0,0,0,0,0,0,0,"- ","- ",38.407249450683594,-120.46322631835938,"EL DORADO",UNINCORPORATED,-120.77167510986328,38.678615570068359
90709690,2018,2018-04-20,9245,2018-04-14,2135,015421,,6,2,9,0900,0,2,4,,2,031,"LATROBE ROAD","RYAN RANCH RD",2640.00,N,N,A,-,N,,,,,,,,,,Y,4,0,2,2,A,-,01,23152,A,N,E,I,A,A,H,-,D,D,0,,,,,Y,Y,A,01,0,0,2,0,0,0,0,0,0,"- ","- ",38.605991363525391,-121.03215026855469,"EL DORADO",UNINCORPORATED,-121.03267669677734,38.606113433837891
90710718,2018,2018-04-23,9245,2018-04-08,1735,017708,,7,2,9,0900,0,2,4,,1,037,"PLEASANT VALLEY ROAD","EL DORADO ST",281.00,E,N,A,-,Y,,,,,,,,,,Y,2,0,2,1,A,-,01,23152,A,N,F,A,A,A,H,-,A,D,0,,,Y,,Y,Y,C,02,2,0,0,0,0,0,0,0,2,"- ","- ",38.68157958984375,-120.84201049804688,"EL DORADO",UNINCORPORATED,-120.85375213623047,38.682514190673828
90712814,2018,2018-04-25,9245,2018-04-17,0835,013342,,2,1,9,0900,0,3,5,,2,001,"CAMBRIDGE ROAD","MERRYCHASE DR",300.00,N,N,A,-,N,,,,,,,,,,Y,4,0,2,3,A,-,08,22107,,N,C,C,A,A,H,-,A,D,0,,,,,Y,,A,01,0,0,2,0,0,0,0,0,0,"- ","- ",38.658279418945312,-120.99878692626953,"EL DORADO",UNINCORPORATED,-120.99868774414062,38.658504486083984
90712963,2018,2018-04-25,9246,2018-04-24,1800,015487,,2,2,9,0900,0,2,4,,1,025,"NORTH UPPER TRUCKEE RD","US-50 (LINCOLN HWY)",735.00,N,N,A,-,N,,,,,,,,,,Y,2,0,1,1,A,-,03,22350,,N,E,J,A,A,H,-,A,D,0,,,Y,,Y,,C,02,1,0,0,0,0,0,0,0,1,"- ","- ",38.847549438476562,-120.03118133544922,"EL DORADO",UNINCORPORATED,-120.03103637695312,38.847579956054688
90712970,2018,2018-04-25,9245,2018-04-18,2215,018724,,3,3,9,0900,0,1,2,,2,110,"US-50 E/B","BASS LAKE RD",1584.00,E,N,A,-,Y,,,50,,,,,,E,Y,4,0,2,2,A,-,03,22350,,N,C,C,A,A,D,-,C,D,0,,,,,Y,,A,01,0,0,2,0,0,0,0,0,0,"- ","- ",38.655231475830078,-121.02458190917969,"EL DORADO",UNINCORPORATED,-121.02458190917969,38.655170440673828
90714093,2018,2018-04-26,9245,2018-04-13,1739,018756,,5,2,9,0900,0,2,4,,2,031,"LATROBE ROAD","SUNCAST LANE",528.00,S,N,A,-,N,,,,,,,,,,N,3,0,3,2,A,-,08,22107,,N,F,A,A,A,H,-,A,A,0,,,,,Y,,-,"- ",0,3,0,0,0,0,0,0,0,"- ","- ",38.635040283203125,-121.06028747558594,"EL DORADO",UNINCORPORATED,-121.06132507324219,38.635734558105469
90715239,2018,2018-04-27,9245,2018-04-19,0300,018893,,4,3,9,0900,0,3,5,,2,001,"STERLING WAY","CAMBRIDGE RD",400.00,W,N,A,-,N,,,,,,,,,,Y,3,0,1,1,A,-,08,22107,,N,E,J,A,A,H,-,D,D,0,,,,,Y,,D,22,0,1,0,0,0,0,0,0,0,"- ","- ",38.691299438476562,-121.0018310546875,"EL DORADO",UNINCORPORATED,-121.00200653076172,38.691703796386719
90715388,2018,2018-04-27,9245,2018-04-21,0940,018601,,6,1,9,0900,0,3,5,,2,004,"GOLD RIDGE TRL","GRANITE TRAIL",0.00,,Y,A,-,N,,,,,,,,,,N,3,0,1,2,A,-,09,21802,B,F,F,A,A,A,H,-,A,A,0,,,Y,,Y,,-,99,0,1,0,0,0,0,0,0,1,"- ","- ",38.756561279296875,-120.57537078857422,"EL DORADO",UNINCORPORATED,-120.57537841796875,38.756591796875
90715680,2018,2018-05-22,9245,2018-03-14,0745,017728,,3,1,9,0900,0,2,4,,1,041,"PLEASANT VALLEY RD","MARSH LANE",0.00,,N,C,-,N,,,,,,,,,,Y,1,1,0,2,A,-,03,22350,,N,D,C,A,B,H,-,A,D,0,,,,,Y,,A,01,0,0,0,0,0,0,0,0,0,"- ","- ",38.694450378417969,-120.800537109375,"EL DORADO",UNINCORPORATED,-120.79872131347656,38.693660736083984
90716198,2018,2018-06-25,9245,2018-04-06,1717,018756,,5,2,9,0900,0,1,2,,2,110,"US-50 E/B","SILVA VALLEY ROAD",2640.00,E,N,B,C,Y,,,50,,,,,,E,Y,1,1,0,1,A,-,03,22350,,N,E,I,A,B,H,-,A,D,0,,,,,Y,,A,01,0,0,0,0,0,0,0,0,0,"- ","- ",38.656951904296875,-121.04486846923828,"EL DORADO",UNINCORPORATED,-121.04494476318359,38.656841278076172
90716258,2018,2018-04-30,9245,2018-04-22,1357,018663,,7,1,9,0900,0,3,5,,2,004,"MORMON EMIGRANT TRL","SLY PARK RD",422.00,E,N,A,-,N,,,,,,,,,,N,2,0,1,1,A,-,08,22107,,N,E,I,A,A,H,-,A,D,0,,,Y,,Y,,C,02,1,0,0,0,0,0,0,0,1,"- ","- ",38.714588165283203,-120.56085968017578,"EL DORADO",UNINCORPORATED,-120.57323455810547,38.719223022460938
90716630,2018,2018-04-30,9245,2018-04-22,1020,015563,,7,1,9,0900,0,1,2,,2,120,"US-50 W/B","SHINGLE SPRINGS DRIVE",175.00,W,N,A,-,Y,,,50,,,,,,W,Y,3,0,1,1,A,-,08,22107,,N,F,A,A,A,H,-,A,D,0,,,,,Y,,D,22,0,1,0,0,0,0,0,0,0,"- ","- ",38.680149078369141,-120.91532897949219,"EL DORADO",UNINCORPORATED,-120.91533660888672,38.680160522460938
90716696,2018,2018-04-30,9245,2018-04-23,0940,013929,,1,1,9,0900,0,1,3,,1,135,"STATE ROUTE 49","GRACE DRIVE",61.00,W,N,A,-,Y,,,49,,,,,,,Y,3,0,1,1,C,-,18,,,N,E,I,A,A,H,-,A,D,0,,,,,Y,,-,"- ",0,1,0,0,0,0,0,0,0,"- ","- ",38.686260223388672,-120.83515167236328,"EL DORADO",UNINCORPORATED,-120.83509826660156,38.686172485351562
90718079,2018,2018-05-02,9245,2018-04-25,1325,016451,,3,1,9,0900,0,1,3,,1,122,SR-193,"PENOBSCOT RD",2640.00,W,N,A,-,Y,,,193,,,,,,,Y,3,0,1,1,A,-,05,21650,,N,E,I,A,A,H,-,A,D,0,,,,,Y,,A,01,0,1,0,0,0,0,0,0,0,"- ","- ",38.898880004882812,-120.95551300048828,"EL DORADO",UNINCORPORATED,-120.95547485351562,38.898841857910156
90718148,2018,2018-05-02,9245,2018-04-26,0722,017856,,4,1,9,0900,0,2,4,,1,037,"MISSOURI FLAT RD","MOTHER LODE DR",100.00,N,N,A,-,N,,,50,,,,,,,Y,4,0,2,2,A,-,03,22350,,N,C,C,A,A,H,-,A,A,0,,,,,Y,,A,01,0,0,2,0,0,0,0,0,0,"- ","- ",38.711170196533203,-120.83873748779297,"EL DORADO",UNINCORPORATED,-120.83905792236328,38.711402893066406
90718488,2018,2018-05-02,9245,2018-04-30,1615,016371,,1,2,9,0900,0,2,S,,2,005,"WENTWORTH SPRINGS RD","HAPPY MEADOWS",5280.00,E,N,B,C,N,,,,,,,,,,Y,4,0,1,1,A,-,08,22107,,N,E,J,A,B,H,-,D,D,0,,,,,Y,,D,22,0,0,1,0,0,0,0,0,0,"- ","- ",38.901691436767578,-120.55069732666016,"EL DORADO",UNINCORPORATED,,
90718541,2018,2018-05-02,9245,2018-05-02,1115,017728,,3,1,9,0900,0,1,2,,2,120,"US-50 E/B","FORNI RD",400.00,W,N,A,-,Y,,,50,,,,,,E,Y,4,0,1,1,A,-,08,22107,,N,A,I,A,A,H,-,A,D,0,,,,,Y,,A,07,0,0,1,0,0,0,0,0,0,"- ","- ",38.717338562011719,-120.83621215820312,"EL DORADO",UNINCORPORATED,-120.836181640625,38.717327117919922
90718691,2018,2018-05-02,9246,2018-04-25,1435,017372,,3,2,9,0900,0,1,3,,1,030,"SR-89 (EMERALD BAY RD)","CASCADE RD",3168.00,N,N,A,-,Y,,,89,,,,,,,Y,2,0,1,1,A,-,08,22107,,N,F,A,A,A,H,-,A,D,0,,,Y,,Y,,C,02,1,0,0,0,0,0,0,0,1,"- ","- ",38.949459075927734,-120.07893371582031,"EL DORADO",UNINCORPORATED,-120.07892608642578,38.949424743652344
90719055,2018,2018-05-03,9245,2018-04-28,2245,018893,,6,3,9,0900,0,2,4,,1,043,"SLY PARK RD",TOBOGAN,1584.00,S,N,B,-,N,,,,,,,,,,Y,3,0,1,1,A,-,01,23152,A,M,F,A,A,A,H,-,D,D,0,,,,,Y,Y,A,01,0,1,0,0,0,0,0,0,0,"- ","- ",38.745769500732422,-120.56446075439453,"EL DORADO",UNINCORPORATED,-120.56430816650391,38.759601593017578
90719225,2018,2018-05-03,9245,2018-04-30,1805,017897,,1,2,9,0900,0,3,5,,2,002,"GREENWOOD RD","DAM CREEK RD  S",0.00,,N,A,-,N,,,,,,,,,,Y,4,0,2,2,A,-,05,21460,A,N,B,C,A,A,H,-,A,D,0,,,,,Y,,A,01,0,0,2,0,0,0,0,0,0,"- ","- ",38.887828826904297,-120.90812683105469,"EL DORADO",UNINCORPORATED,-120.90796661376953,38.888801574707031
90719338,2018,2018-05-03,9245,2018-05-03,1024,013342,,4,1,9,0900,0,1,2,,2,110,"US-50 W/B","PONDEROSA ROAD",3168.00,W,N,A,-,Y,,,50,,,,,,W,N,4,0,1,2,A,-,03,22350,,N,C,C,A,A,H,-,A,D,0,,,,,Y,,D,22,0,0,1,0,0,0,0,0,0,"- ","- ",38.6602783203125,-120.94953918457031,"EL DORADO",UNINCORPORATED,-120.94955444335938,38.660373687744141
90719492,2018,2018-05-03,9245,2018-04-28,1240,018601,,6,1,9,0900,0,1,3,,1,115,SR-49,"DIANA ST",100.00,S,N,A,-,Y,,,49,,,,,,,N,3,0,1,2,A,-,03,22350,,N,C,C,A,A,H,-,A,D,0,,,Y,,Y,,A,01,0,1,0,0,0,0,0,0,1,"- ","- ",38.744670867919922,-120.81999969482422,"EL DORADO",UNINCORPORATED,-120.82006072998047,38.744640350341797
90719850,2018,2018-05-04,9245,2018-04-28,2020,018756,,6,2,9,0900,0,2,4,,2,031,"LATROBE ROAD","E/B US-50 FROM LATROBE ROAD",0.00,,Y,A,-,Y,,,,,,,,,,Y,4,0,1,2,A,-,12,21453,A,N,D,C,A,A,H,-,D,A,0,,,,,Y,,A,08,0,0,1,0,0,0,0,0,0,"- ","- ",38.651809692382812,-121.06990051269531,"EL DORADO",UNINCORPORATED,,
90720351,2018,2018-05-04,9245,2018-04-27,2055,018466,,5,2,9,0900,0,1,2,,2,120,"US-50 E/B","SHINGLE SPRINGS DRIVE",250.00,E,N,A,-,Y,,,50,,,,,,E,Y,2,0,1,1,A,-,01,23152,F,N,F,A,A,A,H,-,D,D,0,,,,,Y,,A,07,1,0,0,0,0,0,0,0,0,"- ","- ",38.681159973144531,-120.91378784179688,"EL DORADO",UNINCORPORATED,-120.91384124755859,38.681209564208984
9072105,2020,2020-09-22,0902,2020-02-07,1256,235,,5,5,3,0902,0,0,0,,0,003,"LAKE TAHOE BL","ALAMEDA AV",15.00,W,N,A,-,Y,ED,3,50,-,-,78.075,H,-,W,Y,3,0,2,2,A,-,09,21802,A,N,D,C,A,A,H,-,A,A,0,,,,,Y,,A,01,0,1,1,0,0,0,0,0,0,"- ","- ",,,"EL DORADO","SOUTH LAKE TAHOE",-119.97720336914062,38.942386627197266
90721197,2018,2018-08-29,9245,2018-05-01,1825,012833,,2,2,9,0900,0,2,4,,1,013,"NORTH SHINGLE RD","RED CLOVER LANE",615.00,S,N,B,-,N,,,,,,,,,,Y,3,0,1,1,A,-,01,23152,A,N,E,I,A,A,H,-,A,D,0,,,,,Y,Y,D,22,0,1,0,0,0,0,0,0,0,"- ","- ",38.416309356689453,-120.55857086181641,"EL DORADO",UNINCORPORATED,-120.93148040771484,38.694622039794922