CASE_ID,ACCIDENT_YEAR,PROC_DATE,JURIS,COLLISION_DATE,COLLISION_TIME,OFFICER_ID,REPORTING_DISTRICT,DAY_OF_WEEK,CHP_SHIFT,POPULATION,CNTY_CITY_LOC,SPECIAL_COND,BEAT_TYPE,CHP_BEAT_TYPE,CITY_DIVISION_LAPD,CHP_BEAT_CLASS,BEAT_NUMBER,PRIMARY_RD,SECONDARY_RD,DISTANCE,DIRECTION,INTERSECTION,WEATHER_1,WEATHER_2,STATE_HWY_IND,CALTRANS_COUNTY,CALTRANS_DISTRICT,STATE_ROUTE,ROUTE_SUFFIX,POSTMILE_PREFIX,POSTMILE,LOCATION_TYPE,RAMP_INTERSECTION,SIDE_OF_HWY,TOW_AWAY,COLLISION_SEVERITY,NUMBER_KILLED,NUMBER_INJURED,PARTY_COUNT,PRIMARY_COLL_FACTOR,PCF_CODE_OF_VIOL,PCF_VIOL_CATEGORY,PCF_VIOLATION,PCF_VIOL_SUBSECTION,HIT_AND_RUN,TYPE_OF_COLLISION,MVIW,PED_ACTION,ROAD_SURFACE,ROAD_COND_1,ROAD_COND_2,LIGHTING,CONTROL_DEVICE,CHP_ROAD_TYPE,PEDESTRIAN_ACCIDENT,BICYCLE_ACCIDENT,MOTORCYCLE_ACCIDENT,TRUCK_ACCIDENT,NOT_PRIVATE_PROPERTY,ALCOHOL_INVOLVED,STWD_VEHTYPE_AT_FAULT,CHP_VEHTYPE_AT_FAULT,COUNT_SEVERE_INJ,COUNT_VISIBLE_INJ,COUNT_COMPLAINT_PAIN,COUNT_PED_KILLED,COUNT_PED_INJURED,COUNT_BICYCLIST_KILLED,COUNT_BICYCLIST_INJURED,COUNT_MC_KILLED,COUNT_MC_INJURED,PRIMARY_RAMP,SECONDARY_RAMP,LATITUDE,LONGITUDE,COUNTY,CITY,POINT_X,POINT_Y
90821502,2018,2018-09-26,9245,2018-09-17,2000,015328,,1,2,9,0900,0,1,2,,2,110,"US-50 W/B","CAMBRIDGE RD",2640.00,E,N,A,-,Y,,,50,,,,,,W,Y,3,0,1,4,C,-,18,,,N,E,I,A,A,C,-,D,D,0,,,,,Y,,-,"- ",0,1,0,0,0,0,0,0,0,"- ","- ",38.657501220703125,-120.98892974853516,"EL DORADO",UNINCORPORATED,-120.98893737792969,38.657428741455078
90821685,2018,2018-09-26,9245,2018-09-20,1358,018624,,4,1,9,0900,0,1,2,,2,140,"US-50 EASTBOUND","CARSON ROAD",4224.00,E,N,A,-,Y,,,50,,,,,,E,Y,2,0,2,2,A,-,03,22350,,N,C,C,A,A,H,-,A,D,0,,,,,Y,,D,22,1,1,0,0,0,0,0,0,0,"- ","- ",38.735740661621094,-120.66689300537109,"EL DORADO",UNINCORPORATED,-120.66690063476562,38.735748291015625
90824467,2018,2018-09-28,9245,2018-09-21,1830,018624,,5,2,9,0900,0,1,2,,2,140,"US-50 EASTBOUND","PAUL BUNYON ROAD",100.00,W,N,A,-,Y,,,50,,,,,,E,Y,4,0,1,2,A,-,08,22107,,N,A,C,A,A,H,-,B,A,0,,,,,Y,,A,01,0,0,1,0,0,0,0,0,0,"- ","- ",38.737209320068359,-120.71797943115234,"EL DORADO",UNINCORPORATED,-120.71798706054688,38.737194061279297
90824503,2018,2018-09-28,9720,2018-09-22,0855,018601,,6,1,9,0900,0,2,S,,2,001,"WENTWORTH SPRINGS RD.","UNCLE TOM'S CABIN",8448.00,E,N,A,-,N,,,,,,,,,,Y,3,0,1,1,A,-,03,22350,,N,E,I,A,A,H,-,A,D,0,,,Y,,Y,,C,02,0,1,0,0,0,0,0,0,1,"- ","- ",38.944431304931641,-120.47464752197266,"EL DORADO",UNINCORPORATED,-120.47263336181641,38.94488525390625
90824783,2018,2018-09-28,9245,2018-09-23,0040,018782,,7,3,9,0900,0,2,4,,1,041,"PLEASANT VALLEY ROAD","BLUFF ROAD",480.00,E,N,A,-,N,,,,,,,,,,Y,3,0,1,1,A,-,01,23152,A,N,E,I,A,A,H,-,D,D,0,,,,,Y,Y,A,01,0,1,0,0,0,0,0,0,0,"- ","- ",38.693138122558594,-120.67997741699219,"EL DORADO",UNINCORPORATED,-120.67997741699219,38.693145751953125
90825286,2018,2018-10-01,9245,2018-09-21,1950,017364,,5,2,9,0900,0,3,5,,2,001,"FRANCISCO DR","EL DORADO HILLS BLVD",0.00,,Y,A,-,N,,,,,,,,,,N,4,0,1,2,A,-,12,22450,A,N,D,C,A,A,H,-,C,A,0,,,,,Y,,D,22,0,0,1,0,0,0,0,0,0,"- ","- ",38.702461242675781,-121.08236694335938,"EL DORADO",UNINCORPORATED,-121.08238220214844,38.702491760253906
90825402,2018,2018-10-01,9246,2018-09-28,1010,017757,,5,1,9,0900,0,1,2,,1,022,"US-50 (LINCOLN HWY)","SLIPPERY FORD RD",210.00,W,N,A,-,Y,,,,,,,,,,N,4,0,1,1,A,-,03,22350,,N,F,A,A,A,H,-,A,D,0,,,Y,,Y,,C,02,0,0,1,0,0,0,0,0,1,"- ","- ",38.905941009521484,-120.12352752685547,"EL DORADO",UNINCORPORATED,,
90825434,2018,2018-10-01,9245,2018-08-12,2500,017364,,7,4,9,0900,0,3,5,,2,002,"WENTWORTH SPRINGS RD","LOOP RD",0.00,,N,A,-,N,,,,,,,,,,Y,1,1,0,1,A,-,08,22107,,N,E,I,A,A,H,-,D,D,0,,,Y,,Y,,C,02,0,0,0,0,0,0,0,1,0,"- ","- ",38.913768768310547,-120.67862701416016,"EL DORADO",UNINCORPORATED,-120.67813110351562,38.913490295410156
90825865,2018,2018-10-01,9245,2018-09-21,1850,015328,,5,2,9,0900,0,3,5,,2,002,"PARKDALE LN","GATEWAY DR",42.00,N,N,A,-,N,,,,,,,,,,Y,2,0,1,1,A,-,03,22350,,N,F,A,A,A,H,-,D,A,0,,,Y,,Y,,C,02,1,0,0,0,0,0,0,0,1,"- ","- ",38.695041656494141,-121.00460815429688,"EL DORADO",UNINCORPORATED,-121.00456237792969,38.695026397705078
90825879,2018,2018-10-01,9245,2018-09-22,1958,018624,,6,2,9,0900,0,3,5,,2,004,"PLEASANT VALLEY ROAD","LORDS MINE TRL",10.00,E,N,A,-,N,,,,,,,,,,Y,3,0,1,1,C,-,18,,,N,E,H,A,A,H,-,D,D,0,,,Y,,Y,Y,-,"- ",0,1,0,0,0,0,0,0,1,"- ","- ",38.677188873291016,-120.76113128662109,"EL DORADO",UNINCORPORATED,-120.76114654541016,38.677108764648438
90825914,2018,2018-10-01,9245,2018-09-11,1115,013929,,2,1,9,0900,0,1,3,,1,122,"STATE ROUTE 193","COUNTRY HILLS LANE",1584.00,E,N,A,-,Y,,,193,,,,,,,Y,1,1,0,1,A,-,08,22107,,N,F,A,A,A,H,-,A,D,0,,,,,Y,,A,01,0,0,0,0,0,0,0,0,0,"- ","- ",38.906581878662109,-120.93196868896484,"EL DORADO",UNINCORPORATED,-120.93196105957031,38.906562805175781
90825986,2018,2018-10-01,9245,2018-09-24,0750,013342,,1,1,9,0900,0,2,4,,1,013,"LOTUS ROAD","GOLD HILL ROAD/LUNEMAN ROAD",0.00,,Y,A,-,N,,,,,,,,,,Y,2,0,5,3,A,-,09,21802,A,N,D,C,A,A,H,-,A,A,0,,,,Y,Y,,A,01,2,1,2,0,0,0,0,0,0,"- ","- ",38.769100189208984,-120.92536163330078,"EL DORADO",UNINCORPORATED,-120.92531,38.768880000000003
90826383,2018,2018-10-02,9245,2018-09-21,1743,018756,,5,2,9,0900,0,2,4,,1,026,"ICE HOUSE ROAD","WEBER MILL ROAD",4224.00,N,N,A,-,N,,,,,,,,,,Y,4,0,1,2,A,-,05,21460,A,N,B,C,A,A,H,-,A,A,0,,,,,Y,,A,01,0,0,1,0,0,0,0,0,0,"- ","- ",38.783699035644531,-120.40669250488281,"EL DORADO",UNINCORPORATED,-120.42593383789062,38.780506134033203
90826462,2018,2018-10-02,9245,2018-09-22,2050,018466,,6,2,9,0900,0,2,4,,1,037,"FORNI RD","BECKETT LN",742.00,N,N,A,-,N,,,,,,,,,,Y,2,0,2,1,A,-,05,21650,,N,E,I,A,A,H,-,D,D,0,,,,,Y,,A,01,1,0,1,0,0,0,0,0,0,"- ","- ",38.689640045166016,-120.84224700927734,"EL DORADO",UNINCORPORATED,-120.84207916259766,38.689598083496094
90826486,2018,2018-10-02,9245,2018-09-22,1827,018756,,6,2,9,0900,0,1,2,,2,150,"US-50 W/B","ICE HOUSE ROAD",7920.00,W,N,A,-,Y,,,50,,,,,,W,Y,3,0,1,1,A,-,01,23152,A,N,E,I,A,A,H,-,A,A,0,,,,,Y,Y,A,01,0,1,0,0,0,0,0,0,0,"- ","- ",38.772018432617188,-120.47598266601562,"EL DORADO",UNINCORPORATED,-120.47594451904297,38.771968841552734
90826540,2018,2018-10-02,9245,2018-09-22,1030,015609,,6,1,9,0900,0,2,4,,2,012,"SALMON FALLS RD","PERSIA WAY",500.00,S,N,A,-,N,,,,,,,,,,Y,2,0,1,1,A,-,08,22107,,N,F,A,A,A,H,-,A,D,0,,,Y,,Y,,C,02,1,0,0,0,0,0,0,0,1,"- ","- ",38.783359527587891,-121.04277801513672,"EL DORADO",UNINCORPORATED,-121.04282379150391,38.763294219970703
90826586,2018,2018-10-02,9245,2018-09-23,2500,018466,,7,4,9,0900,0,3,5,,2,002,"FOREBAY RD","CAMINO POWERHOUSE",2640.00,S,N,A,-,N,,,,,,,,,,Y,2,0,1,1,A,-,05,21650,,N,F,A,A,A,H,-,A,D,0,,,,,Y,,D,22,1,0,0,0,0,0,0,0,0,"- ","- ",38.793960571289062,-120.63298034667969,"EL DORADO",UNINCORPORATED,-120.62001037597656,38.783744812011719
90826670,2018,2018-10-02,9245,2018-09-23,1619,018756,,7,2,9,0900,0,1,2,,2,140,"US-50 W/B","SCHNELL SCHOOL RD",10.00,W,N,A,-,Y,,,50,,,,,,W,Y,3,0,6,4,A,-,06,21755,,F,B,C,A,A,H,-,A,A,0,,,,,Y,,A,01,0,4,2,0,0,0,0,0,0,"- ","- ",38.733829498291016,-120.77223205566406,"EL DORADO",UNINCORPORATED,-120.77223205566406,38.73382568359375
90826717,2018,2018-10-02,9245,2018-09-24,2055,015328,,1,2,9,0900,0,3,5,,2,003,"FRENCH CREEK RD","LORRAIN ST",480.00,N,N,A,-,N,,,,,,,,,,Y,3,0,1,1,A,-,01,23152,A,N,E,I,A,A,H,-,D,D,0,,,,,Y,Y,D,22,0,1,0,0,0,0,0,0,0,"- ","- ",38.655590057373047,-120.92520141601562,"EL DORADO",UNINCORPORATED,-120.92575836181641,38.656158447265625
90826780,2018,2018-10-02,9245,2018-09-24,1550,018466,,1,2,9,0900,0,2,4,,1,014,"COLD SPRINGS RD","VINEYARD LN",700.00,N,N,A,-,N,,,,,,,,,,Y,3,0,1,1,A,-,01,23152,A,N,E,I,A,A,H,-,A,D,0,,,,,Y,Y,D,22,0,1,0,0,0,0,0,0,0,"- ","- ",38.785648345947266,-120.89302825927734,"EL DORADO",UNINCORPORATED,-120.89302825927734,38.785598754882812
90826827,2018,2018-10-19,9245,2018-09-25,2245,015328,,2,3,9,0900,0,3,5,,2,003,"MISSOURI FLAT RD","FORNI RD",0.00,,Y,A,-,N,,,,,,,,,,Y,3,0,3,2,A,-,01,23153,A,N,A,C,A,A,H,-,A,A,0,,,,,Y,,A,01,0,3,0,0,0,0,0,0,0,"- ","- ",38.706371307373047,-120.83065795898438,"EL DORADO",UNINCORPORATED,-120.83074951171875,38.706428527832031
90826885,2018,2018-10-02,9245,2018-09-25,0001,012833,,2,3,9,0900,0,2,4,,1,014,"GOLD HILL RD","GOLD HILL CT",1775.00,E,N,A,-,N,,,,,,,,,,Y,3,0,1,1,A,-,01,23152,A,N,E,I,A,A,H,-,D,D,0,,,,,Y,Y,A,01,0,1,0,0,0,0,0,0,0,"- ","- ",38.458198547363281,-120.52165985107422,"EL DORADO",UNINCORPORATED,-120.86885833740234,38.763462066650391
90826934,2018,2018-10-02,9245,2018-09-26,0810,016328,,3,1,9,0900,0,3,5,,2,003,"GOLDEN FOOTHILL PKWY","WINDFIELD WY",200.00,E,N,A,-,N,,,,,,,,,,Y,4,0,3,2,A,-,03,22350,,N,C,C,A,A,H,-,A,D,0,,,,,Y,,A,01,0,0,3,0,0,0,0,0,0,"- ","- ",38.639499664306641,-121.06916809082031,"EL DORADO",UNINCORPORATED,-121.06912231445312,38.638885498046875
90829103,2018,2018-10-04,9245,2018-09-25,1735,018394,,2,2,9,0900,0,2,4,,1,025,"PONY EXPRESS TRAIL","RIDGEWAY DR",0.00,,Y,A,-,N,,,,,,,,,,Y,2,0,2,2,A,-,09,21801,A,N,A,C,A,A,H,-,A,D,0,,,,,Y,,A,01,2,0,0,0,0,0,0,0,0,"- ","- ",38.749431610107422,-120.61782836914062,"EL DORADO",UNINCORPORATED,-120.61789703369141,38.749431610107422
90829110,2018,2018-10-04,9245,2018-09-24,0845,015563,,1,1,9,0900,0,2,4,,1,037,"MISSOURI FLAT RD","GOLDEN CENTER DR",0.00,,Y,A,-,N,,,,,,,,,,N,2,0,1,2,A,-,12,21453,A,N,D,G,A,A,H,-,A,A,0,,Y,,,Y,,L,04,1,0,0,0,0,0,1,0,0,"- ","- ",38.704498291015625,-120.82774353027344,"EL DORADO",UNINCORPORATED,-120.82762908935547,38.704498291015625
90829528,2018,2018-10-05,9245,2018-09-27,0815,018601,,4,1,9,0900,0,1,2,,2,150,"US-50 E/B","FOREST RD",30.00,E,N,A,-,Y,,,50,,,,,,E,Y,3,0,1,1,A,-,08,22107,,N,E,I,A,A,D,H,A,D,0,,,,,Y,,M,47,0,1,0,0,0,0,0,0,0,"- ","- ",38.760009765625,-120.52912139892578,"EL DORADO",UNINCORPORATED,-120.52906799316406,38.760288238525391
90829568,2018,2018-10-05,9245,2018-09-27,2020,013405,,4,2,9,0900,0,3,5,,2,004,"OMO RANCH RD","NORTH SOUTH ROAD",13728.00,W,N,A,-,N,,,,,,,,,,Y,2,0,2,1,A,-,01,23152,A,N,E,I,A,A,H,-,D,D,0,,,,,Y,Y,D,22,1,1,0,0,0,0,0,0,0,"- ","- ",38.543968200683594,-120.48779296875,"EL DORADO",UNINCORPORATED,-120.48684692382812,38.544071197509766
90829781,2018,2018-10-05,9245,2018-09-28,1605,018624,,5,2,9,0900,0,3,5,,2,001,"CAMBRIDGE RD","CALIDO CT",0.00,,Y,A,-,N,,,,,,,,,,Y,3,0,2,2,A,-,08,22103,,N,B,C,A,A,H,-,A,D,0,,,,,Y,,A,07,0,1,1,0,0,0,0,0,0,"- ","- ",38.684249877929688,-120.99746704101562,"EL DORADO",UNINCORPORATED,-120.99733734130859,38.684139251708984
90829851,2018,2018-10-05,9245,2018-09-29,1320,018601,,6,1,9,0900,0,2,4,,1,041,"PLEASANT VALLEY RD","LEISURE LN",1056.00,E,N,A,-,N,,,,,,,,,,N,4,0,1,3,A,-,03,22350,,N,C,C,A,A,H,-,A,D,0,,,,,Y,,D,22,0,0,1,0,0,0,0,0,0,"- ","- ",38.683998107910156,-120.66454315185547,"EL DORADO",UNINCORPORATED,-120.66510772705078,38.684215545654297
90830604,2018,2018-10-08,9245,2018-09-29,1701,018756,,6,2,9,0900,0,2,4,,1,041,"PLEASANT VALLEY ROAD","LOCKE ROAD",162.00,W,N,A,-,N,,,,,,,,,,Y,3,0,1,1,A,-,01,23152,A,N,E,I,A,A,H,-,A,D,0,,,,,Y,Y,A,01,0,1,0,0,0,0,0,0,0,"- ","- ",38.691078186035156,-120.67340850830078,"EL DORADO",UNINCORPORATED,-120.67324829101562,38.690998077392578
90830637,2018,2018-10-08,9245,2018-09-28,1550,018756,,5,2,2,0901,1,4,S,,2,901,"GREEN WING LANE","MALLARD LANE",6.00,E,N,A,-,N,,,,,,,,,,Y,4,0,1,2,A,-,09,21802,A,N,D,C,A,A,H,-,A,A,0,,,,,Y,,H,13,0,0,1,0,0,0,0,0,0,"- ","- ",38.730060577392578,-120.84587860107422,"EL DORADO",PLACERVILLE,-120.845947265625,38.730072021484375
90830668,2018,2018-10-08,9245,2018-10-01,1240,016451,,1,1,9,0900,0,1,3,,1,122,"SR 193 E/B","PENOBSCOT RD",1280.00,W,N,A,-,Y,,,193,,,,,,E,N,3,0,1,1,C,-,18,,,N,E,H,A,A,H,-,A,D,0,,,Y,,Y,,-,"- ",0,1,0,0,0,0,0,0,1,"- ","- ",38.900180816650391,-120.95072937011719,"EL DORADO",UNINCORPORATED,-120.95072174072266,38.90020751953125
90830686,2018,2018-10-08,9245,2018-09-30,1620,018466,,7,2,9,0900,0,3,5,,2,002,"WENTWORTH SPRINGS RD","ROB CABIN TRAIL",3168.00,W,N,A,-,N,,,,,,,,,,Y,3,0,1,1,A,-,03,22350,,N,F,A,A,A,H,-,A,D,0,,,Y,,Y,,C,02,0,1,0,0,0,0,0,0,1,"- ","- ",38.948528289794922,-120.46620178222656,"EL DORADO",UNINCORPORATED,-120.46646118164062,38.948081970214844
90831938,2018,2018-10-09,9246,2018-09-30,2000,019102,,7,2,9,0900,0,3,5,,2,200,"LAKE TAHOE BLVD (S/B)","TAHOE MTN RD",483.00,N,N,A,-,N,,,,,,,,,,Y,4,0,1,1,A,-,01,23152,A,N,E,I,A,A,H,-,D,D,0,,,,,Y,Y,A,01,0,0,1,0,0,0,0,0,0,"- ","- ",38.887081146240234,-120.02977752685547,"EL DORADO",UNINCORPORATED,-120.03000640869141,38.887088775634766
90832649,2018,2018-10-10,9245,2018-09-30,2010,018466,,7,2,9,0900,0,3,5,,2,002,"JACQUIER RD","CARSON RD",180.00,S,N,A,-,N,,,,,,,,,,Y,3,0,1,1,A,-,01,23152,A,N,E,I,A,A,H,-,D,D,0,,,,,Y,Y,D,22,0,1,0,0,0,0,0,0,0,"- ","- ",38.745548248291016,-120.76081848144531,"EL DORADO",UNINCORPORATED,-120.76078033447266,38.745590209960938
90832667,2018,2018-10-10,9245,2018-10-02,1102,015328,,2,1,9,0900,0,2,4,,1,015,"CAMERON PARK DR","MIRA LOMA DR",1000.00,S,N,A,-,N,,,,,,,,,,Y,3,0,1,1,A,-,01,23152,F,N,E,I,A,A,H,-,A,D,0,,,,,Y,,A,01,0,1,0,0,0,0,0,0,0,"- ","- ",38.682319641113281,-120.98368835449219,"EL DORADO",UNINCORPORATED,-120.98382568359375,38.682346343994141
90832676,2018,2018-10-10,9245,2018-10-02,0745,017040,,2,1,9,0900,0,2,4,,1,037,"MISSOURI FLAT RD.","FORNI RD.",0.00,,Y,A,-,N,,,,,,,,,,N,4,0,1,2,A,-,10,21950,A,M,G,B,B,A,H,-,A,A,0,Y,,,,Y,,A,01,0,0,1,0,1,0,0,0,0,"- ","- ",38.706710815429688,-120.83080291748047,"EL DORADO",UNINCORPORATED,-120.83074951171875,38.706428527832031
90832814,2018,2018-10-10,9245,2018-10-03,2210,012833,,3,3,9,0900,0,1,2,,1,160,"US-50 W/B","29 MILE TRACT",375.00,W,N,B,C,Y,,,,,,,,,,Y,3,0,1,1,A,-,01,23152,A,N,E,I,A,B,H,-,D,D,0,,,,,Y,Y,A,07,0,1,0,0,0,0,0,0,0,"- ","- ",38.4599609375,-120.21395874023438,"EL DORADO",UNINCORPORATED,,
90832892,2018,2018-10-10,9245,2018-10-03,1320,018114,,3,1,9,0900,0,3,5,,2,003,"FORNI RD","NORTH ST",175.00,N,N,C,-,N,,,,,,,,,,Y,3,0,1,1,A,-,03,22350,,N,E,I,A,B,H,-,A,D,0,,,,,Y,,A,07,0,1,0,0,0,0,0,0,0,"- ","- ",38.68328857421875,-120.84449005126953,"EL DORADO",UNINCORPORATED,-120.84450531005859,38.683448791503906
90833269,2018,2018-10-10,9245,2018-10-07,1600,018684,,7,2,9,0900,0,2,4,,2,012,"EL DORADO HILLS BLVD","SARATOGA WAY",0.00,,Y,A,-,N,,,,,,,,,,Y,2,0,1,1,A,-,03,22350,,N,F,A,A,A,H,-,A,A,0,,,Y,,Y,,C,02,1,0,0,0,0,0,0,0,1,"- ","- ",38.653919219970703,-121.07103729248047,"EL DORADO",UNINCORPORATED,-121.07192230224609,38.656719207763672
90833307,2018,2018-10-10,9245,2018-10-04,1430,018663,,4,2,9,0900,0,1,2,,2,150,"US-50 W/B FROM SLY PARK RD ON RAMP","SLY PARK RD",200.00,W,N,B,-,Y,,,50,,,,R,,W,N,4,0,1,1,A,-,03,22350,,N,E,I,A,B,H,-,A,D,0,,,,,Y,,D,22,0,0,1,0,0,0,0,0,0,"- ","- ",38.761558532714844,-120.57668304443359,"EL DORADO",UNINCORPORATED,-120.57668304443359,38.761558532714844
90833346,2018,2018-10-10,9245,2018-10-04,1250,013929,,4,1,9,0900,0,2,4,,1,042,"BUCKS BAR ROAD","MINI BAR TRAIL",1584.00,S,N,B,-,N,,,,,,,,,,Y,3,0,1,1,A,-,08,22107,,N,E,I,A,B,H,-,A,D,0,,,,,Y,Y,A,01,0,1,0,0,0,0,0,0,0,"- ","- ",38.663150787353516,-120.71463012695312,"EL DORADO",UNINCORPORATED,,
90833658,2018,2018-10-11,9245,2018-10-04,1805,017364,,4,2,9,0900,0,2,4,,2,011,"MISSOURI FLAT RD","CHINA GARDEN RD",0.00,,N,B,-,N,,,,,,,,,,N,4,0,1,2,A,-,03,22350,,N,C,C,A,A,H,-,A,D,0,,,,,Y,,A,01,0,0,1,0,0,0,0,0,0,"- ","- ",38.704219818115234,-120.82730102539062,"EL DORADO",UNINCORPORATED,-120.82270812988281,38.700271606445312
90833722,2018,2018-10-11,9245,2018-10-05,2310,018724,,5,3,9,0900,0,3,5,,2,004,"RIDGEWAY DR","YORK CT",100.00,W,N,B,-,N,,,,,,,,,,Y,3,0,1,1,A,-,01,23152,A,N,E,I,A,A,H,-,D,D,0,,,,,Y,Y,A,01,0,1,0,0,0,0,0,0,0,"- ","- ",38.75701904296875,-120.58666229248047,"EL DORADO",UNINCORPORATED,-120.58663940429688,38.757034301757812
90833761,2018,2018-10-11,9245,2018-10-05,1805,018601,,5,2,9,0900,0,2,4,,2,012,"SALMON FALLS RD","LAKEHILLS DR",0.00,,Y,A,-,N,,,,,,,,,,N,4,0,2,2,A,-,06,21750,A,N,D,C,A,A,H,-,A,D,0,,,Y,,Y,,C,02,0,0,2,0,0,0,0,0,1,"- ","- ",38.714710235595703,-121.07763671875,"EL DORADO",UNINCORPORATED,-121.07775115966797,38.71405029296875
90833823,2018,2018-10-11,9245,2018-10-06,1635,018663,,6,2,9,0900,0,2,4,,1,042,"MOUNT AUKUM RD","D'AGOSTINI DR",5.00,S,N,A,-,N,,,,,,,,,,Y,4,0,1,2,A,-,08,22107,,N,B,C,A,A,H,-,A,D,0,,,,,Y,,A,01,0,0,1,0,0,0,0,0,0,"- ","- ",38.552200317382812,-120.732177734375,"EL DORADO",UNINCORPORATED,-120.73223876953125,38.552196502685547
90833848,2018,2018-10-11,9245,2018-10-06,1415,018601,,6,2,9,0900,0,2,4,,2,012,"EL DORADO HILLS BLVD","PARK DR",75.00,N,N,A,-,N,,,,,,,,,,Y,4,0,1,3,A,-,03,22350,,N,C,C,A,A,H,-,A,D,0,,,,,Y,,A,01,0,0,1,0,0,0,0,0,0,"- ","- ",38.657028198242188,-121.07187652587891,"EL DORADO",UNINCORPORATED,-121.07171630859375,38.656967163085938
90834038,2018,2018-10-11,9245,2018-10-03,1117,015328,,3,1,9,0900,0,1,2,,2,110,"US-50 W/B","CAMBRIDGE RD",100.00,W,N,C,-,Y,,,50,,,,,,W,Y,3,0,1,1,A,-,01,23152,A,N,F,A,A,B,H,-,A,D,0,,,,,Y,Y,D,22,0,1,0,0,0,0,0,0,0,"- ","- ",38.656818389892578,-120.99868011474609,"EL DORADO",UNINCORPORATED,-120.99866485595703,38.656715393066406
90834127,2018,2018-10-11,9245,2018-10-11,0930,013929,,4,1,9,0900,0,1,2,,2,140,"RT 50","5 MILE ROAD",1584.00,W,N,A,-,Y,,,50,,,,,,,Y,4,0,1,2,A,-,03,22350,,N,C,C,A,A,H,-,B,D,0,,,,,Y,,A,07,0,0,1,0,0,0,0,0,0,"- ","- ",38.738681793212891,-120.725341796875,"EL DORADO",UNINCORPORATED,-120.725341796875,38.738796234130859
90835085,2018,2018-10-12,9245,2018-10-06,2050,017364,,6,2,9,0900,0,3,5,,2,002,"COLD SPRINGS RD","SALLY LN",0.00,,N,A,-,N,,,,,,,,,,Y,3,0,1,1,A,-,01,23152,A,N,E,I,A,A,H,-,D,D,0,,,,,Y,Y,D,22,0,1,0,0,0,0,0,0,0,"- ","- ",38.74066162109375,-120.86837005615234,"EL DORADO",UNINCORPORATED,-120.86792755126953,38.740890502929688
90836012,2018,2019-01-18,9245,2018-10-05,1125,017897,,5,1,9,0900,0,1,3,,1,122,SR-193,"TEXAS CANYON RD",2112.00,S,N,A,-,Y,,,193,,,,,,,Y,4,0,1,2,A,-,05,21460,A,N,A,C,A,A,H,-,A,D,0,,,,Y,Y,,D,22,0,0,1,0,0,0,0,0,0,"- ","- ",38.777999877929688,-120.82084655761719,"EL DORADO",UNINCORPORATED,-120.82094573974609,38.778060913085938
90836889,2018,2018-10-16,9245,2018-10-06,1130,015328,,6,1,9,0900,0,2,4,,2,011,"GREEN VALLEY RD","LOCH WAY",62.00,E,N,A,-,N,,,,,,,,,,Y,2,0,1,1,A,-,03,22350,,N,F,A,A,A,H,-,A,D,0,,,Y,,Y,,C,02,1,0,0,0,0,0,0,0,1,"- ","- ",38.711780548095703,-121.06741333007812,"EL DORADO",UNINCORPORATED,-121.06728363037109,38.711765289306641
90837137,2018,2018-10-16,9245,2018-10-09,0624,017897,,2,1,9,0900,0,1,3,,1,135,SR-49,"SAND RIDGE RD",7920.00,S,N,A,-,Y,,,49,,,,,,,N,3,0,1,1,A,-,08,22107,,N,F,A,A,A,H,-,B,D,0,,,Y,,Y,,C,02,0,1,0,0,0,0,0,0,1,"- ","- ",38.569469451904297,-120.84574127197266,"EL DORADO",UNINCORPORATED,-120.84584808349609,38.569488525390625
90837372,2018,2018-10-16,9245,2018-10-14,1320,013342,,7,1,9,0900,0,3,5,,2,001,"DEER VALLEY ROAD","DEER OAKS DRIVE",340.00,N,N,A,-,N,,,,,,,,,,Y,3,0,1,1,A,-,08,22107,,N,E,I,A,A,H,-,A,D,0,,,,,Y,,A,01,0,1,0,0,0,0,0,0,0,"- ","- ",38.708221435546875,-121.02364349365234,"EL DORADO",UNINCORPORATED,-121.02346801757812,38.708217620849609
90837388,2018,2018-10-16,9245,2018-10-10,0750,015419,,3,1,9,0900,0,1,2,,2,110,"RT 50","EL DORADO HILLS BLVD",1886.00,E,N,A,-,Y,,,50,,,,,,,N,4,0,1,2,A,-,07,21658,A,N,B,C,A,A,H,-,A,D,0,,,,,Y,,A,01,0,0,1,0,0,0,0,0,0,"- ","- ",38.654918670654297,-121.06430816650391,"EL DORADO",UNINCORPORATED,-121.06430053710938,38.654895782470703
90838090,2018,2018-10-17,9245,2018-10-09,1012,015328,,2,1,9,0900,0,2,4,,2,011,"GREEN VALLEY RD","EL DORADO HILLS BLVD",0.00,,Y,A,-,N,,,,,,,,,,Y,4,0,1,2,A,-,12,21453,A,N,D,C,A,A,H,-,A,A,0,,,,,Y,,D,22,0,0,1,0,0,0,0,0,0,"- ","- ",38.710140228271484,-121.07858276367188,"EL DORADO",UNINCORPORATED,-121.07859039306641,38.710098266601562