CASE_ID,ACCIDENT_YEAR,PROC_DATE,JURIS,COLLISION_DATE,COLLISION_TIME,OFFICER_ID,REPORTING_DISTRICT,DAY_OF_WEEK,CHP_SHIFT,POPULATION,CNTY_CITY_LOC,SPECIAL_COND,BEAT_TYPE,CHP_BEAT_TYPE,CITY_DIVISION_LAPD,CHP_BEAT_CLASS,BEAT_NUMBER,PRIMARY_RD,SECONDARY_RD,DISTANCE,DIRECTION,INTERSECTION,WEATHER_1,WEATHER_2,STATE_HWY_IND,CALTRANS_COUNTY,CALTRANS_DISTRICT,STATE_ROUTE,ROUTE_SUFFIX,POSTMILE_PREFIX,POSTMILE,LOCATION_TYPE,RAMP_INTERSECTION,SIDE_OF_HWY,TOW_AWAY,COLLISION_SEVERITY,NUMBER_KILLED,NUMBER_INJURED,PARTY_COUNT,PRIMARY_COLL_FACTOR,PCF_CODE_OF_VIOL,PCF_VIOL_CATEGORY,PCF_VIOLATION,PCF_VIOL_SUBSECTION,HIT_AND_RUN,TYPE_OF_COLLISION,MVIW,PED_ACTION,ROAD_SURFACE,ROAD_COND_1,ROAD_COND_2,LIGHTING,CONTROL_DEVICE,CHP_ROAD_TYPE,PEDESTRIAN_ACCIDENT,BICYCLE_ACCIDENT,MOTORCYCLE_ACCIDENT,TRUCK_ACCIDENT,NOT_PRIVATE_PROPERTY,ALCOHOL_INVOLVED,STWD_VEHTYPE_AT_FAULT,CHP_VEHTYPE_AT_FAULT,COUNT_SEVERE_INJ,COUNT_VISIBLE_INJ,COUNT_COMPLAINT_PAIN,COUNT_PED_KILLED,COUNT_PED_INJURED,COUNT_BICYCLIST_KILLED,COUNT_BICYCLIST_INJURED,COUNT_MC_KILLED,COUNT_MC_INJURED,PRIMARY_RAMP,SECONDARY_RAMP,LATITUDE,LONGITUDE,COUNTY,CITY,POINT_X,POINT_Y
90838210,2018,2018-10-17,9245,2018-10-16,0955,015419,,2,1,9,0900,0,1,3,,1,115,"RT 49","SALMON FALLS RD",0.00,,Y,A,-,Y,,,49,,,,,,,N,4,0,1,2,A,-,03,22350,,N,C,C,A,A,H,-,A,D,0,,,,,Y,,A,07,0,0,1,0,0,0,0,0,0,"- ","- ",38.836040496826172,-121.01251220703125,"EL DORADO",UNINCORPORATED,-121.01250457763672,38.836055755615234
90838303,2018,2018-10-17,9245,2018-10-17,0900,013929,,3,1,9,0900,0,1,2,,2,150,"RT 50","ICE HOUSE ROAD",3696.00,W,N,A,-,Y,,,50,,,,,,,N,4,0,1,1,C,-,18,,,N,H,H,A,A,H,-,A,D,0,,,,,Y,,-,"- ",0,0,1,0,0,0,0,0,0,"- ","- ",38.772678375244141,-120.45916748046875,"EL DORADO",UNINCORPORATED,-120.45916748046875,38.772686004638672
90840011,2018,2018-10-19,9245,2018-10-10,0615,017040,,3,1,9,0900,0,2,4,,1,037,"MISSOURI FLAT RD.","OLD DEPOT RD.",245.00,N,N,A,B,N,,,,,,,,,,N,1,1,0,2,A,-,11,21956,,F,G,B,D,A,H,-,D,D,0,Y,,,,Y,,N,60,0,0,0,1,0,0,0,0,0,"- ","- ",38.702751159667969,-120.8248291015625,"EL DORADO",UNINCORPORATED,-120.82478332519531,38.702686309814453
90841060,2018,2018-10-22,9245,2018-10-13,0220,018782,,6,3,9,0900,0,2,4,,2,011,"GREEN VALLEY ROAD","TINY LN",165.00,W,N,A,-,N,,,,,,,,,,Y,3,0,1,1,A,-,01,23152,A,N,E,I,A,A,H,-,D,D,0,,,,,Y,Y,A,01,0,1,0,0,0,0,0,0,0,"- ","- ",38.714191436767578,-120.91356658935547,"EL DORADO",UNINCORPORATED,-120.91647338867188,38.71612548828125
90842622,2018,2018-10-23,9245,2018-10-19,0005,013405,,5,3,9,0900,0,2,4,,1,043,"SLY PARK ROAD","ONYX TRL",1056.00,S,N,A,-,N,,,,,,,,,,Y,3,0,1,1,A,-,01,23152,A,N,E,I,A,A,H,-,D,D,0,,,,,Y,Y,A,01,0,1,0,0,0,0,0,0,0,"- ","- ",38.750141143798828,-120.56085205078125,"EL DORADO",UNINCORPORATED,-120.56093597412109,38.750003814697266
90842647,2018,2018-10-23,9245,2018-10-20,1053,017856,,6,1,9,0900,0,3,5,,2,001,"CAMBRIDGE RD","HOLLY HILLS LN",1056.00,N,N,A,-,N,,,,,,,,,,Y,4,0,1,1,A,-,08,22107,,N,E,I,A,A,H,-,A,D,0,,,,,Y,,A,01,0,0,1,0,0,0,0,0,0,"- ","- ",38.666549682617188,-121.99015045166016,"EL DORADO",UNINCORPORATED,-120.98980712890625,38.667591094970703
90842745,2018,2018-10-23,9245,2018-10-22,1320,013929,,1,1,9,0900,0,1,2,,1,160,"RT 50","WILDWOOD WAY",1584.00,W,N,A,-,Y,,,50,,,,,,,Y,4,0,2,2,A,-,09,21801,A,N,D,C,A,A,H,-,A,D,0,,,,,Y,,A,07,0,0,2,0,0,0,0,0,0,"- ","- ",38.768478393554688,-120.31504821777344,"EL DORADO",UNINCORPORATED,-120.31515502929688,38.768596649169922
90842790,2018,2018-10-23,9245,2018-10-19,1751,018663,,5,2,9,0900,0,2,4,,2,011,"EL DORADO RD","US-50 W/B TO EL DORADO RD OFF RAMP",0.00,,Y,A,-,N,,,,,,,,,,Y,4,0,3,2,A,-,09,21802,A,N,B,C,A,A,H,-,E,A,0,,,,,Y,Y,A,01,0,0,3,0,0,0,0,0,0,"- ","- ",38.705310821533203,-120.85665130615234,"EL DORADO",UNINCORPORATED,-120.856658,38.705227000000001
90842878,2018,2018-10-23,9245,2018-10-15,1930,015563,,1,2,9,0900,0,3,5,,2,002,"GREENWOOD RD","DAM CREEK RD  S",272.00,S,N,A,-,N,,,,,,,,,,Y,2,0,1,1,A,-,08,22107,,N,E,I,A,A,H,-,D,D,0,,,,,Y,,A,01,1,0,0,0,0,0,0,0,0,"- ","- ",38.888339996337891,-120.9080810546875,"EL DORADO",UNINCORPORATED,-120.90801239013672,38.888053894042969
90843153,2018,2018-10-24,9245,2018-10-14,1945,018756,,7,2,9,0900,0,2,4,,2,031,"LATROBE ROAD","LATROBE CREEK ROAD",1056.00,S,N,A,-,N,,,,,,,,,,N,3,0,1,1,A,-,08,22107,,N,E,I,A,A,H,-,D,A,0,,,,,Y,Y,A,07,0,1,0,0,0,0,0,0,0,"- ","- ",38.593940734863281,-121.01551818847656,"EL DORADO",UNINCORPORATED,-121.01740264892578,38.594791412353516
90844477,2018,2018-10-25,9245,2018-10-17,1530,018394,,3,2,9,0900,0,1,2,,2,140,"US-50 W/B","EIGHT MILE RD",528.00,W,N,A,-,Y,,,50,,,,,,W,Y,4,0,1,2,A,-,07,21658,A,N,B,C,A,A,H,-,A,D,0,,,,,Y,,D,22,0,0,1,0,0,0,0,0,0,"- ","- ",38.734870910644531,-120.66838073730469,"EL DORADO",UNINCORPORATED,-120.66838073730469,38.734874725341797
90844551,2018,2018-10-25,9245,2018-10-21,0330,018724,,7,3,9,0900,0,2,4,,2,011,"GREEN VALLEY RD","STEVES WAY",1600.00,E,N,A,-,N,,,,,,,,,,Y,3,0,1,1,A,-,01,23152,A,N,E,I,A,A,H,-,D,D,0,,,,,Y,Y,A,01,0,1,0,0,0,0,0,0,0,"- ","- ",38.713161468505859,-121.05786895751953,"EL DORADO",UNINCORPORATED,-121.05333709716797,38.713169097900391
90844932,2018,2018-10-25,9245,2018-10-23,1221,017856,,2,1,9,0900,0,3,5,,2,003,"FORNI RD","KEOKUK DR",1584.00,E,N,A,-,N,,,,,,,,,,Y,3,0,2,1,A,-,08,22107,,N,E,I,A,A,H,-,A,D,0,,,Y,,Y,,C,02,0,2,0,0,0,0,0,0,2,"- ","- ",38.714290618896484,-120.83444213867188,"EL DORADO",UNINCORPORATED,-120.83087158203125,38.708240509033203
90849031,2018,2018-10-30,9245,2018-10-26,1249,015328,,5,1,9,0900,0,3,5,,2,003,"PATTERSON DR","ARGONAUT DR",228.00,S,N,A,-,N,,,,,,,,,,Y,2,0,2,2,A,-,01,23153,A,N,A,C,A,A,H,-,A,D,0,,,,,Y,,A,01,1,1,0,0,0,0,0,0,0,"- ","- ",38.682430267333984,-120.82395935058594,"EL DORADO",UNINCORPORATED,-120.82418060302734,38.682590484619141
90849097,2018,2018-10-30,9245,2018-10-20,1515,018466,,6,2,9,0900,0,3,5,,2,001,"THOMPSON HILL RD","COLD SPRINGS RD",0.00,,Y,A,-,N,,,,,,,,,,Y,4,0,1,2,A,-,09,21802,A,F,D,C,A,A,H,-,A,D,0,,,,,Y,,D,22,0,0,1,0,0,0,0,0,0,"- ","- ",38.779251098632812,-120.89272308349609,"EL DORADO",UNINCORPORATED,-120.89272308349609,38.779209136962891
90849593,2018,2018-10-31,9246,2018-10-20,1638,015992,,6,2,9,0900,0,1,2,,1,020,"US-50 (LINCOLN HWY)","SLIPPERY FORD RD",528.00,E,N,A,-,Y,,,50,,,,,,,Y,2,0,2,1,A,-,03,22350,,N,F,A,A,A,H,-,A,A,0,,,Y,,Y,,C,02,1,1,0,0,0,0,0,0,2,"- ","- ",38.805110931396484,-120.12127685546875,"EL DORADO",UNINCORPORATED,-120.12131500244141,38.805080413818359
90849651,2018,2018-10-31,9245,2018-10-29,1905,015609,,1,2,9,0900,0,2,4,,1,037,"MISSOURI FLAT RD","RT 50",60.00,N,N,A,-,N,,,50,,,,,,,Y,4,0,2,2,A,-,01,23152,A,N,C,C,A,A,H,-,C,D,0,,,,,Y,Y,A,01,0,0,2,0,0,0,0,0,0,"- ","- ",38.711750030517578,-120.84018707275391,"EL DORADO",UNINCORPORATED,-120.83961486816406,38.711223602294922
90850629,2018,2018-11-01,9245,2018-10-25,1940,017364,,4,2,9,0900,0,3,5,,2,001,"VILLAGE CENTER DR","FRANCISCO DR",0.00,,Y,A,-,N,,,,,,,,,,Y,4,0,2,2,A,-,12,21453,A,N,D,C,A,A,H,-,C,A,0,,,,,Y,,A,07,0,0,2,0,0,0,0,0,0,"- ","- ",38.712448120117188,-121.08602905273438,"EL DORADO",UNINCORPORATED,-121.086181640625,38.712478637695312
90851043,2018,2018-11-01,9245,2018-10-28,0840,020432,,7,1,9,0900,0,2,4,,2,012,"SALMON FALLS ROAD","OLD BRIDGE ROAD",1584.00,N,N,A,-,N,,,,,,,,,,N,2,0,2,2,A,-,08,22107,,N,H,G,A,A,H,-,A,D,0,,Y,,,Y,,L,04,2,0,0,0,0,0,2,0,0,"- ","- ",38.7510986328125,-121.04930114746094,"EL DORADO",UNINCORPORATED,-121.05014801025391,38.751499176025391
90851163,2018,2018-11-01,9245,2018-10-26,0100,018656,,5,3,9,0900,0,3,5,,2,001,"OXFORD RD","WOOD LN",180.00,W,N,A,-,N,,,,,,,,,,Y,2,0,1,1,A,-,01,23152,A,N,E,I,A,A,H,-,D,D,0,,,,,Y,Y,D,22,1,0,0,0,0,0,0,0,0,"- ","- ",38.677330017089844,-120.98246765136719,"EL DORADO",UNINCORPORATED,-120.982421875,38.677471160888672
90851223,2018,2018-11-02,9246,2018-11-01,0720,016041,,4,1,9,0900,0,1,3,,1,030,"SR-89 (EMERALD BAY RD)","EAGLE FALLS TRLHD",2640.00,S,N,A,-,Y,,,89,,,,,,,Y,4,0,1,2,A,-,05,21460,A,N,A,C,A,A,H,-,A,D,0,,,,,Y,,A,01,0,0,1,0,0,0,0,0,0,"- ","- ",38.947109222412109,-120.10559844970703,"EL DORADO",UNINCORPORATED,-120.1055908203125,38.947151184082031
90852816,2018,2018-11-05,9245,2018-10-27,0230,018756,,6,3,9,0900,0,1,2,,1,160,US-50,"BULL CREEK ROAD",5808.00,E,N,A,-,Y,,,50,,,,,,,Y,4,0,1,1,A,-,08,22107,,N,E,I,A,A,H,-,D,A,0,,,,,Y,,A,01,0,0,1,0,0,0,0,0,0,"- ","- ",38.774818420410156,-120.41835021972656,"EL DORADO",UNINCORPORATED,-120.41835021972656,38.774826049804688
90853047,2018,2018-11-05,9245,2018-10-27,1250,017856,,6,1,9,0900,0,1,2,,2,110,"US-50 E/B","EL DORADO HILLS BLVD",2968.00,W,N,A,-,Y,,,50,,,,,,E,Y,2,0,3,1,A,-,08,22107,,N,E,I,A,A,H,-,A,D,0,,,,,Y,,A,01,2,0,1,0,0,0,0,0,0,"- ","- ",38.649658203125,-121.08032989501953,"EL DORADO",UNINCORPORATED,-121.08029937744141,38.649570465087891
90853283,2018,2018-11-05,9245,2018-10-30,0655,015328,,2,1,9,0900,0,3,5,,2,001,"SERRANO PKY","MIRALO DR",200.00,W,N,A,-,N,,,,,,,,,,N,4,0,1,2,A,-,03,22350,,N,C,C,A,A,H,-,B,D,0,,,Y,,Y,,C,02,0,0,1,0,0,0,0,0,1,"- ","- ",38.669040679931641,-121.06902313232422,"EL DORADO",UNINCORPORATED,-121.06855010986328,38.669300079345703
90853382,2018,2018-11-05,9245,2018-10-25,0835,015328,,4,1,9,0900,0,2,4,,2,011,"GREEN VALLEY RD","CAMERON PARK DR",0.00,,Y,A,-,N,,,,,,,,,,N,3,0,1,2,A,-,12,21453,A,N,D,G,A,A,H,-,A,A,0,,Y,,,Y,,L,04,0,1,0,0,0,0,1,0,0,"- ","- ",38.698890686035156,-121.99561309814453,"EL DORADO",UNINCORPORATED,-120.99561309814453,38.699008941650391
90853384,2018,2018-11-05,9245,2018-10-26,0800,015328,,5,1,9,0900,0,2,4,,2,031,"LATROBE RD","COTHRIN RANCH RD",13200.00,S,N,A,-,N,,,,,,,,,,Y,3,0,1,1,A,-,08,22107,,N,F,I,A,A,H,-,A,D,0,,,,,Y,,D,22,0,1,0,0,0,0,0,0,0,"- ","- ",38.589000701904297,-122.01094818115234,"EL DORADO",UNINCORPORATED,-120.99472045898438,38.571983337402344
90853390,2018,2018-11-05,9245,2018-10-31,1750,015609,,3,2,9,0900,0,1,2,,2,120,"US 50 E/B OFF/RAMP TO EL DORADO ROAD","EL DORADO RD",0.00,,Y,A,-,Y,,,,,,,,,,Y,4,0,2,2,A,-,09,21802,A,N,D,C,A,A,H,-,B,A,0,,,Y,,Y,,A,01,0,0,2,0,0,0,0,0,2,"- ","- ",38.704299926757812,-120.85648345947266,"EL DORADO",UNINCORPORATED,,
90855218,2018,2018-11-07,9246,2018-10-28,0320,017106,,7,3,9,0900,0,2,4,,1,024,"PIONEER TRAIL","US-50 (EMERALD BAY RD)",621.00,E,N,A,-,N,,,,,,,,,,Y,2,0,1,1,A,-,03,22350,,N,E,I,A,A,H,-,D,D,0,,,Y,,Y,,C,02,1,0,0,0,0,0,0,0,1,"- ","- ",38.858638763427734,-120.01081848144531,"EL DORADO",UNINCORPORATED,-120.01004028320312,38.859870910644531
90857069,2018,2018-11-09,9245,2018-10-27,2309,018756,,6,3,9,0900,0,2,4,,1,013,"LOTUS ROAD","LUNEMAN ROAD",1584.00,S,N,A,-,N,,,,,,,,,,Y,3,0,1,1,A,-,08,22107,,N,E,I,A,A,H,-,D,A,0,,,,,Y,,A,07,0,1,0,0,0,0,0,0,0,"- ","- ",38.7646484375,-120.92629241943359,"EL DORADO",UNINCORPORATED,-120.92630767822266,38.764606475830078
90857609,2018,2018-11-09,9245,2018-10-13,1540,018466,,6,2,9,0900,0,1,2,,2,120,"US-50 E/B","RAY LAWYER DR",260.00,W,N,A,-,Y,,,,,,,,,,Y,4,0,1,2,A,-,03,22350,,N,C,C,A,A,H,-,A,D,0,,,,,Y,,A,07,0,0,1,0,0,0,0,0,0,"- ","- ",38.727279663085938,-120.82492828369141,"EL DORADO",UNINCORPORATED,-120.82483673095703,38.727321624755859
90858131,2018,2018-11-12,9245,2018-10-30,0730,015563,,2,1,9,0900,0,3,5,,2,004,"MORMON EMIGRANT TRL",SR-88,6336.00,W,N,A,-,N,,,,,,,,,,Y,2,0,1,1,A,-,08,22107,,N,E,I,A,A,H,-,B,D,0,,,,,Y,,D,22,1,0,0,0,0,0,0,0,0,"- ","- ",38.636970520019531,-120.23943328857422,"EL DORADO",UNINCORPORATED,-120.22950744628906,38.627750396728516
90858217,2018,2018-11-12,9245,2018-11-02,1955,018782,,5,2,9,0900,0,1,3,,1,122,SR-193,"FAIR PINES LANE",200.00,N,N,A,-,Y,,,193,,,,,,,Y,3,0,1,1,A,-,08,22107,,N,E,I,A,A,H,-,D,D,0,,,,,Y,,A,01,0,1,0,0,0,0,0,0,0,"- ","- ",38.855480194091797,-120.83130645751953,"EL DORADO",UNINCORPORATED,-120.83125305175781,38.855525970458984
90858273,2018,2018-11-12,9245,2018-11-03,1250,016328,,6,1,9,0900,0,1,2,,1,170,"U.S. 50 E/B","STRAWBERRY LANE",0.00,,Y,A,-,Y,,,,,,,,,,Y,4,0,4,2,A,-,03,22350,,N,C,C,A,A,H,-,A,D,0,,,,,Y,,D,22,0,0,4,0,0,0,0,0,0,"- ","- ",38.796958923339844,-120.14508819580078,"EL DORADO",UNINCORPORATED,-120.14524841308594,38.797039031982422
90858285,2018,2018-11-12,9245,2018-11-03,1600,017364,,6,2,9,0900,0,3,5,,2,002,"WENTWORTH SPRINGS RD","PILOT CREEK",2112.00,E,N,A,-,N,,,,,,,,,,Y,3,0,1,1,A,-,03,22350,,N,E,I,A,A,H,-,A,D,0,,,,,Y,,A,01,0,1,0,0,0,0,0,0,0,"- ","- ",38.906108856201172,-120.59716033935547,"EL DORADO",UNINCORPORATED,-120.50689697265625,38.915145874023438
90858347,2018,2018-11-12,9245,2018-11-04,1250,018601,,7,1,9,0900,0,1,3,,1,122,SR-193,"GRAYBAR MINE RD",2112.00,W,N,A,-,Y,,,193,,,,,,,Y,3,0,1,1,A,-,01,23152,A,N,E,I,A,A,H,-,A,D,0,,,,,Y,Y,A,07,0,1,0,0,0,0,0,0,0,"- ","- ",38.893791198730469,-120.87033081054688,"EL DORADO",UNINCORPORATED,-120.87033843994141,38.893779754638672
90858372,2018,2018-11-12,9245,2018-11-04,2000,018466,,7,2,9,0900,0,1,2,,1,160,US-50,"WILDWOOD WAY",2112.00,W,N,A,-,Y,,,50,,,,,,,Y,3,0,1,1,A,-,01,23152,A,N,E,I,A,A,H,-,D,D,0,,,,,Y,Y,A,01,0,1,0,0,0,0,0,0,0,"- ","- ",38.767051696777344,-120.31780242919922,"EL DORADO",UNINCORPORATED,-120.31773376464844,38.766975402832031
90858386,2018,2018-11-12,9245,2018-11-05,1230,015419,,1,1,9,0900,0,3,5,,2,001,"SOUTH SHINGLE RD","US-50 W/B",110.00,N,N,A,-,N,,,,,,,,,,N,3,0,1,2,A,-,03,22350,,N,C,C,A,A,H,-,A,A,0,,,,,Y,,A,01,0,1,0,0,0,0,0,0,0,"- ","- ",38.663028717041016,-120.93788909912109,"EL DORADO",UNINCORPORATED,-120.93778228759766,38.662944793701172
90858418,2018,2018-11-12,9245,2018-11-05,1625,018782,,1,2,9,0900,0,3,5,,2,003,"WHITE ROCK ROAD","VALLEY VIEW PKWY",0.00,,Y,A,-,N,,,,,,,,,,Y,4,0,1,2,A,-,09,21453,C,N,A,C,A,A,H,-,A,A,0,,,,,Y,,A,01,0,0,1,0,0,0,0,0,0,"- ","- ",38.649349212646484,-121.06047821044922,"EL DORADO",UNINCORPORATED,-121.06072235107422,38.649620056152344
90858420,2018,2018-11-12,9245,2018-11-05,0410,018656,,1,3,9,0900,0,1,2,,2,120,"US-50 W/B","RAY LAWYER DR",400.00,E,N,A,-,Y,,,50,,,,,,W,Y,4,0,1,1,A,-,08,22107,,N,F,A,A,A,H,-,D,D,0,,,,,Y,,D,23,0,0,1,0,0,0,0,0,0,"- ","- ",38.730461120605469,-120.81788635253906,"EL DORADO",UNINCORPORATED,-120.81788635253906,38.730487823486328
90858421,2018,2018-11-12,9245,2018-11-05,1124,015328,,1,1,9,0900,0,2,4,,2,012,"SALMON FALLS RD","TIMELESS LANE",528.00,S,N,A,-,N,,,,,,,,,,Y,3,0,1,1,A,-,08,22107,,N,E,I,A,A,H,-,A,D,0,,,,,Y,,A,07,0,1,0,0,0,0,0,0,0,"- ","- ",38.790180206298828,-121.02005004882812,"EL DORADO",UNINCORPORATED,-121.01975250244141,38.790756225585938
90858498,2018,2018-11-13,9245,2018-11-06,0925,015328,,2,1,9,0900,0,2,4,,2,031,"LATROBE RD","COTHRIN RANCH RD",2640.00,S,N,A,-,N,,,,,,,,,,Y,3,0,1,1,A,-,08,22107,,N,F,A,A,A,H,-,A,D,0,,,,,Y,,D,22,0,1,0,0,0,0,0,0,0,"- ","- ",38.594459533691406,-121.01600646972656,"EL DORADO",UNINCORPORATED,-121.01670074462891,38.594474792480469
90858527,2018,2018-11-13,9245,2018-11-06,1517,017856,,2,2,9,0900,0,2,4,,1,015,"CAMERON PARK DR","WINTERHAVEN DR",0.00,,Y,A,-,N,,,,,,,,,,Y,3,0,1,2,A,-,09,21801,A,N,D,C,A,A,H,-,A,D,0,,,Y,,Y,,A,07,0,1,0,0,0,0,0,0,1,"- ","- ",38.697311401367188,-120.99516296386719,"EL DORADO",UNINCORPORATED,-120.9952392578125,38.697021484375
90858941,2018,2018-11-13,9245,2018-11-05,0846,017897,,1,1,9,0900,0,1,2,,2,140,"US-50 W/B","STILL MEADOW RD",1616.00,W,N,A,-,Y,,,50,,,,,,W,Y,3,0,1,1,A,-,03,22350,,N,E,I,A,A,H,-,A,D,0,,,,,Y,,A,01,0,1,0,0,0,0,0,0,0,"- ","- ",38.738521575927734,-120.73735809326172,"EL DORADO",UNINCORPORATED,-120.73736572265625,38.738567352294922
90859109,2018,2018-11-13,9245,2018-11-09,1910,018893,,5,2,9,0900,0,2,4,,2,012,"EL DORADO HILLS BLVD","FRANCISCO DR",0.00,,Y,A,B,N,,,,,,,,,,Y,4,0,2,2,A,-,12,22450,A,N,D,C,A,A,H,-,D,A,0,,,,,Y,,A,08,0,0,2,0,0,0,0,0,0,"- ","- ",38.702301025390625,-121.08260345458984,"EL DORADO",UNINCORPORATED,-121.08238220214844,38.702491760253906
90859235,2018,2018-11-13,9245,2018-11-03,1500,018466,,6,2,9,0900,0,2,4,,2,031,"LATROBE RD","CHAPARRAL DR",187.00,N,N,A,-,N,,,,,,,,,,Y,3,0,1,1,A,-,01,23152,A,M,E,I,A,A,H,-,A,D,0,,,,,Y,Y,A,07,0,1,0,0,0,0,0,0,0,"- ","- ",38.538841247558594,-120.96546173095703,"EL DORADO",UNINCORPORATED,-120.96535491943359,38.538841247558594
90859350,2018,2018-11-14,9245,2018-11-01,0050,013405,,4,3,9,0900,0,3,5,,2,004,"GRIZZLY FLAT ROAD","CALDOR ROAD",528.00,N,N,A,-,N,,,,,,,,,,Y,2,0,1,1,A,-,08,22107,,N,F,A,A,A,H,-,D,D,0,,,Y,,Y,,C,02,1,0,0,0,0,0,0,0,1,"- ","- ",38.620849609375,-120.5911865234375,"EL DORADO",UNINCORPORATED,-120.58834838867188,38.621795654296875
90859353,2018,2018-11-14,9245,2018-11-08,1415,016328,,4,2,9,0900,0,3,5,,2,001,"GREEN VALLEY RD","CROWDIS LN",136.00,W,N,A,-,N,,,,,,,,,,Y,2,0,2,2,A,-,05,21460,A,N,A,C,A,A,H,-,A,D,0,,,,,Y,,A,01,1,1,0,0,0,0,0,0,0,"- ","- ",38.7005615234375,-120.98548126220703,"EL DORADO",UNINCORPORATED,-120.98507690429688,38.700668334960938
90859366,2018,2018-11-14,9245,2018-11-10,1755,018656,,6,2,9,0900,0,2,4,,1,032,"SOUTH SHINGLE ROAD","CATTLE DR",600.00,N,N,A,-,N,,,,,,,,,,Y,3,0,1,1,A,-,08,22107,,N,E,I,A,A,H,-,D,D,0,,,,,Y,,A,01,0,1,0,0,0,0,0,0,0,"- ","- ",38.621570587158203,-120.95439147949219,"EL DORADO",UNINCORPORATED,-120.95441436767578,38.621036529541016
90859883,2018,2018-12-06,9245,2018-10-14,0225,018782,,7,3,9,0900,0,1,2,,2,120,"US-50 EASTBOUND","GREENSTONE ROAD",480.00,E,N,A,-,Y,,,50,,,,,,E,Y,1,1,0,1,A,-,01,23152,G,N,F,A,A,A,H,-,D,A,0,,,,,Y,Y,A,01,0,0,0,0,0,0,0,0,0,"- ","- ",38.695770263671875,-120.88455200195312,"EL DORADO",UNINCORPORATED,-120.88455200195312,38.695846557617188
90860275,2018,2018-11-14,9245,2018-11-12,1434,017040,,1,2,9,0900,0,1,2,,1,170,"US-50 W/B","FIR ST.",528.00,W,N,A,-,Y,,,50,,,,,,W,Y,3,0,1,3,A,-,03,22350,,N,C,C,A,A,H,-,A,D,0,,,,Y,Y,,A,01,0,1,0,0,0,0,0,0,0,"- ","- ",38.796730041503906,-120.14552307128906,"EL DORADO",UNINCORPORATED,-120.14558410644531,38.796821594238281
90860545,2018,2018-11-15,9245,2018-11-08,1730,018756,,4,2,9,0900,0,2,4,,1,042,"OMO RANCH RD","CHARDONNAY LN",528.00,W,N,A,-,N,,,,,,,,,,Y,3,0,1,1,C,-,18,,,N,H,H,A,A,H,-,D,A,0,,,Y,,Y,,-,"- ",0,1,0,0,0,0,0,0,1,"- ","- ",38.57373046875,-120.67363739013672,"EL DORADO",UNINCORPORATED,-120.67319488525391,38.573726654052734
90860683,2018,2018-11-15,9245,2018-11-14,0750,015419,,3,1,9,0900,0,3,5,,2,001,"MARSHALL RD","WAKEFIELD PL",373.00,E,N,A,-,N,,,,,,,,,,Y,4,0,1,1,A,-,08,22107,,N,E,I,A,A,H,-,A,D,0,,,,,Y,,D,22,0,0,1,0,0,0,0,0,0,"- ","- ",38.856670379638672,-120.85298156738281,"EL DORADO",UNINCORPORATED,-120.85301971435547,38.856594085693359
90860765,2018,2018-11-15,9245,2018-11-14,1440,017856,,3,2,9,0900,0,3,5,,2,003,"US-50 FROM MISSOURI FLAT RD","MISSOURI FLAT RD",100.00,E,N,A,-,Y,,,50,,,,R,,,Y,4,0,1,1,A,-,03,22350,,N,F,A,A,A,H,-,A,A,0,,,Y,,Y,,C,02,0,0,1,0,0,0,0,0,1,"- ","- ",38.711261749267578,-120.83840179443359,"EL DORADO",UNINCORPORATED,-120.83840179443359,38.711261749267578
90860832,2018,2018-11-15,9245,2018-11-15,0800,017856,,4,1,9,0900,0,1,3,,1,135,SR-49,"POST RD",2640.00,S,N,A,-,Y,,,49,,,,,,,Y,4,0,1,1,A,-,08,22107,,N,F,A,A,A,H,-,A,D,0,,,,,Y,,A,01,0,0,1,0,0,0,0,0,0,"- ","- ",38.615688323974609,-120.85185241699219,"EL DORADO",UNINCORPORATED,-120.85189056396484,38.615707397460938
90860990,2018,2018-11-15,9245,2018-11-15,0735,016451,,4,1,9,0900,0,1,2,,2,110,"US-50 W/B","PONDEROSA RD",2640.00,W,N,A,-,Y,,,50,,,,,,W,Y,4,0,1,1,A,-,08,22107,,N,E,I,A,A,H,-,A,D,0,,,,,Y,,A,01,0,0,1,0,0,0,0,0,0,"- ","- ",38.659809112548828,-120.95517730712891,"EL DORADO",UNINCORPORATED,-120.95517730712891,38.659751892089844
90861366,2018,2018-11-16,9245,2018-11-15,1000,015563,,4,1,9,0900,0,2,4,,2,011,"GREEN VALLEY ROAD","GREENSTONE RD",0.00,,Y,A,-,N,,,,,,,,,,Y,4,0,1,2,A,-,09,21801,A,N,D,C,A,A,H,-,A,A,0,,,Y,,Y,,A,01,0,0,1,0,0,0,0,0,1,"- ","- ",38.708660125732422,-120.88947296142578,"EL DORADO",UNINCORPORATED,-120.88944244384766,38.70867919921875