CASE_ID,ACCIDENT_YEAR,PROC_DATE,JURIS,COLLISION_DATE,COLLISION_TIME,OFFICER_ID,REPORTING_DISTRICT,DAY_OF_WEEK,CHP_SHIFT,POPULATION,CNTY_CITY_LOC,SPECIAL_COND,BEAT_TYPE,CHP_BEAT_TYPE,CITY_DIVISION_LAPD,CHP_BEAT_CLASS,BEAT_NUMBER,PRIMARY_RD,SECONDARY_RD,DISTANCE,DIRECTION,INTERSECTION,WEATHER_1,WEATHER_2,STATE_HWY_IND,CALTRANS_COUNTY,CALTRANS_DISTRICT,STATE_ROUTE,ROUTE_SUFFIX,POSTMILE_PREFIX,POSTMILE,LOCATION_TYPE,RAMP_INTERSECTION,SIDE_OF_HWY,TOW_AWAY,COLLISION_SEVERITY,NUMBER_KILLED,NUMBER_INJURED,PARTY_COUNT,PRIMARY_COLL_FACTOR,PCF_CODE_OF_VIOL,PCF_VIOL_CATEGORY,PCF_VIOLATION,PCF_VIOL_SUBSECTION,HIT_AND_RUN,TYPE_OF_COLLISION,MVIW,PED_ACTION,ROAD_SURFACE,ROAD_COND_1,ROAD_COND_2,LIGHTING,CONTROL_DEVICE,CHP_ROAD_TYPE,PEDESTRIAN_ACCIDENT,BICYCLE_ACCIDENT,MOTORCYCLE_ACCIDENT,TRUCK_ACCIDENT,NOT_PRIVATE_PROPERTY,ALCOHOL_INVOLVED,STWD_VEHTYPE_AT_FAULT,CHP_VEHTYPE_AT_FAULT,COUNT_SEVERE_INJ,COUNT_VISIBLE_INJ,COUNT_COMPLAINT_PAIN,COUNT_PED_KILLED,COUNT_PED_INJURED,COUNT_BICYCLIST_KILLED,COUNT_BICYCLIST_INJURED,COUNT_MC_KILLED,COUNT_MC_INJURED,PRIMARY_RAMP,SECONDARY_RAMP,LATITUDE,LONGITUDE,COUNTY,CITY,POINT_X,POINT_Y
90955265,2019,2019-03-28,9245,2019-03-25,1515,017364,,1,2,9,0900,0,2,4,,2,011,"GREEN VALLEY RD","CAMBRIDGE RD",0.00,,N,B,C,N,,,,,,,,,,N,4,0,2,2,A,-,03,22350,,N,C,C,A,B,H,-,A,A,0,,,,,Y,,A,01,0,0,2,0,0,0,0,0,0,"- ","- ",38.697978973388672,-121.00380706787109,"EL DORADO",UNINCORPORATED,-121.00347137451172,38.698001861572266
90955379,2019,2019-03-28,9245,2019-03-27,1550,019071,,3,2,9,0900,0,2,4,,1,023,"MOSQUITO RD","MEADOW LN",0.00,,Y,B,C,N,,,,,,,,,,Y,3,0,1,2,A,-,08,22107,,N,A,C,A,B,H,-,A,D,0,,,,,Y,,A,01,0,1,0,0,0,0,0,0,0,"- ","- ",38.746528625488281,-120.78520202636719,"EL DORADO",UNINCORPORATED,-120.78514099121094,38.746349334716797
90955812,2019,2019-03-28,9245,2019-01-02,1505,018466,,3,2,9,0900,0,2,4,,1,025,"PONY EXPRESS TRL","GILMORE RD",1070.00,W,N,A,-,N,,,,,,,,,,Y,1,1,1,2,A,-,01,23152,F,N,A,C,A,A,H,-,A,D,0,,,,,Y,,D,22,0,1,0,0,0,0,0,0,0,"- ","- ",38.750640869140625,-120.60997009277344,"EL DORADO",UNINCORPORATED,-120.61195373535156,38.750011444091797
90957156,2019,2019-03-29,9245,2019-02-02,2025,018893,,6,2,9,0900,0,1,3,,1,135,"SR-49 S/B","LONGHRUT RD",264.00,N,N,C,-,Y,,,49,,,,,,S,Y,1,1,1,1,A,-,01,23152,A,N,E,J,A,B,H,-,D,D,0,,,,,Y,Y,A,01,1,0,0,0,0,0,0,0,0,"- ","- ",38.717060089111328,-120.81304168701172,"EL DORADO",UNINCORPORATED,-120.81298065185547,38.717048645019531
90957266,2019,2019-03-29,9245,2019-03-28,1820,016451,,4,2,9,0900,0,1,2,,2,120,"US-50 E/B","RED HAWK PARKWAY",2000.00,W,N,A,-,Y,,,50,,,,,,E,Y,4,0,1,2,A,-,03,22350,,N,C,C,A,A,H,-,A,D,0,,,,,Y,,A,01,0,0,1,0,0,0,0,0,0,"- ","- ",38.685810089111328,-120.90917205810547,"EL DORADO",UNINCORPORATED,-120.90917205810547,38.685813903808594
90957347,2019,2019-03-29,9245,2019-03-27,1435,015609,,3,2,9,0900,0,3,5,,2,001,"COUNTRY CLUB DR","KNOLLWOOD DR",0.00,,Y,B,C,N,,,,,,,,,,Y,4,0,1,2,A,-,12,22450,A,N,D,C,A,B,H,-,A,A,0,,,,,Y,,A,07,0,0,1,0,0,0,0,0,0,"- ","- ",38.661289215087891,-121.00031280517578,"EL DORADO",UNINCORPORATED,-121.00035095214844,38.661270141601562
90957674,2019,2019-03-29,9245,2019-03-23,1930,018076,,6,2,9,0900,0,3,5,,2,003,"PLEASANT VALLEY RD. WB","SLATE CREEK RD",500.00,E,N,C,-,N,,,,,,,,,,Y,4,0,1,2,A,-,08,22107,,N,D,C,A,B,H,-,D,D,0,,,,,Y,,A,07,0,0,1,0,0,0,0,0,0,"- ","- ",38.681430816650391,-120.86003112792969,"EL DORADO",UNINCORPORATED,-120.85758972167969,38.681728363037109
90958105,2019,2019-04-01,9245,2019-03-25,1605,018076,,1,2,9,0900,0,2,4,,1,024,"CARSON RD. WB","PSYLLA LN",1510.00,E,N,B,-,N,,,,,,,,,,Y,2,0,3,2,A,-,05,21460,A,N,A,C,A,A,H,-,A,D,0,,,,,Y,,D,22,1,1,1,0,0,0,0,0,0,"- ","- ",38.739471435546875,-120.68470001220703,"EL DORADO",UNINCORPORATED,-120.68338775634766,38.739250183105469
90958171,2019,2019-04-01,9245,2019-03-30,1235,015419,,6,1,2,0901,0,1,2,,2,120,"US-50 W/B","FORNI RD",278.00,E,N,A,-,Y,,,50,,,,,,W,Y,2,0,1,1,A,-,08,22107,,N,F,I,A,A,G,-,A,A,0,,,Y,,Y,,C,02,1,0,0,0,0,0,0,0,1,"- ","- ",38.721721649169922,-120.83244323730469,"EL DORADO",PLACERVILLE,-120.83245849609375,38.721778869628906
90958250,2019,2019-04-01,9245,2019-03-29,1700,018782,,5,2,9,0900,0,2,4,,1,041,"PLEASANT VALLEY ROAD","MOTHER LODE DRIVE",500.00,E,N,A,-,N,,,,,,,,,,Y,4,0,1,2,A,-,03,22350,,N,C,C,A,A,H,-,A,D,0,,,,,Y,,A,01,0,0,1,0,0,0,0,0,0,"- ","- ",38.681808471679688,-120.86570739746094,"EL DORADO",UNINCORPORATED,-120.86820220947266,38.680904388427734
90959854,2019,2019-04-03,9245,2019-02-02,0230,018624,,6,3,9,0900,0,3,5,,2,001,"NORTH SHINGLE ROAD","LANDES LN",298.00,N,N,C,-,N,,,,,,,,,,Y,1,1,1,1,A,-,01,23152,G,N,E,I,A,B,H,-,D,D,0,,,,,Y,Y,A,01,1,0,0,0,0,0,0,0,0,"- ","- ",38.683570861816406,-120.92897796630859,"EL DORADO",UNINCORPORATED,-120.92900848388672,38.684417724609375
90959909,2019,2019-04-03,9245,2019-01-01,0020,013405,,2,3,9,0900,0,1,2,,2,140,"US-50 W/B","EL DORADO TRAIL OVERCROSSING",681.00,W,N,A,-,Y,,,50,,,,,,W,Y,1,1,3,1,A,-,03,22350,,N,E,I,A,A,H,-,D,D,0,,,,,Y,,A,01,1,2,0,0,0,0,0,0,0,"- ","- ",38.731479644775391,-120.74725341796875,"EL DORADO",UNINCORPORATED,-120.74723815917969,38.731437683105469
90960222,2019,2019-04-03,9246,2019-03-23,1125,014478,,6,1,9,0900,0,2,4,,1,024,"PIONEER TR","COLD CREEK TR",10.00,S,N,C,D,N,,,,,,,,,,N,4,0,1,2,A,-,03,22350,,F,C,C,A,B,H,-,A,D,0,,,,,Y,,A,01,0,0,1,0,0,0,0,0,0,"- ","- ",38.912708282470703,-119.96174621582031,"EL DORADO",UNINCORPORATED,-119.96176147460938,38.912700653076172
90960278,2019,2019-04-03,9246,2019-03-30,1610,015992,,6,2,9,0900,0,1,3,,1,030,"SR-89 (EMERALD BAY RD)","BALDWIN BEACH RD",0.00,,Y,A,-,Y,,,89,,,,,,,N,3,0,2,2,A,-,09,21802,A,N,D,C,A,A,H,-,A,A,0,,,,,Y,,D,22,0,2,0,0,0,0,0,0,0,"- ","- ",38.933998107910156,-120.06491851806641,"EL DORADO",UNINCORPORATED,-120.06494140625,38.933944702148438
90960287,2019,2019-04-03,9245,2019-04-01,1550,017364,,1,2,9,0900,0,3,5,,2,001,"GATEWAY DR","BASS LAKE RD",80.00,E,N,C,-,N,,,,,,,,,,Y,3,0,1,2,A,-,03,22350,,N,A,C,A,B,H,-,A,D,0,,,,,Y,,A,07,0,1,0,0,0,0,0,0,0,"- ","- ",38.690338134765625,-121.00763702392578,"EL DORADO",UNINCORPORATED,-121.007568359375,38.690395355224609
90960300,2019,2019-04-03,9246,2019-04-01,0901,014302,,1,1,9,0900,0,1,2,,1,020,"US-50 (LINCOLN HWY)","TWIN BRIDGES RD",400.00,E,N,A,-,Y,,,50,,,,,,,Y,4,0,1,1,A,-,17,21662,,N,F,A,A,A,H,-,A,D,0,,,Y,,Y,,C,02,0,0,1,0,0,0,0,0,1,"- ","- ",38.811649322509766,-120.12153625488281,"EL DORADO",UNINCORPORATED,-120.12152862548828,38.811534881591797
90960308,2019,2019-04-03,9245,2019-04-01,1935,018601,,1,2,9,0900,0,2,4,,1,042,"BUCKS BAR RD","SAND RIDGE RD",1584.00,N,N,C,-,N,,,,,,,,,,Y,4,0,3,2,A,-,03,22350,,N,A,C,A,B,H,-,D,D,0,,,,Y,Y,,A,01,0,0,3,0,0,0,0,0,0,"- ","- ",38.647491455078125,-120.69608306884766,"EL DORADO",UNINCORPORATED,-120.69149017333984,38.646751403808594
90960436,2019,2019-04-03,9245,2019-04-02,1330,013929,,2,1,9,0900,0,1,2,,1,160,"RT 50","31 MILESTONE TRACT",1373.00,W,N,C,-,Y,,,50,,,,,,,Y,4,0,2,2,A,-,03,22350,,N,A,C,A,B,H,-,A,D,0,,,,,Y,,D,22,0,0,2,0,0,0,0,0,0,"- ","- ",38.764240264892578,-120.32362365722656,"EL DORADO",UNINCORPORATED,-120.32363891601562,38.764289855957031
90960827,2019,2019-04-04,9245,2019-04-01,0749,015328,,1,1,9,0900,0,2,4,,1,015,"CAMERON PARK DR","PALMER DR",15.00,S,N,A,-,N,,,,,,,,,,Y,4,0,1,2,A,-,08,22107,,N,B,C,A,A,H,-,A,A,0,,,,,Y,,A,01,0,0,1,0,0,0,0,0,0,"- ","- ",38.661338806152344,-120.96999359130859,"EL DORADO",UNINCORPORATED,-120.97011566162109,38.661376953125
90961732,2019,2019-04-05,9245,2019-03-31,1340,018782,,7,1,9,0900,0,1,3,,1,135,SR-49,"MICA ST",800.00,S,N,A,-,Y,,,49,,,,,,,Y,2,0,1,1,A,-,08,22107,,N,F,A,A,A,H,-,A,D,0,,,Y,,Y,,C,02,1,0,0,0,0,0,0,0,1,"- ","- ",38.600429534912109,-120.85012817382812,"EL DORADO",UNINCORPORATED,-120.85014343261719,38.600318908691406
90962790,2019,2019-04-17,9245,2019-04-03,0740,015328,,3,1,9,0900,0,2,4,,2,011,"GREEN VALLEY ROAD","CAMBRIDGE RD",528.00,W,N,A,-,N,,,,,,,,,,N,4,0,1,2,A,-,03,22350,,N,C,C,A,A,H,-,A,D,0,,,,,Y,,A,01,0,0,1,0,0,0,0,0,0,"- ","- ",38.698429107666016,-121.00556945800781,"EL DORADO",UNINCORPORATED,-121.00527954101562,38.698295593261719
90963064,2019,2019-04-08,9245,2019-04-03,1320,016328,,3,1,9,0900,0,2,4,,1,041,"PLEASANT VALLEY RD","OAK HILL RD",85.00,W,N,B,-,N,,,,,,,,,,Y,3,0,1,1,A,-,08,22107,,N,E,I,A,A,H,-,A,D,0,,,,,Y,,A,08,0,1,0,0,0,0,0,0,0,"- ","- ",38.678730010986328,-120.77188110351562,"EL DORADO",UNINCORPORATED,-120.77154541015625,38.678554534912109
90963134,2019,2019-04-08,9245,2019-04-03,2005,018601,,3,2,9,0900,0,3,5,,2,001,"CAMBRIDGE RD.","GREEN VALLEY RD.",528.00,S,N,A,-,N,,,,,,,,,,Y,2,0,1,1,A,-,01,23152,A,N,E,I,A,A,H,-,D,D,0,,,,,Y,Y,A,01,1,0,0,0,0,0,0,0,0,"- ","- ",38.696758270263672,-121.00360107421875,"EL DORADO",UNINCORPORATED,-121.00347900390625,38.696571350097656
90963502,2019,2019-04-08,9245,2019-04-04,0907,017040,,4,1,9,0900,0,2,4,,2,011,"MISSOURI FLAT RD.","PLAZA DR.",15.00,S,N,A,B,N,,,,,,,,,,N,4,0,1,2,C,-,18,,,N,C,C,A,A,H,-,A,A,0,,,,,Y,,-,"- ",0,0,1,0,0,0,0,0,0,"- ","- ",38.709129333496094,-120.84239196777344,"EL DORADO",UNINCORPORATED,-120.84140777587891,38.712612152099609
90963611,2019,2019-04-08,9245,2019-04-05,1320,017728,,5,1,9,0900,0,3,5,,2,004,SR-49,"HOWARD CIR",10.00,E,N,B,C,Y,,,49,,,,,,,N,4,0,1,2,A,-,03,22350,,N,C,C,A,B,H,-,A,D,0,,,,,Y,,A,07,0,0,1,0,0,0,0,0,0,"- ","- ",38.693901062011719,-120.81680297851562,"EL DORADO",UNINCORPORATED,-120.81681060791016,38.694023132324219
90964088,2019,2019-04-09,9245,2019-04-07,0200,018756,,7,3,9,0900,0,2,4,,2,011,"MISSOURI FLAT ROAD","GOLDEN CENTER DRIVE",10.00,N,N,A,-,N,,,,,,,,,,Y,3,0,1,1,A,-,01,23152,A,M,E,I,A,A,H,-,C,A,0,,,,,Y,Y,D,22,0,1,0,0,0,0,0,0,0,"- ","- ",38.704631805419922,-120.82782745361328,"EL DORADO",UNINCORPORATED,-120.82765960693359,38.704517364501953
90964304,2019,2019-04-09,9245,2019-04-06,1315,016328,,6,1,9,0900,0,3,5,,2,004,"OMO RANCH RD","SLUG GULCH RD",1000.00,N,N,A,-,N,,,,,,,,,,Y,4,0,1,1,A,-,08,22107,,N,F,A,A,A,H,-,A,D,0,,,Y,,Y,,C,02,0,0,1,0,0,0,0,0,1,"- ","- ",38.599098205566406,-120.5989990234375,"EL DORADO",UNINCORPORATED,-120.57695770263672,38.581741333007812
90964324,2019,2019-04-09,9245,2019-04-09,0720,013929,,2,1,9,0900,0,2,4,,1,041,"PLEASANT VALLEY ROAD","HANKS EXCHANGE ROAD",0.00,,Y,B,-,N,,,,,,,,,,Y,3,0,2,2,A,-,09,21802,A,N,D,C,A,A,H,-,A,A,0,,,,,Y,,D,22,0,1,1,0,0,0,0,0,0,"- ","- ",38.675949096679688,-120.75234222412109,"EL DORADO",UNINCORPORATED,-120.75229644775391,38.675991058349609
90964404,2019,2019-04-09,9245,2019-04-07,1630,018394,,7,2,9,0900,0,3,5,,2,003,"GREENSTONE RD","GREENSTONE CUTOFF",65.00,N,N,A,-,N,,,,,,,,,,N,4,0,1,1,A,-,03,22350,,N,F,A,A,A,H,-,A,D,0,,,Y,,Y,,C,02,0,0,1,0,0,0,0,0,1,"- ","- ",38.676101684570312,-120.88674163818359,"EL DORADO",UNINCORPORATED,-120.88675689697266,38.676048278808594
90964466,2019,2019-04-09,9245,2019-04-06,1417,018663,,6,2,9,0900,0,1,2,,1,160,US-50,"RANDALL TRACT BRG",2100.00,E,N,A,-,Y,,,50,,,,,,,Y,4,0,1,2,A,-,01,23152,A,N,A,C,A,A,H,-,A,D,0,,,,,Y,Y,D,22,0,0,1,0,0,0,0,0,0,"- ","- ",38.772731781005859,-120.38948059082031,"EL DORADO",UNINCORPORATED,-120.38948059082031,38.772735595703125
90965119,2019,2019-04-10,9245,2019-04-09,1335,016328,,2,1,9,0900,0,2,4,,1,041,"PLEASANT VALLEY RD","HOLM RD",1000.00,W,N,A,-,N,,,,,,,,,,Y,4,0,1,1,A,-,08,22107,,N,E,I,A,A,H,-,A,D,0,,,,,Y,,A,01,0,0,1,0,0,0,0,0,0,"- ","- ",38.687950134277344,-120.72657775878906,"EL DORADO",UNINCORPORATED,-120.72547912597656,38.689350128173828
90966115,2019,2019-04-11,9245,2019-04-04,1540,017364,,4,2,9,0900,0,2,4,,2,011,"GREEN VALLEY RD","GREENSTONE RD",0.00,,Y,B,-,N,,,,,,,,,,Y,3,0,2,2,A,-,09,21802,B,N,D,C,A,A,H,-,A,A,0,,,,,Y,,A,01,0,2,0,0,0,0,0,0,0,"- ","- ",38.708591461181641,-120.89003753662109,"EL DORADO",UNINCORPORATED,-120.88944244384766,38.70867919921875
90966169,2019,2019-04-11,9245,2019-04-07,1155,017897,,7,1,9,0900,0,1,2,,2,150,US-50,"BRIDAL VEIL FALLS",150.00,E,N,A,-,Y,,,50,,,,,,,Y,4,0,1,2,A,-,08,22107,,N,B,C,A,A,H,-,A,D,0,,,,,Y,,D,22,0,0,1,0,0,0,0,0,0,"- ","- ",38.766048431396484,-120.49004364013672,"EL DORADO",UNINCORPORATED,-120.49004364013672,38.765953063964844
90966226,2019,2019-04-11,9245,2019-04-05,1508,018663,,5,2,9,0900,0,2,4,,1,042,"MOUNT AUKUM RD","BERTONE DR",320.00,S,N,B,-,N,,,,,,,,,,Y,2,0,1,1,A,-,08,22107,,N,F,A,A,B,H,-,A,D,0,,,,,Y,,A,01,1,0,0,0,0,0,0,0,0,"- ","- ",38.566028594970703,-120.72898864746094,"EL DORADO",UNINCORPORATED,-120.7291259765625,38.566188812255859
90966242,2019,2019-04-11,9245,2019-04-11,1200,017708,,4,1,9,0900,0,3,5,,2,001,"CAMBRIDGE RD","HILLCREST DR",0.00,,Y,B,-,N,,,,,,,,,,Y,3,0,2,2,A,-,09,21802,A,N,D,C,A,A,H,-,A,D,0,,,,,Y,,A,07,0,1,1,0,0,0,0,0,0,"- ","- ",38.688819885253906,-121.00079345703125,"EL DORADO",UNINCORPORATED,-121.00080871582031,38.688808441162109
90966460,2019,2019-04-12,9245,2019-04-11,0055,018724,,4,3,9,0900,0,3,5,,2,001,"OXFORD RD","FAIRWAY DR",1000.00,E,N,A,-,N,,,,,,,,,,Y,3,0,1,1,A,-,08,22107,,N,E,I,A,A,H,-,D,D,0,,,,,Y,,A,01,0,1,0,0,0,0,0,0,0,"- ","- ",38.679550170898438,-120.98504638671875,"EL DORADO",UNINCORPORATED,-120.98564147949219,38.679561614990234
90966736,2019,2019-04-12,9245,2019-04-12,0850,017728,,5,1,9,0900,0,3,5,,2,003,"SHINGLE SPRINGS DR","BUCKEYE RD",200.00,N,N,A,-,N,,,,,,,,,,Y,4,0,1,1,A,-,08,22107,,N,A,I,A,A,H,-,A,D,0,,,,,Y,,A,01,0,0,1,0,0,0,0,0,0,"- ","- ",38.67559814453125,-120.91950225830078,"EL DORADO",UNINCORPORATED,-120.91310882568359,38.669719696044922
90967625,2019,2019-04-15,9245,2019-04-08,1405,018394,,1,2,9,0900,0,3,5,,2,003,"CRYSTAL BLVD","QUARTZ DR",300.00,W,N,A,-,N,,,,,,,,,,Y,3,0,2,1,A,-,08,22107,,N,E,I,A,A,H,-,A,D,0,,,,,Y,,A,07,0,2,0,0,0,0,0,0,0,"- ","- ",38.631988525390625,-120.85433197021484,"EL DORADO",UNINCORPORATED,-120.85416412353516,38.632259368896484
90967806,2019,2019-04-15,9245,2019-04-08,2139,018756,,1,2,9,0900,0,3,5,,2,001,"SERRANO PKY","VILA FLOR PLACE",40.00,E,N,B,-,N,,,,,,,,,,Y,4,0,1,1,A,-,01,23152,A,N,E,I,A,B,H,-,C,A,0,,,,,Y,Y,A,07,0,0,1,0,0,0,0,0,0,"- ","- ",36.669509887695312,-121.66549682617188,"EL DORADO",UNINCORPORATED,-121.06568145751953,38.669582366943359
90969882,2019,2019-04-17,9245,2019-04-16,1017,016328,,2,1,9,0900,0,3,5,,2,001,"EL DORADO HILLS BLVD","GREEN VALLEY RD",0.00,,Y,B,-,N,,,,,,,,,,Y,4,0,1,2,A,-,12,21453,A,N,D,C,A,A,H,-,A,A,0,,,,,Y,,A,07,0,0,1,0,0,0,0,0,0,"- ","- ",38.710189819335938,-121.07861328125,"EL DORADO",UNINCORPORATED,-121.07859039306641,38.710098266601562
90970456,2019,2019-04-18,9245,2019-04-15,2015,018466,,1,2,9,0900,0,3,5,,2,003,"WHITE ROCK RD","KEAGLES LN",0.00,,Y,C,-,N,,,,,,,,,,N,2,0,1,2,A,-,11,21954,A,N,G,B,D,B,H,-,D,D,0,Y,,,,Y,Y,N,60,1,0,0,0,1,0,0,0,0,"- ","- ",38.648708343505859,-121.06301879882812,"EL DORADO",UNINCORPORATED,-121.062995,38.648710000000001
90970512,2019,2019-04-18,9245,2019-04-16,0855,013929,,2,1,9,0900,0,2,4,,1,042,"BUCKS BAR ROAD","SPRINGER ROAD",4488.00,S,N,B,C,N,,,,,,,,,,Y,4,0,1,1,A,-,08,22107,,N,E,I,A,B,H,-,A,D,0,,,,,Y,,D,22,0,0,1,0,0,0,0,0,0,"- ","- ",39.671398162841797,-120.71703338623047,"EL DORADO",UNINCORPORATED,-120.73783874511719,38.679759979248047
90970520,2019,2019-04-18,9245,2019-04-17,0820,013929,,3,1,9,0900,0,2,4,,1,024,"CARSON ROAD","C STREET",10.00,W,N,A,-,N,,,,,,,,,,Y,3,0,1,1,A,-,08,22107,,N,E,I,A,A,H,-,A,D,0,,,,,Y,,A,07,0,1,0,0,0,0,0,0,0,"- ","- ",38.736728668212891,-120.67301940917969,"EL DORADO",UNINCORPORATED,-120.67295074462891,38.738658905029297
90971117,2019,2019-04-19,9245,2019-04-11,1530,018663,,4,2,9,0900,0,2,4,,1,024,"CARSON RD","GATLIN RD",0.00,,Y,A,-,N,,,,,,,,,,Y,3,0,1,2,A,-,12,22450,A,N,D,C,A,A,H,-,A,A,0,,,,,Y,,D,22,0,1,0,0,0,0,0,0,0,"- ","- ",38.738059997558594,-120.71230316162109,"EL DORADO",UNINCORPORATED,-120.71227264404297,38.738048553466797
90971235,2019,2019-04-19,9245,2019-04-12,1410,018076,,5,2,9,0900,0,3,5,,2,001,"GREEN VALLEY RD. EB","PONDEROSA RD",0.00,,Y,A,-,N,,,,,,,,,,Y,3,0,1,2,A,-,03,22350,,N,D,C,A,A,H,-,A,A,0,,,Y,,Y,,C,02,0,1,0,0,0,0,0,0,1,"- ","- ",38.71099853515625,-120.94461059570312,"EL DORADO",UNINCORPORATED,-120.94554901123047,38.711139678955078
90971272,2019,2019-04-19,9245,2019-04-13,1300,018663,,6,1,9,0900,0,2,4,,1,026,"ICE HOUSE RD","WEBER MILL RD",7392.00,N,N,A,-,N,,,,,,,,,,Y,2,0,1,1,A,-,08,22107,,N,E,I,A,A,H,-,A,D,0,,,,,Y,,A,07,1,0,0,0,0,0,0,0,0,"- ","- ",38.789749145507812,-120.40663909912109,"EL DORADO",UNINCORPORATED,-120.43422698974609,38.776130676269531
90971279,2019,2019-04-19,9245,2019-04-13,1628,018663,,6,2,9,0900,0,2,4,,1,041,"PLEASANT VALLEY RD","FOUR SEASONS RD",360.00,E,N,A,-,N,,,,,,,,,,Y,3,0,2,1,A,-,01,23152,A,N,E,I,A,A,H,-,A,D,0,,,,,Y,Y,A,01,0,1,1,0,0,0,0,0,0,"- ","- ",38.692249298095703,-120.68737030029297,"EL DORADO",UNINCORPORATED,-120.69248962402344,38.691432952880859
90972490,2019,2019-04-22,9246,2019-04-14,0926,014471,,7,1,9,0900,0,1,2,,1,022,"US-50 (LINCOLN HWY)","SR-89 (LUTHER PASS RD)",0.00,,Y,A,-,Y,,,50,,,,,,,Y,3,0,1,2,A,-,09,21802,A,N,D,C,A,A,H,-,A,A,0,,,,,Y,,A,01,0,1,0,0,0,0,0,0,0,"- ","- ",38.851070404052734,-120.02245330810547,"EL DORADO",UNINCORPORATED,-120.02241516113281,38.850986480712891
90972695,2019,2019-04-22,9246,2019-04-14,1010,017757,,7,1,9,0900,0,1,2,,1,020,"US-50 (LINCOLN HWY)","SIERRA AT TAHOE RD",1056.00,W,N,A,-,Y,,,50,,,,,,,Y,4,0,1,2,A,-,09,21804,A,N,D,C,A,A,H,-,A,D,0,,,,,Y,,A,01,0,0,1,0,0,0,0,0,0,"- ","- ",38.817531585693359,-120.07936096191406,"EL DORADO",UNINCORPORATED,-120.079345703125,38.817481994628906
90973669,2019,2019-04-23,9245,2019-04-15,0415,19071,,1,3,9,0900,0,1,2,,2,120,"US-50 E/B","SHINGLE SPRINGS DR",1584.00,W,N,B,-,Y,,,50,,,,,,E,Y,2,0,1,1,A,-,01,23152,F,N,F,A,A,A,H,-,D,D,0,,,,,Y,,A,07,1,0,0,0,0,0,0,0,0,"- ","- ",38.676658630371094,-120.91857147216797,"EL DORADO",UNINCORPORATED,-120.91851043701172,38.676601409912109
90973678,2019,2019-04-23,9245,2019-04-16,1625,018601,,2,2,9,0900,0,3,5,,2,001,"COUNTRY CLUB DR.","KNOLLWOOD DR",0.00,,Y,A,-,N,,,,,,,,,,Y,2,0,3,2,A,-,12,22450,A,N,D,C,A,A,H,-,A,A,0,,,,,Y,,A,01,2,1,0,0,0,0,0,0,0,"- ","- ",38.661678314208984,-121.00042724609375,"EL DORADO",UNINCORPORATED,-121.00035095214844,38.661270141601562
90974123,2019,2019-04-24,9245,2019-04-20,1730,018601,,6,2,9,0900,0,2,4,,2,011,"GREEN VALLEY RD","EL DORADO HILLS BLVD",30.00,W,N,A,-,N,,,,,,,,,,Y,4,0,2,3,A,-,08,22107,,N,C,C,A,A,H,-,A,D,0,,,,,Y,,A,01,0,0,2,0,0,0,0,0,0,"- ","- ",38.710838317871094,-121.07865142822266,"EL DORADO",UNINCORPORATED,-121.07869720458984,38.710090637207031
90974266,2019,2019-04-24,9245,2019-04-19,0730,017728,,5,1,9,0900,0,1,2,,2,110,"US-50 W/B","CAMBRIDGE RD",300.00,E,N,A,-,Y,,,50,,,,,,W,Y,4,0,1,1,C,-,18,,,N,A,H,A,A,H,-,A,D,0,,,,,Y,,-,"- ",0,0,1,0,0,0,0,0,0,"- ","- ",38.657398223876953,-120.98880004882812,"EL DORADO",UNINCORPORATED,-120.98880004882812,38.657413482666016
90974336,2019,2019-04-24,9245,2019-04-23,1620,018466,,2,2,9,0900,0,1,3,,1,115,SR-49,"DELORO LN",1056.00,N,N,A,-,Y,,,49,,,,,,,Y,4,0,1,1,A,-,08,22107,,N,E,I,A,A,H,-,A,D,0,,,,,Y,,A,07,0,0,1,0,0,0,0,0,0,"- ","- ",38.815391540527344,-120.9208984375,"EL DORADO",UNINCORPORATED,-120.92086791992188,38.815517425537109
90974876,2019,2019-04-25,9246,2019-04-16,0846,014302,,2,1,9,0900,0,1,3,,1,030,"SR-89 (EMERALD BAY RD)","BAYVIEW CMPGD",1056.00,S,N,B,-,Y,,,89,,,,,,,Y,4,0,1,2,A,-,03,22350,,N,A,C,A,C,G,-,A,A,0,,,,,Y,,A,01,0,0,1,0,0,0,0,0,0,"- ","- ",38.95098876953125,-120.0872802734375,"EL DORADO",UNINCORPORATED,-120.0872802734375,38.950973510742188
90975049,2019,2019-04-25,9245,2019-04-19,1516,018663,,5,2,9,0900,0,1,2,,1,160,US-50,"BULL CREEK RD",3168.00,E,N,A,-,Y,,,50,,,,,,,Y,4,0,1,1,A,-,08,22107,,N,E,I,A,A,H,-,A,D,0,,,,,Y,,A,01,0,0,1,0,0,0,0,0,0,"- ","- ",38.773681640625,-120.42790985107422,"EL DORADO",UNINCORPORATED,-120.42789459228516,38.773632049560547