CASE_ID,ACCIDENT_YEAR,PROC_DATE,JURIS,COLLISION_DATE,COLLISION_TIME,OFFICER_ID,REPORTING_DISTRICT,DAY_OF_WEEK,CHP_SHIFT,POPULATION,CNTY_CITY_LOC,SPECIAL_COND,BEAT_TYPE,CHP_BEAT_TYPE,CITY_DIVISION_LAPD,CHP_BEAT_CLASS,BEAT_NUMBER,PRIMARY_RD,SECONDARY_RD,DISTANCE,DIRECTION,INTERSECTION,WEATHER_1,WEATHER_2,STATE_HWY_IND,CALTRANS_COUNTY,CALTRANS_DISTRICT,STATE_ROUTE,ROUTE_SUFFIX,POSTMILE_PREFIX,POSTMILE,LOCATION_TYPE,RAMP_INTERSECTION,SIDE_OF_HWY,TOW_AWAY,COLLISION_SEVERITY,NUMBER_KILLED,NUMBER_INJURED,PARTY_COUNT,PRIMARY_COLL_FACTOR,PCF_CODE_OF_VIOL,PCF_VIOL_CATEGORY,PCF_VIOLATION,PCF_VIOL_SUBSECTION,HIT_AND_RUN,TYPE_OF_COLLISION,MVIW,PED_ACTION,ROAD_SURFACE,ROAD_COND_1,ROAD_COND_2,LIGHTING,CONTROL_DEVICE,CHP_ROAD_TYPE,PEDESTRIAN_ACCIDENT,BICYCLE_ACCIDENT,MOTORCYCLE_ACCIDENT,TRUCK_ACCIDENT,NOT_PRIVATE_PROPERTY,ALCOHOL_INVOLVED,STWD_VEHTYPE_AT_FAULT,CHP_VEHTYPE_AT_FAULT,COUNT_SEVERE_INJ,COUNT_VISIBLE_INJ,COUNT_COMPLAINT_PAIN,COUNT_PED_KILLED,COUNT_PED_INJURED,COUNT_BICYCLIST_KILLED,COUNT_BICYCLIST_INJURED,COUNT_MC_KILLED,COUNT_MC_INJURED,PRIMARY_RAMP,SECONDARY_RAMP,LATITUDE,LONGITUDE,COUNTY,CITY,POINT_X,POINT_Y
90975111,2019,2019-04-25,9245,2019-04-20,2025,018663,,6,2,9,0900,0,1,2,,1,170,US-50,"PYRAMID CREEK RD",2640.00,W,N,A,-,Y,,,50,,,,,,,Y,4,0,2,1,A,-,03,22350,,N,E,J,A,A,B,-,D,D,0,,,,,Y,,D,22,0,0,2,0,0,0,0,0,0,"- ","- ",38.810089111328125,-120.12841796875,"EL DORADO",UNINCORPORATED,-120.12842559814453,38.810104370117188
90975161,2019,2019-04-25,9245,2019-04-19,1935,015609,,5,2,9,0900,0,3,5,,2,004,"PATTERSON DR","GRIFFITH RD",137.00,N,N,A,-,N,,,,,,,,,,Y,3,0,1,1,A,-,01,23152,F,M,B,I,A,A,H,-,B,D,0,,,,,Y,Y,A,01,0,1,0,0,0,0,0,0,0,"- ","- ",38.680400848388672,-120.82360076904297,"EL DORADO",UNINCORPORATED,-120.82351684570312,38.680347442626953
90975207,2019,2019-04-25,9245,2019-04-22,0810,017728,,1,1,9,0900,0,1,2,,2,110,"US-50 W/B FROM SILVA VALLEY PKY ON RAMP","SILVA VALLEY PKY",300.00,W,N,A,-,Y,,,50,,,,R,,W,Y,4,0,3,2,A,-,03,22350,,N,C,C,A,A,H,-,A,A,0,,,,,Y,,A,01,0,0,3,0,0,0,0,0,0,"- ","- ",38.657901763916016,-121.05690002441406,"EL DORADO",UNINCORPORATED,-121.05690002441406,38.657901763916016
90976762,2019,2019-04-26,9245,2019-04-21,1309,016328,,7,1,9,0900,0,2,4,,1,039,"MOTHER LODE DR","BUCKEYE RD",100.00,E,N,A,-,N,,,,,,,,,,Y,4,0,1,1,A,-,08,22107,,N,E,I,A,A,H,-,A,D,0,,,,,Y,,A,07,0,0,1,0,0,0,0,0,0,"- ","- ",38.667018890380859,-120.92262268066406,"EL DORADO",UNINCORPORATED,-120.90615844726562,38.668079376220703
90976823,2019,2019-04-26,9245,2019-04-21,2020,018466,,7,2,9,0900,0,2,4,,1,037,"MISSOURI FLAT RD","FORNI RD",80.00,N,N,A,-,N,,,,,,,,,,Y,4,0,1,2,A,-,01,23152,A,N,C,C,A,A,H,-,C,D,0,,,,,Y,Y,A,01,0,0,1,0,0,0,0,0,0,"- ","- ",38.706569671630859,-120.83116912841797,"EL DORADO",UNINCORPORATED,-120.83097076416016,38.706562042236328
90977423,2019,2019-04-29,9245,2019-04-20,1505,018076,,6,2,9,0900,0,2,4,,2,012,"SALMON FALLS RD SB","GALLAGHER RD",1584.00,S,N,A,-,N,,,,,,,,,,Y,3,0,1,1,A,-,03,22350,,N,E,J,A,A,H,-,A,D,0,,,Y,,Y,,C,02,0,1,0,0,0,0,0,0,1,"- ","- ",38.783538818359375,-121.03225708007812,"EL DORADO",UNINCORPORATED,-121.03121185302734,38.783382415771484
90978032,2019,2019-04-29,9246,2019-04-24,1538,015992,,3,2,9,0900,0,1,2,,1,022,"US-50 (LINCOLN HWY)","MEADOW VALE DR",0.00,,Y,A,-,Y,,,50,,,,,,,Y,4,0,1,2,A,-,03,22350,,N,C,C,A,B,H,-,A,D,0,,,,,Y,,A,08,0,0,1,0,0,0,0,0,0,"- ","- ",38.870719909667969,-120.00633239746094,"EL DORADO",UNINCORPORATED,-120.00624847412109,38.870700836181641
90978777,2019,2019-04-30,9245,2019-04-27,0858,017040,,6,1,9,0900,0,1,3,,1,135,SR-49,"RAMALES LN.",1584.00,S,N,A,-,Y,,,49,,,,,,,Y,4,0,1,2,A,-,05,21460,A,N,B,C,A,A,H,-,A,D,0,,,,,Y,,D,22,0,0,1,0,0,0,0,0,0,"- ","- ",38.596839904785156,-120.85037994384766,"EL DORADO",UNINCORPORATED,-120.85031127929688,38.596847534179688
90979191,2019,2019-04-30,9245,2019-04-24,1144,016328,,3,1,9,0900,0,1,2,,2,110,"US 50 W/B","EL DORADO HILLS BLVD",800.00,W,N,A,-,Y,,,,,,,,,,Y,3,0,1,1,A,-,08,22107,,N,E,J,A,A,H,-,A,D,0,,,,,Y,,A,07,0,1,0,0,0,0,0,0,0,"- ","- ",38.649669647216797,-121.08099365234375,"EL DORADO",UNINCORPORATED,-121.07196807861328,38.653419494628906
90979284,2019,2019-04-30,9245,2019-04-23,0659,015328,,2,1,9,0900,0,2,4,,1,013,"PONDEROSA RD","N. SHINGLE ROAD",20.00,S,N,A,-,N,,,,,,,,,,N,4,0,1,3,A,-,03,22350,,N,C,C,A,A,H,-,A,A,0,,,,,Y,,D,22,0,0,1,0,0,0,0,0,0,"- ","- ",38.663650512695312,-120.93816375732422,"EL DORADO",UNINCORPORATED,-120.93829345703125,38.663928985595703
90979716,2019,2019-05-01,9245,2019-04-24,1020,015328,,3,1,9,0900,0,2,4,,2,011,"GREEN VELLEY ROAD","MELODYE LN",150.00,W,N,A,-,N,,,,,,,,,,Y,4,0,1,1,A,-,08,22107,,N,E,I,A,A,H,-,A,D,0,,,,,Y,,A,07,0,0,1,0,0,0,0,0,0,"- ","- ",38.700408935546875,-120.98715972900391,"EL DORADO",UNINCORPORATED,-120.98696136474609,38.700294494628906
90979898,2019,2019-05-01,9245,2019-04-26,2208,013405,,5,3,9,0900,0,1,3,,1,135,SR-49,"MICA ST",3696.00,N,N,A,-,Y,,,49,,,,,,,Y,2,0,2,3,A,-,05,21460,A,N,A,C,A,A,H,-,C,D,0,,,,,Y,,A,01,2,0,0,0,0,0,0,0,0,"- ","- ",38.610919952392578,-120.85266876220703,"EL DORADO",UNINCORPORATED,-120.85272979736328,38.610919952392578
90979975,2019,2019-05-01,9245,2019-04-25,1205,013929,,4,1,9,0900,0,1,3,,1,115,"STATE ROUTE 49","AARON COOL DRIVE",13728.00,N,N,A,-,Y,,,49,,,,,,,Y,4,0,1,2,A,-,05,21460,A,N,A,C,A,A,H,-,A,D,0,,,,,Y,,A,01,0,0,1,0,0,0,0,0,0,"- ","- ",38.910449981689453,-121.03233337402344,"EL DORADO",UNINCORPORATED,-121.03250122070312,38.910476684570312
90981344,2019,2019-05-03,9245,2019-04-24,1213,017320,,3,1,9,0900,0,3,5,,2,001,"MEDER RD","CAMERON PARK DR",279.00,E,N,A,-,N,,,,,,,,,,Y,4,0,1,2,A,-,03,22350,,N,C,C,A,A,H,-,A,D,0,,,,,Y,,A,07,0,0,1,0,0,0,0,0,0,"- ","- ",38.769371032714844,-120.98008728027344,"EL DORADO",UNINCORPORATED,-120.98062896728516,38.679111480712891
90981679,2019,2019-05-03,9245,2019-05-02,1710,016451,,4,2,9,0900,0,1,3,,1,115,"SR-49 S/B","OLD FORESTHILL HILL RD",700.00,S,N,A,-,Y,,,,,,,,,,Y,4,0,1,2,A,-,09,21804,A,N,D,C,A,A,H,-,A,D,0,,,,,Y,,D,22,0,0,1,0,0,0,0,0,0,"- ","- ",38.914779663085938,-120.03904724121094,"EL DORADO",UNINCORPORATED,,
90982624,2019,2019-05-06,9245,2019-05-03,1448,016451,,5,2,9,0900,0,1,3,,1,135,"PLEASANT VALLEY ROAD","PATTERSON DR",160.00,W,N,A,-,N,,,,,,,,,,N,4,0,1,2,A,-,03,22350,,M,C,C,A,A,H,-,A,A,0,,,,,Y,,A,01,0,0,1,0,0,0,0,0,0,"- ","- ",38.688331604003906,-120.83216094970703,"EL DORADO",UNINCORPORATED,-120.83204650878906,38.688465118408203
90984745,2019,2019-05-08,9245,2019-05-04,1940,017897,,6,2,9,0900,0,1,3,,1,135,"SR-49 (GOLDEN CHAIN HWY)","GALENA DR",270.00,N,N,A,-,Y,,,49,,,,,,,Y,3,0,1,1,A,-,01,23152,A,N,E,I,A,A,H,-,A,D,0,,,,,Y,Y,A,01,0,1,0,0,0,0,0,0,0,"- ","- ",38.636470794677734,-120.85048675537109,"EL DORADO",UNINCORPORATED,-120.85055541992188,38.636486053466797
90985460,2019,2019-05-09,9245,2019-05-05,1340,018466,,7,1,9,0900,0,1,3,,1,135,SR-49,"UNION MINE RD",1056.00,N,N,A,-,Y,,,49,,,,,,,Y,3,0,1,1,A,-,01,23152,F,N,E,I,A,A,H,-,A,D,0,,,,,Y,,A,01,0,1,0,0,0,0,0,0,0,"- ","- ",38.596530914306641,-120.85006713867188,"EL DORADO",UNINCORPORATED,-120.85005187988281,38.596580505371094
90986053,2019,2019-05-10,9245,2019-05-09,1545,017364,,4,2,9,0900,0,1,2,,2,120,"US-50 W/B","PLACERVILLE DR",1584.00,E,N,A,-,Y,,,50,,,,,,W,Y,3,0,1,1,A,-,08,22107,,N,E,I,A,A,H,-,A,D,0,,,,,Y,,A,01,0,1,0,0,0,0,0,0,0,"- ","- ",38.723499298095703,-120.82848358154297,"EL DORADO",UNINCORPORATED,-120.82851409912109,38.723545074462891
90986900,2019,2019-05-13,9245,2019-05-01,0855,015563,,3,1,9,0900,0,1,3,,1,115,"CAVE VALLEY ROAD",SR-49,0.00,,Y,A,-,Y,,,,,,,,,,Y,3,0,1,2,A,-,09,21802,A,N,D,C,A,A,H,-,A,A,0,,,,,Y,,D,22,0,1,0,0,0,0,0,0,0,"- ","- ",38.973068237304688,-121.02037811279297,"EL DORADO",UNINCORPORATED,-121.02040863037109,38.873031616210938
90987220,2019,2019-05-13,9245,2019-05-04,1755,018937,,6,2,9,0900,0,3,5,,2,004,"UNION MINE RD","RIVER FRONT TRAIL",25.00,N,N,A,-,N,,,,,,,,,,Y,2,0,1,1,A,-,08,22107,,N,E,I,A,A,H,-,A,D,0,,,,,Y,,M,47,1,0,0,0,0,0,0,0,0,"- ","- ",38.613010406494141,-121.84039306640625,"EL DORADO",UNINCORPORATED,-120.84044647216797,38.612926483154297
90987302,2019,2019-05-13,9245,2019-05-03,1435,018937,,5,2,9,0900,0,3,5,,2,003,"INDUSTRIAL DR","MISSOURI FLAT RD",0.00,,Y,A,-,N,,,,,,,,,,Y,3,0,1,3,A,-,09,21802,A,N,B,C,A,A,H,-,A,D,0,,,,,Y,,D,22,0,1,0,0,0,0,0,0,0,"- ","- ",38.398590087890625,-121.82315063476562,"EL DORADO",UNINCORPORATED,-120.82302093505859,38.698600769042969
90987513,2019,2019-05-13,9245,2019-05-06,1430,018466,,1,2,9,0900,0,2,4,,1,023,"MOSQUITO RD","LA PAZ RD",5808.00,S,N,A,-,N,,,,,,,,,,Y,3,0,1,2,A,-,08,22107,,N,E,I,A,A,H,-,A,D,0,,,,,Y,,D,22,0,1,0,0,0,0,0,0,0,"- ","- ",38.780139923095703,-120.75376129150391,"EL DORADO",UNINCORPORATED,-120.75298309326172,38.780433654785156
90987952,2019,2019-06-28,9245,2019-02-18,1325,015609,,1,1,9,0900,0,3,5,,2,002,"GREENSTONE RD","ZARAHEMLA RD",341.00,S,N,A,-,N,,,,,,,,,,Y,1,1,0,1,A,-,05,21650,,N,E,I,A,A,H,-,A,D,0,,,,,Y,,D,22,0,0,0,0,0,0,0,0,0,"- ","- ",38.700889587402344,-120.88564300537109,"EL DORADO",UNINCORPORATED,-120.88574981689453,38.700862884521484
9098810,2020,2020-11-24,0901,2020-05-20,2302,336,0901,3,5,2,0901,0,0,0,,0,PP1,"RT 50","CANAL ST",181.00,W,N,A,-,Y,ED,3,50,-,-,17.490,H,-,W,Y,4,0,1,1,A,-,05,21650,,N,H,I,A,B,H,-,C,D,0,,,,,Y,,B,01,0,0,1,0,0,0,0,0,0,"- ","- ",,,"EL DORADO",PLACERVILLE,-120.80849456787109,38.728412628173828
9098813,2020,2020-12-15,0901,2020-06-06,1553,321,0901,6,5,2,0901,0,0,0,,0,PP2,"RT 50","BEDFORD AV",0.00,,Y,A,-,Y,ED,3,50,-,-,18.060,H,-,W,Y,4,0,2,2,A,-,03,22350,,N,B,C,A,A,H,-,A,A,0,,,,,Y,,D,22,0,0,2,0,0,0,0,0,0,"- ","- ",,,"EL DORADO",PLACERVILLE,-120.79844665527344,38.730384826660156
90988278,2019,2019-05-14,9245,2019-05-12,2000,017728,,7,2,9,0900,0,3,5,,2,001,"FRANCISCO DRIVE","VILLAGE CENTER DR",25.00,S,N,A,-,N,,,,,,,,,,Y,4,0,1,2,A,-,03,22350,,N,C,C,A,A,H,-,B,A,0,,,,,Y,,D,22,0,0,1,0,0,0,0,0,0,"- ","- ",38.712398529052734,-121.08570098876953,"EL DORADO",UNINCORPORATED,-121.08615875244141,38.712413787841797
90988383,2019,2019-05-14,9245,2019-05-10,1615,018466,,5,2,9,0900,0,2,4,,1,023,"MOSQUITO RD","KAREN WAY",1056.00,S,N,A,-,N,,,,,,,,,,Y,3,0,2,2,A,-,01,23152,A,N,B,C,A,A,H,-,A,D,0,,,,,Y,Y,D,22,0,1,1,0,0,0,0,0,0,"- ","- ",38.749988555908203,-120.77955627441406,"EL DORADO",UNINCORPORATED,-120.77977752685547,38.749820709228516
90988471,2019,2019-05-14,9245,2019-05-13,1430,017728,,1,2,9,0900,0,1,3,,1,135,SR-49,"UNION MINE ROAD",0.00,,Y,A,-,Y,,,,,,,,,,Y,4,0,1,2,A,-,09,21801,A,N,F,A,A,A,H,-,A,D,0,,,Y,,Y,,D,22,0,0,1,0,0,0,0,0,1,"- ","- ",38.594200134277344,-121.84690093994141,"EL DORADO",UNINCORPORATED,-120.84767913818359,38.680210113525391
90988535,2019,2019-05-14,9245,2019-05-13,1220,013929,,1,1,9,0900,0,2,4,,1,041,"CEDAR RAVINE ROAD","TEXAS HILL ROAD",2746.00,S,N,B,-,N,,,,,,,,,,Y,4,0,1,2,A,-,05,21460,A,N,A,C,A,A,H,-,A,D,0,,,,,Y,,A,01,0,0,1,0,0,0,0,0,0,"- ","- ",38.710479736328125,-120.71569061279297,"EL DORADO",UNINCORPORATED,-120.76571655273438,38.71051025390625
90989086,2019,2019-05-15,9245,2019-05-05,0925,015563,,7,1,9,0900,0,2,4,,1,039,"MOTHER LODE DR","SUNSET LN",112.00,E,N,A,-,N,,,,,,,,,,Y,3,0,1,2,A,-,08,22107,,N,D,C,A,A,H,-,A,D,0,,,,,Y,,A,01,0,1,0,0,0,0,0,0,0,"- ","- ",38.663440704345703,-120.93300628662109,"EL DORADO",UNINCORPORATED,-120.93305206298828,38.663440704345703
90989143,2019,2019-05-15,9245,2019-05-13,2350,018724,,1,3,9,0900,0,3,5,,2,004,"NEWTOWN RD","FORT JIM RD",25.00,E,N,A,-,N,,,,,,,,,,Y,4,0,1,1,A,-,08,22107,,N,E,I,A,A,H,-,D,D,0,,,,,Y,,A,01,0,0,1,0,0,0,0,0,0,"- ","- ",38.704219818115234,-120.67829132080078,"EL DORADO",UNINCORPORATED,-120.71363830566406,38.714706420898438
90989355,2019,2019-05-15,9245,2019-05-10,1325,016451,,5,1,9,0900,0,2,4,,1,013,"LOTUS RD","LUNEMAN RD",400.00,E,N,A,-,N,,,,,,,,,,Y,2,0,1,2,A,-,09,21801,A,N,B,C,A,A,H,-,A,D,0,,,Y,,Y,Y,D,22,1,0,0,0,0,0,0,0,1,"- ","- ",38.770000457763672,-120.92505645751953,"EL DORADO",UNINCORPORATED,-120.92501068115234,38.769954681396484
90989421,2019,2019-05-15,9245,2019-05-14,2030,017728,,2,2,9,0900,0,2,4,,1,013,"LOTUS ROAD","STAGECOACH RD",50.00,N,N,A,-,N,,,,,,,,,,Y,4,0,1,1,A,-,08,22107,,N,B,I,A,A,H,-,D,D,0,,,,,Y,,D,22,0,0,1,0,0,0,0,0,0,"- ","- ",38.729801177978516,-120.93319702148438,"EL DORADO",UNINCORPORATED,-120.93333435058594,38.729785919189453
90990177,2019,2019-10-10,9245,2019-02-28,2130,018394,,4,2,9,0900,0,1,2,,2,110,"US-50 E/B","PONDEROSA RD",528.00,W,N,A,-,Y,,,50,,,,,,E,Y,1,1,0,4,A,-,11,21956,A,N,G,B,E,A,H,-,C,D,0,Y,,,,Y,,N,60,0,0,0,1,0,0,0,0,0,"- ","- ",38.661331176757812,-120.94290161132812,"EL DORADO",UNINCORPORATED,-120.94290161132812,38.661338806152344
90990251,2019,2019-05-16,9245,2019-05-09,1900,018394,,4,2,9,0900,0,3,5,,2,004,"GRIZZLY FLAT RD","MEYERS LN",65.00,S,N,B,-,N,,,,,,,,,,Y,4,0,1,1,A,-,08,22107,,N,E,I,A,B,H,-,A,D,0,,,,,Y,,D,23,0,0,1,0,0,0,0,0,0,"- ","- ",38.648410797119141,-120.67645263671875,"EL DORADO",UNINCORPORATED,-120.67527008056641,38.647441864013672
90990927,2019,2019-05-17,9246,2019-05-14,1730,015910,,2,2,9,0900,0,1,2,,1,020,"US-50 (EMERALD BAY RD)","SLIPPERY FORD RD",63.00,W,N,B,-,Y,,,50,,,,,,,Y,2,0,1,1,A,-,03,22350,,N,F,A,A,A,H,-,A,D,0,,,Y,,Y,,C,02,1,0,0,0,0,0,0,0,1,"- ","- ",38.805751800537109,-120.12336730957031,"EL DORADO",UNINCORPORATED,-120.12328338623047,38.805839538574219
90991057,2019,2019-05-17,9245,2019-05-16,0915,017040,,4,1,9,0900,0,2,4,,1,014,"COLD SPRINGS RD.","KANE HILL",559.00,N,N,B,-,N,,,,,,,,,,Y,4,0,2,2,A,-,03,22350,,N,D,C,A,B,H,-,A,D,0,,,,Y,Y,,G,25,0,0,2,0,0,0,0,0,0,"- ","- ",38.792598724365234,-120.88935089111328,"EL DORADO",UNINCORPORATED,-120.88935852050781,38.792564392089844
90991668,2019,2019-05-20,9245,2019-05-10,1510,018394,,5,2,9,0900,0,2,4,,1,037,"PLEASANT VALLEY RD","ORIENTAL ST",40.00,W,N,A,-,N,,,,,,,,,,Y,4,0,1,2,A,-,09,21804,A,N,D,C,A,A,H,-,A,A,0,,,,,Y,,D,23,0,0,1,0,0,0,0,0,0,"- ","- ",38.68267822265625,-120.84967803955078,"EL DORADO",UNINCORPORATED,-120.84963226318359,38.682666778564453
90991746,2019,2019-05-20,9245,2019-05-11,0545,017320,,6,3,9,0900,0,3,5,,2,004,"SNOWS RD","TREASURE ROCK LN",25.00,S,N,A,-,N,,,,,,,,,,Y,2,0,1,2,A,-,09,21802,A,N,A,C,A,A,H,-,B,D,0,,,Y,,Y,,D,22,1,0,0,0,0,0,0,0,1,"- ","- ",38.704719543457031,-120.67150115966797,"EL DORADO",UNINCORPORATED,-120.66854858398438,38.707431793212891
90991862,2019,2019-05-20,9245,2019-05-13,1410,018466,,1,2,9,0900,0,1,3,,1,115,SR-49,"MARSHALL RD",0.00,,Y,A,-,Y,,,49,,,,,,,N,4,0,1,2,A,-,09,21802,A,N,E,A,A,A,H,-,A,D,0,,,Y,,Y,,D,22,0,0,1,0,0,0,0,0,1,"- ","- ",38.8101806640625,-120.9093017578125,"EL DORADO",UNINCORPORATED,-120.90935516357422,38.81011962890625
90991976,2019,2019-05-20,9245,2019-05-16,1240,013929,,4,1,9,0900,0,1,2,,2,140,"RT 50","STILL MEADOW ROAD",0.00,,Y,B,-,Y,,,50,,,,,,,Y,3,0,3,3,A,-,09,21804,A,N,D,C,A,B,H,-,A,D,0,,,,,Y,,A,07,0,3,0,0,0,0,0,0,0,"- ","- ",38.737480163574219,-120.73200225830078,"EL DORADO",UNINCORPORATED,-120.73202514648438,38.737709045410156
90992867,2019,2019-05-21,9245,2019-05-16,1440,018394,,4,2,9,0900,0,1,2,,2,120,"PONDEROSA RD ON RAMP TO E/B US-50","PONDEROSA RD",60.00,W,N,B,C,Y,,,,,,,,,,Y,4,0,1,1,A,-,03,22350,,N,E,I,A,B,H,-,A,D,0,,,,,Y,,D,22,0,0,1,0,0,0,0,0,0,"- ","- ",38.66217041015625,-120.93801879882812,"EL DORADO",UNINCORPORATED,,
90992982,2019,2019-05-21,9245,2019-05-16,1555,018937,,4,2,9,0900,0,2,4,,1,037,"MISSOURI FLAT RD","PLEASANT VALLEY RD",90.00,N,N,C,-,N,,,,,,,,,,N,4,0,1,2,A,-,03,22350,,N,B,C,A,B,H,-,A,D,0,,,,,Y,,D,22,0,0,1,0,0,0,0,0,0,"- ","- ",38.693229675292969,-121.82357788085938,"EL DORADO",UNINCORPORATED,-120.82350921630859,38.693115234375
90993018,2019,2019-05-21,9245,2019-05-17,0700,015419,,5,1,9,0900,0,1,2,,2,120,"US 50 WESTBOUND","PONDEROSA RD",10.00,W,N,B,C,Y,,,,,,,,,,N,3,0,1,1,A,-,08,22107,,N,F,A,A,B,H,-,A,D,0,,,,,Y,,A,08,0,1,0,0,0,0,0,0,0,"- ","- ",38.662761688232422,-120.93769836425781,"EL DORADO",UNINCORPORATED,-120.93768310546875,38.662689208984375
90993641,2019,2019-05-22,9245,2019-05-12,1605,017897,,7,2,9,0900,0,1,2,,2,140,"US-50 W/B","CARSON RD",3168.00,E,N,A,-,Y,,,50,,,,,,W,Y,3,0,3,1,A,-,08,22107,,N,E,I,A,A,H,-,A,D,0,,,,,Y,,A,07,0,3,0,0,0,0,0,0,0,"- ","- ",38.736358642578125,-120.68521881103516,"EL DORADO",UNINCORPORATED,-120.68522644042969,38.736335754394531
90993705,2019,2019-05-22,9245,2019-02-17,1350,018076,,7,1,9,0900,0,1,2,,2,150,"US-50 E/B","CALL BOX EL-50-372",155.00,E,N,D,-,Y,,,50,,,,,,E,Y,1,1,0,3,A,-,03,22350,,N,G,B,E,C,H,-,A,D,0,Y,,,,Y,,A,07,0,0,0,1,0,0,0,0,0,"- ","- ",38.765861511230469,-120.49044799804688,"EL DORADO",UNINCORPORATED,-120.49044036865234,38.765941619873047
90993829,2019,2019-05-22,9245,2019-05-13,1709,017897,,1,2,9,0900,0,3,5,,2,003,"DUROCK DR","PRODUCT DR",0.00,,Y,A,-,N,,,,,,,,,,Y,3,0,3,3,A,-,09,21801,A,N,D,C,A,A,H,-,A,A,0,,,,,Y,,A,01,0,1,2,0,0,0,0,0,0,"- ","- ",38.657661437988281,-120.9500732421875,"EL DORADO",UNINCORPORATED,-120.9500732421875,38.657829284667969
90994265,2019,2019-05-22,9245,2019-05-18,2100,017364,,6,2,9,0900,0,2,4,,1,014,"COLD SPRINGS RD","WAKA THIS WAY",0.00,,N,C,-,N,,,,,,,,,,Y,3,0,1,1,A,-,08,22107,,N,F,A,A,B,H,-,D,D,0,,,,,Y,,A,07,0,1,0,0,0,0,0,0,0,"- ","- ",38.767978668212891,-120.88587188720703,"EL DORADO",UNINCORPORATED,-120.88605699999999,38.768793000000002
90994294,2019,2019-05-22,9245,2019-05-18,1710,017364,,6,2,9,0900,0,2,4,,1,014,"COLD SPRINGS RD","GOLD HILL RD",1584.00,S,N,C,-,N,,,,,,,,,,Y,4,0,2,2,A,-,03,22350,,N,C,C,A,B,H,-,A,D,0,,,,,Y,Y,A,01,0,0,2,0,0,0,0,0,0,"- ","- ",38.757621765136719,-120.88018035888672,"EL DORADO",UNINCORPORATED,-120.88069152832031,38.758056640625
90995063,2019,2019-05-23,9246,2019-05-16,2230,018172,,4,3,9,0900,0,1,2,,1,021,"US-50 (LINCOLN HWY)","CHIAPA DR",5280.00,W,N,B,D,Y,,,50,,,,,,,Y,4,0,1,1,A,-,03,22350,,N,E,I,A,C,G,-,D,D,0,,,,,Y,,A,01,0,0,1,0,0,0,0,0,0,"- ","- ",38.838409423828125,-120.03877258300781,"EL DORADO",UNINCORPORATED,-120.03877258300781,38.83837890625
90995096,2019,2019-05-23,9245,2019-05-20,1825,015609,,1,2,9,0900,0,2,4,,1,041,"PLEASANT VALLEY RD","FOUR SEASONS RD",755.00,W,N,B,-,N,,,,,,,,,,Y,3,0,1,1,A,-,01,23152,A,N,E,I,A,A,H,-,A,D,0,,,,,Y,Y,D,22,0,1,0,0,0,0,0,0,0,"- ","- ",38.690849304199219,-120.6964111328125,"EL DORADO",UNINCORPORATED,-120.69632720947266,38.690898895263672
90995708,2019,2019-05-24,9245,2019-05-23,1740,015421,,4,2,9,0900,0,2,4,,2,031,"LATROBE ROAD","SUNRIDGE MEADOWS",682.00,N,N,B,C,N,,,,,,,,,,Y,2,0,1,2,A,-,03,22350,,N,A,C,A,B,H,-,A,D,0,,,,,Y,,A,01,1,0,0,0,0,0,0,0,0,"- ","- ",38.588459014892578,-121.01097869873047,"EL DORADO",UNINCORPORATED,-121.01087188720703,38.588336944580078
90996684,2019,2019-05-28,9245,2019-05-15,2028,017897,,3,2,9,0900,0,3,5,,2,004,"GRIZZLY FLAT RD","MAHANEY RANCH RD",2112.00,S,N,B,-,N,,,,,,,,,,Y,3,0,1,1,A,-,05,21650,,N,E,I,A,A,H,-,D,D,0,,,,,Y,,A,01,0,1,0,0,0,0,0,0,0,"- ","- ",38.633800506591797,-120.63076782226562,"EL DORADO",UNINCORPORATED,-120.62669372558594,38.630970001220703
90996809,2019,2019-05-28,9245,2019-05-16,1834,017897,,4,2,9,0900,0,2,4,,1,025,"PONY EXPRESS TRL","BLAIR RD",353.00,E,N,F,-,N,,,,,,,,,,Y,2,0,1,1,A,-,03,22350,,N,E,I,A,C,H,-,A,D,0,,,,,Y,,A,07,1,0,0,0,0,0,0,0,0,"- ","- ",38.753528594970703,-120.60395050048828,"EL DORADO",UNINCORPORATED,-120.60384368896484,38.753631591796875
90996936,2019,2019-05-28,9245,2019-05-18,1945,018937,,6,2,9,0900,0,3,5,,2,004,"PLEASANT VALLEY RD","BIG CUT RD",0.00,,Y,B,C,N,,,,,,,,,,Y,4,0,1,2,A,-,03,22350,,N,C,C,A,B,H,-,A,D,0,,,,,Y,,A,01,0,0,1,0,0,0,0,0,0,"- ","- ",38.690078735351562,-120.78739166259766,"EL DORADO",UNINCORPORATED,-120.78739929199219,38.690071105957031