CASE_ID,ACCIDENT_YEAR,PROC_DATE,JURIS,COLLISION_DATE,COLLISION_TIME,OFFICER_ID,REPORTING_DISTRICT,DAY_OF_WEEK,CHP_SHIFT,POPULATION,CNTY_CITY_LOC,SPECIAL_COND,BEAT_TYPE,CHP_BEAT_TYPE,CITY_DIVISION_LAPD,CHP_BEAT_CLASS,BEAT_NUMBER,PRIMARY_RD,SECONDARY_RD,DISTANCE,DIRECTION,INTERSECTION,WEATHER_1,WEATHER_2,STATE_HWY_IND,CALTRANS_COUNTY,CALTRANS_DISTRICT,STATE_ROUTE,ROUTE_SUFFIX,POSTMILE_PREFIX,POSTMILE,LOCATION_TYPE,RAMP_INTERSECTION,SIDE_OF_HWY,TOW_AWAY,COLLISION_SEVERITY,NUMBER_KILLED,NUMBER_INJURED,PARTY_COUNT,PRIMARY_COLL_FACTOR,PCF_CODE_OF_VIOL,PCF_VIOL_CATEGORY,PCF_VIOLATION,PCF_VIOL_SUBSECTION,HIT_AND_RUN,TYPE_OF_COLLISION,MVIW,PED_ACTION,ROAD_SURFACE,ROAD_COND_1,ROAD_COND_2,LIGHTING,CONTROL_DEVICE,CHP_ROAD_TYPE,PEDESTRIAN_ACCIDENT,BICYCLE_ACCIDENT,MOTORCYCLE_ACCIDENT,TRUCK_ACCIDENT,NOT_PRIVATE_PROPERTY,ALCOHOL_INVOLVED,STWD_VEHTYPE_AT_FAULT,CHP_VEHTYPE_AT_FAULT,COUNT_SEVERE_INJ,COUNT_VISIBLE_INJ,COUNT_COMPLAINT_PAIN,COUNT_PED_KILLED,COUNT_PED_INJURED,COUNT_BICYCLIST_KILLED,COUNT_BICYCLIST_INJURED,COUNT_MC_KILLED,COUNT_MC_INJURED,PRIMARY_RAMP,SECONDARY_RAMP,LATITUDE,LONGITUDE,COUNTY,CITY,POINT_X,POINT_Y
91331572,2020,2020-10-26,9245,2020-10-18,2335,019193,,7,3,9,0900,0,2,4,,2,011,"GREEN VALLEY RD","WILDWOOD LN",100.00,W,N,A,-,N,,,,,,,,,,Y,2,0,2,2,A,-,08,22107,,N,D,C,A,A,H,-,D,D,0,,,,,Y,,A,01,1,1,0,0,0,0,0,0,0,"- ","- ",38.712291717529297,-120.89705657958984,"EL DORADO",UNINCORPORATED,-120.89658355712891,38.712184906005859
91331589,2020,2020-10-26,9245,2020-10-18,1315,019252,,7,1,9,0900,0,2,4,,1,021,"MARSHALL RD","RICH GULCH RD",312.00,S,N,A,-,N,,,,,,,,,,Y,2,0,1,1,A,-,03,22350,,N,F,A,A,A,H,-,A,D,0,,,Y,,Y,,C,02,1,0,0,0,0,0,0,0,1,"- ","- ",38.876789093017578,-120.84629058837891,"EL DORADO",UNINCORPORATED,-120.84629058837891,38.876789093017578
91332138,2020,2020-10-27,9246,2020-10-19,1135,014478,,1,1,9,0900,0,3,5,,2,200,"JOHNSON PASS RD","US-50 (LINCOLN HWY)",11.00,N,N,A,-,Y,,,,,,,,,,N,3,0,1,2,A,-,21,22106,,N,C,C,A,A,H,-,A,D,0,,,,,Y,,A,07,0,1,0,0,0,0,0,0,0,"- ","- ",38.824359893798828,-120.04454803466797,"EL DORADO",UNINCORPORATED,-120.04411315917969,38.824310302734375
91332172,2020,2020-10-27,9245,2020-10-19,0038,019793,,1,3,9,0900,0,2,4,,2,011,"GREEN VALLEY RD","OAK LANE DR",950.00,E,N,A,-,N,,,,,,,,,,Y,2,0,1,1,A,-,01,23152,A,N,E,I,A,A,H,-,D,D,0,,,,,Y,Y,A,01,1,0,0,0,0,0,0,0,0,"- ","- ",38.707698822021484,-120.95896911621094,"EL DORADO",UNINCORPORATED,-120.95894622802734,38.707736968994141
91332607,2020,2020-10-27,9245,2020-10-21,1300,016032,,3,1,9,0900,0,3,5,,2,004,"STARKES GRADE RD","COYOTE HILL RD",5280.00,E,N,A,-,N,,,,,,,,,,Y,3,0,1,2,A,-,17,21662,A,M,A,C,A,A,H,-,A,A,0,,,,,Y,,A,01,0,1,0,0,0,0,0,0,0,"- ","- ",38.704891204833984,-120.65001678466797,"EL DORADO",UNINCORPORATED,-120.64656829833984,38.705799102783203
91333329,2020,2020-10-28,9245,2020-10-24,2210,019193,,6,3,9,0900,0,3,5,,2,004,"HAZEL ST","AMBER TRL",890.00,N,N,A,-,N,,,,,,,,,,Y,3,0,1,2,A,-,01,23152,A,N,C,E,A,A,H,-,D,D,0,,,,,Y,Y,A,07,0,1,0,0,0,0,0,0,0,"- ","- ",38.754360198974609,-120.57745361328125,"EL DORADO",UNINCORPORATED,-120.57719421386719,38.754383087158203
91333759,2020,2020-10-29,9245,2020-10-27,1430,016451,,2,2,9,0900,0,3,5,,2,002,14N35G,"VOLCANOVILLE RD",10560.00,N,N,A,-,Y,,,,,,,,,,N,2,0,1,1,A,-,03,22350,,N,F,A,A,A,A,-,A,D,0,,,Y,,Y,,C,06,1,0,0,0,0,0,0,0,1,"- ","- ",38.990089416503906,-120.80420684814453,"EL DORADO",UNINCORPORATED,,
91335708,2020,2020-10-30,9245,2020-10-25,1718,018756,,7,2,9,0900,0,1,3,,1,135,SR-49,"POST ROAD",3168.00,S,N,A,-,Y,,,49,,,,,,,Y,3,0,1,1,A,-,01,23152,A,N,E,I,A,A,H,-,A,A,0,,,,,Y,Y,D,22,0,1,0,0,0,0,0,0,0,"- ","- ",38.614810943603516,-120.85234069824219,"EL DORADO",UNINCORPORATED,-120.85230255126953,38.614795684814453
91335770,2020,2020-10-30,9245,2020-10-26,0550,018656,,1,3,9,0900,0,2,4,,2,031,"LATROBE RD","CLUBVIEW DR",150.00,S,N,A,-,N,,,,,,,,,,Y,3,0,2,1,A,-,08,22107,,N,F,A,A,A,H,-,D,D,0,,,,,Y,,D,22,0,1,1,0,0,0,0,0,0,"- ","- ",38.626991271972656,-120.05829620361328,"EL DORADO",UNINCORPORATED,-121.05833435058594,38.627307891845703
91336792,2020,2020-11-02,9245,2020-10-23,1000,018466,,5,1,9,0900,0,1,2,,2,120,US-50,"GREENSTONE RD",2640.00,E,N,A,-,Y,,,50,,,,,,,Y,4,0,1,1,A,-,08,22107,,N,E,I,A,A,H,-,A,D,0,,,,,Y,,A,01,0,0,1,0,0,0,0,0,0,"- ","- ",38.696659088134766,-120.87904357910156,"EL DORADO",UNINCORPORATED,-120.87908172607422,38.696800231933594
91337885,2020,2020-11-03,9246,2020-10-28,1320,014471,,3,1,9,0900,0,1,2,,1,020,"US 50 (LINCOLN HWY)","TAMARACK PINES RD",2112.00,E,N,A,-,Y,,,,,,,,,,N,2,0,1,1,C,-,18,,,N,H,A,A,A,H,-,A,D,0,,,,,Y,,-,"- ",1,0,0,0,0,0,0,0,0,"- ","- ",38.807968139648438,-120.09571838378906,"EL DORADO",UNINCORPORATED,-120.09640502929688,38.807430267333984
91338065,2020,2020-11-23,9246,2020-10-23,1730,018172,,5,2,9,0900,0,2,4,,1,024,"PIONEER TR","MANDAN ST",11.00,N,N,A,-,N,,,,,,,,,,N,4,0,1,2,A,-,03,22350,,N,C,C,A,A,H,-,A,D,0,,,,,Y,,J,48,0,0,1,0,0,0,0,0,0,"- ","- ",38.863040924072266,-120.0013427734375,"EL DORADO",UNINCORPORATED,-120.00147247314453,38.862949371337891
91338090,2020,2020-11-03,9245,2020-10-29,0038,020072,,4,3,9,0900,0,1,2,,2,110,"US-50 E/B","SOUTH SHINGLE ROAD",500.00,W,N,A,-,Y,,,50,,,,,,E,N,4,0,1,2,A,-,03,22350,,N,C,C,A,A,H,-,D,D,0,,,,,Y,,A,01,0,0,1,0,0,0,0,0,0,"- ","- ",38.661460876464844,-120.9420166015625,"EL DORADO",UNINCORPORATED,-120.94202423095703,38.6614990234375
91338449,2020,2020-11-03,9245,2020-10-30,0830,017728,,5,1,9,0900,0,1,2,,2,110,"US-50 W/B ON RAMP-SILVA VALLEY PKWY","SILVA VALLEY PKWY",300.00,W,N,A,-,Y,,,50,,,,R,,W,N,4,0,1,2,A,-,03,22350,,N,C,C,A,A,H,-,A,A,0,,,,,Y,,D,22,0,0,1,0,0,0,0,0,0,"- ","- ",38.657600402832031,-121.05760192871094,"EL DORADO",UNINCORPORATED,-121.05760192871094,38.657600402832031
91338967,2020,2020-11-04,9245,2020-10-28,1640,017364,,3,2,9,0900,1,2,4,,1,042,"BUCKS BAR RD","GOPHER HOLE RD",0.00,,N,A,-,N,,,,,,,,,,Y,2,0,2,2,A,-,05,21460,A,N,A,C,A,A,H,-,A,D,0,,,,,Y,,D,22,1,1,0,0,0,0,0,0,0,"- ","- ",38.647239685058594,-120.68798065185547,"EL DORADO",UNINCORPORATED,-120.68665313720703,38.647678375244141
91339572,2020,2020-11-04,9245,2020-10-29,1540,017364,,4,2,9,0900,0,2,S,,2,005,"JACQUIER RD","PARTRIDGE PLACE RD",0.00,,N,A,-,N,,,,,,,,,,Y,3,0,2,2,A,-,03,22350,,N,C,C,A,A,H,-,A,D,0,,,,,Y,,A,01,0,2,0,0,0,0,0,0,0,"- ","- ",38.739410400390625,-120.75755310058594,"EL DORADO",UNINCORPORATED,-120.75814056396484,38.740650177001953
91340326,2020,2020-11-05,9245,2020-10-31,1430,017364,,6,2,9,0900,0,1,3,,1,115,"COLOMA RD","WOODRIDGE RD",0.00,,N,A,-,Y,,,,,,,,,,Y,3,0,2,1,A,-,13,22515,A,N,G,B,A,A,H,-,A,D,0,,,,,Y,,E,22,0,2,0,0,0,0,0,0,0,"- ","- ",38.766670227050781,-120.85919189453125,"EL DORADO",UNINCORPORATED,,
91340371,2020,2020-11-05,9245,2020-10-31,2500,013929,,6,4,9,0900,0,2,4,,1,025,"PONY EXPRESS TRAIL","CRYSTAL SPRINGS ROAD",1584.00,E,N,A,-,N,,,,,,,,,,Y,2,0,1,1,A,-,08,22107,,N,E,I,A,A,H,-,D,D,0,,,,,Y,,A,01,1,0,0,0,0,0,0,0,0,"- ","- ",38.744590759277344,-120.65090179443359,"EL DORADO",UNINCORPORATED,-120.65134429931641,38.744594573974609
91340451,2020,2020-11-05,9245,2020-10-30,1455,019252,,5,2,9,0900,0,3,5,,2,001,"BASS LAKE ROAD","US-50 W/B",102.00,N,N,A,-,N,,,,,,,,,,Y,2,0,1,2,A,-,09,21801,A,N,A,C,A,A,H,-,A,A,0,,,,,Y,,A,08,1,0,0,0,0,0,0,0,0,"- ","- ",38.655750274658203,-121.02983093261719,"EL DORADO",UNINCORPORATED,-121.02980041503906,38.655681610107422
91340961,2020,2020-11-10,9245,2020-09-27,1520,017320,,7,2,9,0900,0,2,4,,1,013,"LOTUS RD","GOLD HILL RD",0.00,,Y,A,-,N,,,,,,,,,,Y,1,1,0,2,A,-,09,21802,A,N,D,C,A,A,H,-,A,D,0,,,Y,,Y,Y,D,22,0,0,0,0,0,0,0,1,0,"- ","- ",38.768890380859375,-120.92530822753906,"EL DORADO",UNINCORPORATED,-120.92530822753906,38.768878936767578
91342082,2020,2020-11-09,9245,2020-11-02,2035,018601,,1,2,9,0900,0,1,3,,1,115,SR-49,"AARON COOL DR",1584.00,N,N,A,-,Y,,,49,,,,,,,Y,3,0,1,1,A,-,03,22350,,N,E,I,A,A,H,-,D,D,0,,,,,Y,,A,01,0,1,0,0,0,0,0,0,0,"- ","- ",38.891368865966797,-121.01577758789062,"EL DORADO",UNINCORPORATED,-121.01581573486328,38.891372680664062
9134275,2020,2020-09-30,0901,2020-07-28,0941,288,0901,2,5,2,0901,0,0,0,,0,001,"PACIFIC ST","QUARTZ ALY",55.00,E,N,A,-,N,,,,,,,,,,Y,4,0,1,2,A,-,03,22350,,N,B,E,A,A,H,-,A,D,0,,,,,Y,,I,11,0,0,1,0,0,0,0,0,0,"- ","- ",,,"EL DORADO",PLACERVILLE,-120.80168151855469,38.726783752441406
91342832,2020,2020-11-10,9245,2020-11-01,1505,019793,,7,2,9,0900,0,1,2,,2,140,"US-50 E/B","PAUL BUNYON RD",1055.00,W,N,A,-,Y,,,50,,,,,,E,Y,2,0,6,4,A,-,21,22106,,N,D,C,A,A,H,-,A,D,0,,,,,Y,,A,01,1,1,4,0,0,0,0,0,0,"- ","- ",38.738449096679688,-120.72199249267578,"EL DORADO",UNINCORPORATED,-120.72199249267578,38.738437652587891
91343142,2020,2020-11-10,9245,2020-10-27,1500,016032,,2,2,9,0900,0,3,5,,2,001,"MOSSRIDGE WAY","POWERS DR",250.00,E,N,A,-,N,,,,,,,,,,N,2,0,1,2,A,-,11,21954,A,N,G,B,D,A,H,-,A,A,0,Y,,,,Y,,N,60,1,0,0,0,1,0,0,0,0,"- ","- ",38.677608489990234,-121.08834075927734,"EL DORADO",UNINCORPORATED,-121.08828735351562,38.677604675292969
91343173,2020,2020-11-10,9245,2020-11-02,0710,016465,,1,1,9,0900,0,2,4,,1,039,"MOTHER LODE DR.","S. SHINGLE RD.",35.00,E,N,A,-,N,,,,,,,,,,N,3,0,1,2,A,-,03,22350,,N,C,C,A,A,H,-,A,A,0,,,,,Y,,A,01,0,1,0,0,0,0,0,0,0,"- ","- ",38.661720275878906,-120.93682861328125,"EL DORADO",UNINCORPORATED,-120.93699645996094,38.661605834960938
91343289,2020,2020-11-11,9245,2020-11-03,1635,016032,,2,2,9,0900,0,3,5,,2,003,"PLEASANT VALLEY RD","EL DORADO RD",500.00,W,N,A,-,N,,,,,,,,,,Y,4,0,1,2,A,-,03,22350,,N,C,C,A,A,H,-,B,A,0,,,,,Y,,A,01,0,0,1,0,0,0,0,0,0,"- ","- ",38.681919097900391,-120.85636138916016,"EL DORADO",UNINCORPORATED,-120.85636138916016,38.681926727294922
91344928,2020,2020-11-13,9245,2020-11-03,1025,016465,,2,1,9,0900,0,1,2,,2,110,"US-50 E/B LATORBE RD OFF RAMP","LATROBE RD",40.00,W,N,A,-,Y,,,,,,,,,,N,3,0,1,2,A,-,21,22106,,N,C,C,A,A,H,-,A,A,0,,,,,Y,,A,07,0,1,0,0,0,0,0,0,0,"- ","- ",38.651901245117188,-120.07044982910156,"EL DORADO",UNINCORPORATED,,
91345182,2020,2020-11-13,9245,2020-11-10,1135,016032,,2,1,9,0900,0,3,5,,2,001,"HARVARD WAY SIDEWALK","EL DORADO HILLS BLVD",130.00,E,N,A,-,N,,,,,,,,,,N,3,0,1,1,A,-,08,22107,,N,F,I,A,A,H,-,A,A,0,,Y,,,Y,,L,04,0,1,0,0,0,0,1,0,0,"- ","- ",38.681999206542969,-121.07518768310547,"EL DORADO",UNINCORPORATED,-121.07518768310547,38.682090759277344
91346082,2020,2020-11-16,9245,2020-11-05,0610,015609,,4,1,9,0900,0,1,2,,2,110,"US-50 W/B","SILVA VALLEY PKY",900.00,E,N,A,-,Y,,,50,,,,,,W,Y,3,0,1,2,A,-,07,21658,A,N,B,C,A,A,H,-,A,D,0,,,,Y,Y,,D,22,0,1,0,0,0,0,0,0,0,"- ","- ",38.656669616699219,-121.04374694824219,"EL DORADO",UNINCORPORATED,-121.04375457763672,38.656665802001953
91346352,2020,2020-11-16,9246,2020-11-08,1451,018674,,7,2,9,0900,0,1,3,,1,023,"SR-89 (LUTHER PASS RD)","SOUTH UPPER TRUCKEE RD",528.00,S,N,B,D,Y,,,89,,,,,,,Y,4,0,1,2,A,-,03,22350,,N,C,C,A,C,G,-,A,A,0,,,,,Y,,A,07,0,0,1,0,0,0,0,0,0,"- ","- ",38.793048858642578,-120.01091766357422,"EL DORADO",UNINCORPORATED,-120.01094055175781,38.793048858642578
91346792,2020,2020-11-17,9246,2020-11-13,2205,018206,,5,3,9,0900,0,2,4,,1,025,"NORTH UPPER TRUCKEE RD","W SAN BERNARDINO AVE",280.00,N,N,B,D,N,,,,,,,,,,Y,3,0,1,1,A,-,01,23152,A,N,E,I,A,C,H,-,D,D,0,,,,,Y,Y,D,22,0,1,0,0,0,0,0,0,0,"- ","- ",38.85369873046875,-120.03530120849609,"EL DORADO",UNINCORPORATED,-120.03534698486328,38.853801727294922
91346990,2020,2020-11-17,9246,2020-11-12,1900,018674,,4,2,9,0900,0,1,2,,1,020,"US-50 (LINCOLN HWY)","ASPEN CREEK RD",1056.00,E,N,A,-,Y,,,50,,,,,,,Y,4,0,1,2,A,-,08,22107,,N,D,C,A,A,H,-,D,D,0,,,,,Y,,A,07,0,0,1,0,0,0,0,0,0,"- ","- ",38.816928863525391,-120.0809326171875,"EL DORADO",UNINCORPORATED,-120.08095550537109,38.8170166015625
91347277,2020,2020-11-17,9245,2020-11-10,1328,019252,,2,1,9,0900,0,1,2,,2,140,"US-50 W/B","5 MILE ROAD",0.00,,Y,A,-,Y,,,50,,,,,,W,Y,4,0,1,3,A,-,09,21801,A,N,A,C,A,A,H,-,A,D,0,,,,,Y,,A,01,0,0,1,0,0,0,0,0,0,"- ","- ",38.737358093261719,-120.71804046630859,"EL DORADO",UNINCORPORATED,-120.71804046630859,38.737346649169922
91347534,2020,2020-11-18,9245,2020-11-12,1230,013929,,4,1,9,0900,0,1,2,,2,140,"RT 50","CAMINO HEIGHTS DRIVE",26.00,E,N,A,-,Y,,,50,,,,,,,Y,4,0,1,1,C,-,18,,,N,E,I,A,A,H,-,A,D,0,,,,,Y,,-,"- ",0,0,1,0,0,0,0,0,0,"- ","- ",38.736808776855469,-120.71056365966797,"EL DORADO",UNINCORPORATED,-120.71056365966797,38.736900329589844
91347961,2020,2020-11-18,9245,2020-10-05,1330,019252,,1,1,9,0900,0,3,5,,2,004,"UNION MINE RD","RATTLER RIDGE RD",1680.00,S,N,B,-,N,,,,,,,,,,Y,1,1,0,1,A,-,08,22107,,N,F,A,A,A,H,-,A,D,0,,,,,Y,Y,A,07,0,0,0,0,0,0,0,0,0,"- ","- ",38.638408660888672,-120.82662200927734,"EL DORADO",UNINCORPORATED,-120.83660125732422,38.638370513916016
91348559,2020,2020-11-19,9245,2020-11-08,0030,020072,,7,3,9,0900,0,2,4,,1,042,"BUCKS BAR RD","YOSEMITE PL",88.00,S,N,A,-,N,,,,,,,,,,Y,4,0,1,1,A,-,03,22350,,N,E,I,A,A,H,-,D,D,0,,,,,Y,,A,01,0,0,1,0,0,0,0,0,0,"- ","- ",38.651149749755859,-120.69915008544922,"EL DORADO",UNINCORPORATED,-120.69908142089844,38.651195526123047
91348809,2020,2020-11-19,9245,2020-11-13,1547,017897,,5,2,9,0900,0,1,3,,1,135,SR-49,"MICA ST",1056.00,S,N,B,C,Y,,,49,,,,,,,Y,3,0,1,1,A,-,03,22350,,N,F,A,A,B,H,-,A,D,0,,,,,Y,,D,22,0,1,0,0,0,0,0,0,0,"- ","- ",38.600631713867188,-120.85147094726562,"EL DORADO",UNINCORPORATED,-120.85146331787109,38.600643157958984
91350206,2020,2020-11-20,9245,2020-11-13,1520,015563,,5,2,9,0900,0,3,5,,2,003,"DUROCK RD","SHINGLE LIME MINE ROAD",0.00,,Y,C,-,N,,,,,,,,,,Y,4,0,2,2,A,-,03,22350,,N,C,C,A,B,H,-,A,D,0,,,,,Y,,A,01,0,0,2,0,0,0,0,0,0,"- ","- ",38.655120849609375,-120.95728302001953,"EL DORADO",UNINCORPORATED,-120.95735168457031,38.655071258544922
91350539,2020,2022-04-18,9245,2020-11-15,1428,019793,,7,2,9,0900,0,1,3,,1,135,"SR-49 S/B","UNION MINE RD",173.00,S,N,A,-,N,,,49,,,,,,S,Y,1,1,0,1,A,-,03,22350,,N,E,I,A,A,H,-,A,D,0,,,,,Y,,A,01,0,0,0,0,0,0,0,0,0,"- ","- ",38.679710388183594,-120.84805297851562,"EL DORADO",UNINCORPORATED,-120.84806060791016,38.679718017578125
91351213,2020,2020-11-23,9245,2020-11-13,1500,018466,,5,2,9,0900,0,1,2,,2,110,"US-50 E/B","PONDEROSA RD",175.00,W,N,C,-,Y,,,50,,,,,,E,Y,4,0,2,1,A,-,03,22350,,N,E,I,A,B,H,-,A,D,0,,,,,Y,,E,22,0,0,2,0,0,0,0,0,0,"- ","- ",38.662208557128906,-120.93791961669922,"EL DORADO",UNINCORPORATED,-120.93795776367188,38.662345886230469
91351257,2020,2020-11-23,9245,2020-11-15,0100,021379,,7,3,9,0900,0,2,4,,2,012,"SALMON FALLS RD","GALLAGHER RD",2640.00,W,N,A,-,N,,,,,,,,,,N,3,0,1,1,A,-,08,22107,,N,E,J,A,A,H,-,D,D,0,,,,,Y,,A,01,0,1,0,0,0,0,0,0,0,"- ","- ",38.780998229980469,-121.03543090820312,"EL DORADO",UNINCORPORATED,-121.03417205810547,38.782268524169922
91351277,2020,2020-11-23,9245,2020-11-14,1320,018656,,6,1,9,0900,0,1,2,,2,140,US-50,"5 MILE RD",0.00,,Y,A,-,Y,,,50,,,,,,,N,4,0,2,2,A,-,09,21801,A,N,D,C,A,A,H,-,A,D,0,,,,,Y,,A,07,0,0,2,0,0,0,0,0,0,"- ","- ",38.737300872802734,-120.71797180175781,"EL DORADO",UNINCORPORATED,-120.71796417236328,38.737323760986328
91351553,2020,2020-11-23,9245,2020-11-14,1750,018466,,6,2,9,0900,0,2,4,,1,013,"LOTUS RD","LUNEMAN RD",0.00,,Y,A,-,N,,,,,,,,,,Y,4,0,2,2,A,-,01,23152,A,N,D,C,A,A,H,-,D,D,0,,,,,Y,Y,A,01,0,0,2,0,0,0,0,0,0,"- ","- ",38.768871307373047,-120.92523193359375,"EL DORADO",UNINCORPORATED,-120.92530822753906,38.768878936767578
91351677,2020,2020-11-23,9245,2020-11-17,1906,017364,,2,2,9,0900,0,3,5,,2,001,"CAMERON PARK DR","PALMER DR",0.00,,Y,C,-,N,,,,,,,,,,Y,3,0,1,2,A,-,08,22107,,N,D,C,A,B,H,-,C,A,0,,,,,Y,,A,01,0,1,0,0,0,0,0,0,0,"- ","- ",38.661418914794922,-120.97006225585938,"EL DORADO",UNINCORPORATED,-120.97016143798828,38.661399841308594
91352519,2020,2020-11-24,9245,2020-11-18,1550,017364,,3,2,9,0900,0,1,2,,2,110,"US-50 W/B","CAMBRIDGE RD",3168.00,E,N,C,-,Y,,,50,,,,,,W,Y,3,0,1,1,A,-,03,22350,,N,F,A,A,B,H,-,A,D,0,,,,,Y,,A,01,0,1,0,0,0,0,0,0,0,"- ","- ",38.657299041748047,-120.98777008056641,"EL DORADO",UNINCORPORATED,-120.98777008056641,38.657310485839844
91352562,2020,2020-11-24,9245,2020-11-18,0130,021379,,3,3,9,0900,0,3,5,,2,004,"RINGOLD RD","PLEASANT VALLEY RD",1056.00,S,N,C,-,N,,,,,,,,,,Y,3,0,1,1,A,-,01,23152,A,N,E,I,A,B,H,-,D,D,0,,,,,Y,Y,A,01,0,1,0,0,0,0,0,0,0,"- ","- ",38.687019348144531,-120.79106903076172,"EL DORADO",UNINCORPORATED,-120.79106903076172,38.687019348144531
91352904,2020,2020-11-24,9245,2020-11-19,1545,017364,,4,2,9,0900,0,2,4,,1,015,"CAMERON PARK DR","GREEN VALLEY RD",15.00,S,N,A,-,N,,,,,,,,,,N,4,0,1,2,A,-,03,22350,,N,C,C,A,A,H,-,A,A,0,,,,,Y,,D,22,0,0,1,0,0,0,0,0,0,"- ","- ",38.698928833007812,-120.99555969238281,"EL DORADO",UNINCORPORATED,-120.99559783935547,38.698970794677734
91353859,2020,2020-11-25,9245,2020-11-23,2300,021493,,1,3,9,0900,0,2,4,,2,031,"LATROBE RD","THROTTLE LN",4224.00,N,N,A,-,N,,,,,,,,,,Y,4,0,1,1,A,-,08,22107,,N,E,I,A,A,H,-,D,D,0,,,,,Y,,A,01,0,0,1,0,0,0,0,0,0,"- ","- ",38.573238372802734,-120.99533843994141,"EL DORADO",UNINCORPORATED,-120.99525451660156,38.573284149169922
91354011,2020,2020-11-25,9245,2020-11-22,1820,018466,,7,2,9,0900,0,2,4,,2,012,"EL DORADO HILLS BLVD","SARATOGA WAY",0.00,,Y,A,-,N,,,,,,,,,,Y,4,0,1,2,A,-,12,21453,A,N,D,C,A,A,H,-,C,A,0,,,,,Y,,A,01,0,0,1,0,0,0,0,0,0,"- ","- ",38.653751373291016,-121.07124328613281,"EL DORADO",UNINCORPORATED,-121.07192230224609,38.656719207763672
91354038,2020,2020-11-25,9245,2020-11-20,1828,017897,,5,2,9,0900,0,2,4,,1,039,"BUCKEYE RD","MOTHER LODE DR",0.00,,Y,A,-,N,,,,,,,,,,Y,3,0,1,2,A,-,09,21802,A,N,D,C,A,A,H,-,D,A,0,,,,,Y,,D,22,0,1,0,0,0,0,0,0,0,"- ","- ",38.668018341064453,-120.90632629394531,"EL DORADO",UNINCORPORATED,-120.90650939941406,38.668060302734375
91355608,2020,2020-11-30,9245,2020-11-24,0755,016465,,2,1,9,0900,0,2,4,,1,043,"SLY PARK RD","US-50 W/B",40.00,N,N,A,-,N,,,,,,,,,,N,4,0,1,2,A,-,03,22350,,M,C,C,A,A,H,-,A,D,0,,,,,Y,,-,99,0,0,1,0,0,0,0,0,0,"- ","- ",38.761821746826172,-120.57599639892578,"EL DORADO",UNINCORPORATED,-120.57599639892578,38.761821746826172
91355705,2020,2020-11-30,9246,2020-11-26,1210,014471,,4,1,9,0900,0,2,4,,1,025,"LAKE TAHOE BLVD","TAHOE MTN RD",102.00,W,N,A,-,N,,,,,,,,,,Y,4,0,1,1,A,-,08,22107,,N,E,I,A,A,H,-,A,D,0,,,,,Y,Y,D,22,0,0,1,0,0,0,0,0,0,"- ","- ",38.886978149414062,-120.03238677978516,"EL DORADO",UNINCORPORATED,-120.03204345703125,38.887027740478516
91355725,2020,2020-11-30,9245,2020-11-26,0552,016451,,4,3,9,0900,0,1,2,,2,120,"US-50 E/B","GREENSTONE RD",1056.00,E,N,A,-,Y,,,50,,,,,,E,Y,3,0,1,1,C,-,18,,,N,H,H,A,A,H,-,D,D,0,,,,,Y,,-,"- ",0,1,0,0,0,0,0,0,0,"- ","- ",38.6986083984375,-120.87383270263672,"EL DORADO",UNINCORPORATED,-120.87382507324219,38.6986083984375
91356296,2020,2020-12-01,9245,2020-11-25,1639,017897,,3,2,9,0900,0,2,4,,2,031,"SOUTH SHINGLE ROAD","LATROBE RD",42.00,W,N,A,-,N,,,,,,,,,,Y,3,0,1,1,A,-,03,22350,,N,E,I,A,A,H,-,A,D,0,,,,,Y,,A,01,0,1,0,0,0,0,0,0,0,"- ","- ",38.557819366455078,-120.98271942138672,"EL DORADO",UNINCORPORATED,-120.98268127441406,38.557632446289062
91356454,2020,2020-12-01,9245,2020-11-22,1220,017320,,7,1,9,0900,0,1,3,,1,122,SR-193,"ROCK CREEK RD",6336.00,N,N,A,-,Y,,,193,,,,,,,Y,3,0,1,1,A,-,03,22350,,N,E,I,A,A,H,-,A,D,0,,,Y,,Y,,C,02,0,1,0,0,0,0,0,0,1,"- ","- ",38.775680541992188,-120.82630157470703,"EL DORADO",UNINCORPORATED,-120.82630920410156,38.775634765625
91356587,2020,2020-12-01,9245,2020-11-23,1128,017320,,1,1,9,0900,0,2,4,,1,037,"MISSOURI FLAT RD","INDUSTRIAL DR",120.00,S,N,A,-,N,,,,,,,,,,Y,4,0,1,3,A,-,03,22350,,N,C,C,A,A,H,-,A,D,0,,,,,Y,,A,01,0,0,1,0,0,0,0,0,0,"- ","- ",38.675228118896484,-120.23892211914062,"EL DORADO",UNINCORPORATED,-120.82311248779297,38.698276519775391