CASE_ID,ACCIDENT_YEAR,PROC_DATE,JURIS,COLLISION_DATE,COLLISION_TIME,OFFICER_ID,REPORTING_DISTRICT,DAY_OF_WEEK,CHP_SHIFT,POPULATION,CNTY_CITY_LOC,SPECIAL_COND,BEAT_TYPE,CHP_BEAT_TYPE,CITY_DIVISION_LAPD,CHP_BEAT_CLASS,BEAT_NUMBER,PRIMARY_RD,SECONDARY_RD,DISTANCE,DIRECTION,INTERSECTION,WEATHER_1,WEATHER_2,STATE_HWY_IND,CALTRANS_COUNTY,CALTRANS_DISTRICT,STATE_ROUTE,ROUTE_SUFFIX,POSTMILE_PREFIX,POSTMILE,LOCATION_TYPE,RAMP_INTERSECTION,SIDE_OF_HWY,TOW_AWAY,COLLISION_SEVERITY,NUMBER_KILLED,NUMBER_INJURED,PARTY_COUNT,PRIMARY_COLL_FACTOR,PCF_CODE_OF_VIOL,PCF_VIOL_CATEGORY,PCF_VIOLATION,PCF_VIOL_SUBSECTION,HIT_AND_RUN,TYPE_OF_COLLISION,MVIW,PED_ACTION,ROAD_SURFACE,ROAD_COND_1,ROAD_COND_2,LIGHTING,CONTROL_DEVICE,CHP_ROAD_TYPE,PEDESTRIAN_ACCIDENT,BICYCLE_ACCIDENT,MOTORCYCLE_ACCIDENT,TRUCK_ACCIDENT,NOT_PRIVATE_PROPERTY,ALCOHOL_INVOLVED,STWD_VEHTYPE_AT_FAULT,CHP_VEHTYPE_AT_FAULT,COUNT_SEVERE_INJ,COUNT_VISIBLE_INJ,COUNT_COMPLAINT_PAIN,COUNT_PED_KILLED,COUNT_PED_INJURED,COUNT_BICYCLIST_KILLED,COUNT_BICYCLIST_INJURED,COUNT_MC_KILLED,COUNT_MC_INJURED,PRIMARY_RAMP,SECONDARY_RAMP,LATITUDE,LONGITUDE,COUNTY,CITY,POINT_X,POINT_Y
91390537,2021,2021-01-19,9245,2021-01-17,0721,017897,,7,1,9,0900,0,1,2,,1,160,US-50,"29 MILE TRACT",528.00,W,N,A,-,Y,,,50,,,,,,,Y,3,0,1,1,A,-,01,23152,A,N,E,I,A,A,H,-,A,D,0,,,,,Y,Y,A,07,0,1,0,0,0,0,0,0,0,"- ","- ",38.766170501708984,-120.35751342773438,"EL DORADO",UNINCORPORATED,-120.35746002197266,38.766124725341797
91392704,2021,2021-01-22,9245,2021-01-16,2320,021379,,6,3,9,0900,0,3,5,,2,004,"SIERRA SPRINGS DR","CANCHALAGUA DR",400.00,W,N,A,-,N,,,,,,,,,,Y,3,0,1,1,A,-,01,23152,A,N,E,I,A,A,H,-,D,D,0,,,,,Y,Y,A,07,0,1,0,0,0,0,0,0,0,"- ","- ",38.71527099609375,-120.60997772216797,"EL DORADO",UNINCORPORATED,-120.61003112792969,38.715236663818359
91393871,2021,2021-01-25,9245,2021-01-19,0336,019252,,2,3,9,0900,0,1,2,,1,160,US-50,"WILDWOOD WAY",784.00,W,N,G,-,Y,,,50,,,,,,,Y,4,0,1,1,A,-,03,22350,,N,E,J,A,A,H,-,D,D,0,,,,,Y,,D,22,0,0,1,0,0,0,0,0,0,"- ","- ",38.769401550292969,-120.314208984375,"EL DORADO",UNINCORPORATED,-120.31418609619141,38.769363403320312
91393884,2021,2021-01-25,9245,2021-01-21,1215,013929,,4,1,9,0900,0,2,4,,2,011,"EL DORADO ROAD","US 50 EASTBOUND OFF-RAMP",0.00,,Y,A,-,Y,,,,,,,,,,Y,4,0,1,2,A,-,09,21802,A,N,D,C,A,A,H,-,A,A,0,,,,,Y,,D,22,0,0,1,0,0,0,0,0,0,"- ","- ",38.704158782958984,-120.85617065429688,"EL DORADO",UNINCORPORATED,,
91394466,2021,2021-01-26,9245,2021-01-21,1542,019252,,4,2,9,0900,0,2,4,,1,042,"OMO RANCH RD","SLUG GULCH RD",2428.00,E,N,A,-,N,,,,,,,,,,Y,4,0,1,1,A,-,01,23152,A,N,E,I,A,A,H,-,A,D,0,,,,,Y,Y,A,07,0,0,1,0,0,0,0,0,0,"- ","- ",38.577968597412109,-120.56996154785156,"EL DORADO",UNINCORPORATED,-120.57023620605469,38.578117370605469
91394501,2020,2021-01-26,9245,2020-12-18,0930,021415,,5,1,9,0900,0,3,5,,2,002,"WENTWORTH SPRINGS RD","MOSQUITO RD",2112.00,W,N,A,-,N,,,,,,,,,,Y,1,1,0,1,A,-,08,22107,,N,E,I,A,C,H,-,A,D,0,,,,,Y,Y,A,07,0,0,0,0,0,0,0,0,0,"- ","- ",38.897720336914062,-120.62200927734375,"EL DORADO",UNINCORPORATED,-120.62201690673828,38.897754669189453
91394529,2021,2021-01-26,9245,2021-01-21,2140,021379,,4,2,9,0900,0,1,2,,2,150,"FOREST RD",US-50,100.00,S,N,A,-,N,,,,,,,,,,Y,3,0,1,1,A,-,08,22107,,N,F,A,A,A,H,-,D,D,0,,,,Y,Y,,G,27,0,1,0,0,0,0,0,0,0,"- ","- ",38.760028839111328,-120.52909088134766,"EL DORADO",UNINCORPORATED,-120.52921295166016,38.760040283203125
91394609,2021,2021-01-26,9245,2021-01-22,1720,018466,,5,2,9,0900,0,2,4,,1,032,"SOUTH SHINGLE ROAD","SUNSET LN",70.00,S,N,C,-,N,,,,,,,,,,N,4,0,1,1,A,-,03,22350,,N,E,I,A,B,H,-,A,D,0,,,,,Y,,A,01,0,0,1,0,0,0,0,0,0,"- ","- ",38.658798217773438,-120.93607330322266,"EL DORADO",UNINCORPORATED,-120.93595886230469,38.658706665039062
91394626,2021,2021-01-26,9245,2021-01-22,1300,013929,,5,1,9,0900,0,1,3,,1,115,"STATE ROUTE 49","AARON COOL DRIVE",10560.00,N,N,B,-,Y,,,49,,,,,,,Y,4,0,1,2,A,-,05,21460,A,N,A,C,A,B,H,-,A,D,0,,,,,Y,,A,07,0,0,1,0,0,0,0,0,0,"- ","- ",38.911529541015625,-121.02552032470703,"EL DORADO",UNINCORPORATED,-121.02548217773438,38.911563873291016
91395160,2021,2021-01-27,9245,2021-01-24,1920,018466,,7,2,9,0900,0,2,4,,1,023,"MOSQUITO RD","GREENBROOK DR",528.00,S,N,C,-,N,,,,,,,,,,Y,4,0,1,1,A,-,03,22350,,N,E,I,A,B,H,-,D,D,0,,,,,Y,,A,01,0,0,1,0,0,0,0,0,0,"- ","- ",38.770328521728516,-120.75064086914062,"EL DORADO",UNINCORPORATED,,
91395346,2021,2021-01-27,9245,2021-01-23,0330,016328,,6,3,9,0900,0,1,2,,2,120,"US 50 E/B","PONDEROSA RD",835.00,E,N,B,-,Y,,,,,,,,,,Y,2,0,1,1,A,-,03,22350,,N,F,A,A,B,H,-,C,D,0,,,,,Y,,A,07,1,0,0,0,0,0,0,0,0,"- ","- ",38.66326904296875,-120.93437194824219,"EL DORADO",UNINCORPORATED,-120.93708038330078,38.662609100341797
91396133,2021,2021-01-28,9245,2021-01-23,2305,019793,,6,3,9,0900,0,2,4,,1,015,"CAMERON PARK DR","MIRA LOMA DR",900.00,S,N,A,-,N,,,,,,,,,,Y,3,0,1,1,A,-,08,22107,,N,F,A,A,A,H,-,D,D,0,,,,,Y,,A,01,0,1,0,0,0,0,0,0,0,"- ","- ",38.682579040527344,-120.98397827148438,"EL DORADO",UNINCORPORATED,-120.98402404785156,38.682571411132812
91398988,2021,2021-01-29,9245,2021-01-25,0800,017897,,1,1,9,0900,0,2,4,,1,041,"PLEASANT VALLEY RD","HOLM RD",240.00,E,N,D,-,N,,,,,,,,,,Y,4,0,1,1,A,-,03,22350,,N,E,I,A,B,H,-,A,D,0,,,,,Y,,A,07,0,0,1,0,0,0,0,0,0,"- ","- ",38.691398620605469,-120.72193908691406,"EL DORADO",UNINCORPORATED,-120.7220458984375,38.691291809082031
91400065,2021,2021-02-01,9245,2021-01-28,1805,017040,,4,2,9,0900,0,1,3,,1,115,SR49,"AARON COOL DR.",5280.00,N,N,B,C,Y,,,49,,,,,,,Y,4,0,1,2,A,-,08,22107,,N,A,C,A,B,H,-,D,D,0,,,,,Y,,D,22,0,0,1,0,0,0,0,0,0,"- ","- ",38.905811309814453,-121.01396179199219,"EL DORADO",UNINCORPORATED,-121.01397705078125,38.905807495117188
91400115,2021,2021-02-01,9245,2021-01-27,1818,017364,,3,2,9,0900,0,2,4,,1,013,"PONDEROSA RD","US50 W/B OFF RAMP",0.00,,N,C,G,N,,,,,,,,,,Y,3,0,1,2,A,-,01,23152,A,N,C,C,A,B,H,-,C,A,0,,,,,Y,Y,A,01,0,1,0,0,0,0,0,0,0,"- ","- ",38.663040161132812,-120.93779754638672,"EL DORADO",UNINCORPORATED,-120.93813299999999,38.663623000000001
91400654,2021,2021-02-02,9245,2021-01-28,1805,015609,,4,2,9,0900,0,1,2,,2,110,"US-50 E/B","SILVA VALLEY PKY",10.00,E,N,B,C,Y,,,50,,,,,,E,Y,3,0,1,3,A,-,01,23152,F,F,B,C,A,B,H,-,C,D,0,,,,,Y,,A,07,0,1,0,0,0,0,0,0,0,"- ","- ",38.657951354980469,-121.05413818359375,"EL DORADO",UNINCORPORATED,-121.05413818359375,38.657932281494141
91400971,2021,2021-02-02,9245,2021-01-28,1650,017364,,4,2,9,0900,0,3,5,,2,004,"GRIZZLY FLAT RD","SWEENEY RD",0.00,,N,D,-,N,,,,,,,,,,Y,3,0,1,2,A,-,03,22350,,N,E,I,A,C,H,-,A,D,0,,,,,Y,,D,22,0,1,0,0,0,0,0,0,0,"- ","- ",38.621150970458984,-120.59710693359375,"EL DORADO",UNINCORPORATED,-120.59848785400391,38.621536254882812
91401061,2021,2021-02-02,9246,2021-01-23,0805,016041,,6,1,9,0900,0,1,3,,1,030,"SR-89 (EMERALD BAY RD)","EMERALD BAY STATE PARK",475.00,S,N,D,-,Y,,,89,,,,,,,N,2,0,1,1,A,-,03,22350,,N,E,I,A,C,G,-,A,D,0,,,,,Y,,A,01,1,0,0,0,0,0,0,0,0,"- ","- ",38.951351165771484,-120.08406829833984,"EL DORADO",UNINCORPORATED,-120.08415222167969,38.951358795166016
91401064,2021,2021-02-02,9245,2021-01-28,0640,013929,,4,1,9,0900,0,1,2,,2,110,"RT 50","CAMBRIDGE ROAD",5280.00,W,N,B,C,Y,,,50,,,,,,,Y,3,0,1,1,A,-,03,22350,,N,E,I,A,B,H,-,D,D,0,,,,,Y,,A,01,0,1,0,0,0,0,0,0,0,"- ","- ",38.655139923095703,-121.01628875732422,"EL DORADO",UNINCORPORATED,-121.01628875732422,38.655235290527344
91401097,2021,2021-02-02,9245,2021-01-29,1720,015419,,5,2,9,0900,0,3,5,,2,003,"DUROCK RD","HAVEN LN.",125.00,W,N,B,-,N,,,,,,,,,,Y,4,0,1,2,A,-,03,22350,,N,C,B,E,B,H,-,B,D,0,Y,,,,Y,,A,01,0,0,1,0,1,0,0,0,0,"- ","- ",38.658489227294922,-120.94821929931641,"EL DORADO",UNINCORPORATED,-120.94815826416016,38.658477783203125
91401997,2021,2021-02-03,9245,2021-01-29,0100,016328,,5,3,9,0900,0,1,2,,2,150,"US 50 E/B","MILL RUN",400.00,E,N,D,-,Y,,,,,,,,,,Y,3,0,1,1,A,-,03,22350,,N,E,I,A,C,H,-,D,D,0,,,,,Y,,D,22,0,1,0,0,0,0,0,0,0,"- ","- ",38.759250640869141,-120.51793670654297,"EL DORADO",UNINCORPORATED,-120.51801300048828,38.759265899658203
91402035,2021,2021-02-03,9245,2021-01-31,1600,018656,,7,2,9,0900,0,1,2,,2,150,US-50,"RANDALL TRACT BRG",1000.00,E,N,A,-,Y,,,50,,,,,,,N,2,0,1,3,A,-,01,23152,A,N,C,C,A,B,H,-,A,D,0,,,,,Y,Y,D,22,1,0,0,0,0,0,0,0,0,"- ","- ",38.773818969726562,-120.39325714111328,"EL DORADO",UNINCORPORATED,-120.39326477050781,38.773788452148438
91402047,2021,2021-02-03,9245,2021-01-30,2000,018466,,6,2,9,0900,0,2,4,,1,013,"LOTUS RD","HEAVEN'S GATE",155.00,S,N,A,-,N,,,,,,,,,,Y,2,0,1,1,A,-,01,23152,A,N,F,A,A,A,H,-,D,D,0,,,Y,,Y,Y,C,02,1,0,0,0,0,0,0,0,1,"- ","- ",38.793991088867188,-120.91317749023438,"EL DORADO",UNINCORPORATED,-120.91334533691406,38.793502807617188
91402711,2021,2021-02-04,9245,2021-02-02,1440,016328,,2,2,9,0900,0,1,2,,2,110,"US 50 W/B FROM EL DORADO HILLS BLVD","EL DORADO HILLS BLVD",200.00,W,N,B,-,Y,,,,,,,,,,Y,4,0,2,1,A,-,03,22350,,N,E,J,A,B,H,-,A,D,0,,,,,Y,,A,01,0,0,2,0,0,0,0,0,0,"- ","- ",38.653671264648438,-121.0721435546875,"EL DORADO",UNINCORPORATED,-121.07177734375,38.652618408203125
91403119,2021,2021-02-05,9246,2021-02-02,1659,017612,,2,2,9,0900,0,1,3,,1,031,"SR-89 (EMERALD BAY RD)","DL BLISS STATE PK",1584.00,N,N,B,D,Y,,,89,,,,,,,Y,3,0,1,1,A,-,03,22350,,N,F,A,A,C,G,-,D,A,0,,,,,Y,,D,22,0,1,0,0,0,0,0,0,0,"- ","- ",38.981899261474609,-120.10540771484375,"EL DORADO",UNINCORPORATED,-120.10537719726562,38.981948852539062
91403359,2021,2021-02-05,9245,2021-01-30,1214,017897,,6,1,9,0900,0,2,4,,1,041,"PLEASANT VALLEY RD","BIG CUT RD",130.00,W,N,A,-,N,,,,,,,,,,Y,3,0,3,3,A,-,03,22350,,N,C,C,A,A,H,-,A,D,0,,,,,Y,,D,22,0,1,2,0,0,0,0,0,0,"- ","- ",38.690208435058594,-120.78727722167969,"EL DORADO",UNINCORPORATED,-120.78780364990234,38.690242767333984
91403612,2021,2021-02-05,9245,2021-02-03,1610,017040,,3,2,9,0900,0,3,5,,2,001,"RATTLESNAKE BAR RD.","OAK VIEW DR.",4224.00,W,N,A,-,N,,,,,,,,,,Y,4,0,1,1,A,-,08,22107,,N,E,I,A,A,H,-,A,D,0,,,,,Y,,A,01,0,0,1,0,0,0,0,0,0,"- ","- ",38.839210510253906,-121.04091644287109,"EL DORADO",UNINCORPORATED,-121.04080963134766,38.839130401611328
91404416,2021,2021-02-24,9246,2021-01-30,0815,017612,,6,1,9,0900,0,1,2,,1,021,"US-50 (LINCOLN HWY)","ECHO RD (FOREST RTE 11N06B)",2075.00,W,N,B,-,Y,,,50,,,,,,,Y,2,0,3,3,A,-,03,22350,,N,B,C,A,C,H,-,A,D,0,,,,,Y,,A,07,2,0,1,0,0,0,0,0,0,"- ","- ",38.817668914794922,-120.03427124023438,"EL DORADO",UNINCORPORATED,-120.03430938720703,38.817653656005859
91405139,2021,2021-02-09,9246,2021-02-02,1600,017834,,2,2,9,0900,0,1,2,,1,021,"US-50 (LINCOLN HWY)","ECHO LAKES RD (FOREST RTE 11N05)",2070.00,W,N,D,-,Y,,,50,,,,,,,Y,4,0,3,4,B,-,22,,,N,E,J,A,C,B,-,A,A,0,,,,,Y,,K,45,0,0,3,0,0,0,0,0,0,"- ","- ",38.817668914794922,-120.03427124023438,"EL DORADO",UNINCORPORATED,-120.03430938720703,38.817653656005859
91406061,2021,2021-02-10,9245,2021-02-04,1500,017040,,4,2,9,0900,0,1,3,,1,122,SR-193,"ROCK CREEK RD.",1584.00,S,N,A,-,Y,,,193,,,,,,,Y,3,0,2,2,A,-,05,21460,A,N,A,C,A,A,H,-,A,D,0,,,,,Y,,A,01,0,2,0,0,0,0,0,0,0,"- ","- ",38.771930694580078,-120.81771087646484,"EL DORADO",UNINCORPORATED,-120.81772613525391,38.771938323974609
91406092,2021,2021-02-10,9245,2021-02-04,0015,021493,,4,3,9,0900,0,1,2,,2,110,"US-50 W/B","PONDEROSA RD",1210.00,W,N,A,-,Y,,,50,,,,,,W,Y,2,0,1,1,A,-,08,22107,,N,E,I,A,A,H,-,D,D,0,,,,,Y,,A,01,1,0,0,0,0,0,0,0,0,"- ","- ",38.661628723144531,-120.94194793701172,"EL DORADO",UNINCORPORATED,-120.94197845458984,38.661781311035156
91406810,2021,2021-02-11,9245,2021-02-02,2110,021493,,2,2,9,0900,0,3,5,,2,001,"SILVA VALLEY PKY","GLENMORE WAY",200.00,S,N,B,C,N,,,,,,,,,,N,2,0,1,1,A,-,03,22350,,N,F,A,A,B,H,-,C,D,0,,,Y,,Y,,C,02,1,0,0,0,0,0,0,0,1,"- ","- ",38.705741882324219,-121.074951171875,"EL DORADO",UNINCORPORATED,-121.07511138916016,38.705951690673828
91406822,2021,2021-02-11,9245,2021-02-04,1235,016032,,4,1,9,0900,0,1,2,,2,140,"US 50 W/B TO MOSQUITO RD","MOSQUITO RD",310.00,E,N,A,-,Y,,,,,,,,,,Y,2,0,1,2,A,-,03,22350,,N,A,C,A,A,H,-,A,A,0,,,,,Y,,A,01,1,0,0,0,0,0,0,0,0,"- ","- ",38.7318115234375,-120.78913116455078,"EL DORADO",UNINCORPORATED,-120.79007720947266,38.73175048828125
91409376,2021,2021-02-16,9245,2021-02-09,1040,018756,,2,1,9,0900,0,1,3,,1,122,SR-193,"HAPPY TRAILS LANE",1056.00,N,N,A,-,Y,,,193,,,,,,,Y,3,0,2,1,A,-,08,22107,,N,E,I,A,A,H,-,A,A,0,,,,,Y,,A,01,0,2,0,0,0,0,0,0,0,"- ","- ",38.850570678710938,-120.82582855224609,"EL DORADO",UNINCORPORATED,-120.82577514648438,38.850631713867188
91409844,2021,2021-02-17,9245,2021-02-11,1525,017040,,4,2,9,0900,0,1,3,,1,115,"SR-49 S/B","PLACER CO. LINE",5280.00,S,N,C,-,Y,,,49,,,,,,S,Y,4,0,1,1,A,-,03,22350,,N,E,I,A,B,H,-,A,D,0,,,,,Y,,A,01,0,0,1,0,0,0,0,0,0,"- ","- ",38.910480499267578,-121.03241729736328,"EL DORADO",UNINCORPORATED,-121.03249359130859,38.910491943359375
91409895,2020,2021-02-17,9245,2020-12-18,1705,021493,,5,2,9,0900,0,1,2,,2,120,"US-50 E/B FROM MISSOURI FLAT ROAD N/B","PERKS CT",275.00,N,N,A,-,Y,,,50,,,,R,,E,N,1,1,0,2,A,-,11,21954,A,N,G,B,E,A,H,-,C,D,0,Y,,,,Y,Y,N,60,0,0,0,1,0,0,0,0,0,"- ","- ",38.710361480712891,-120.83728790283203,"EL DORADO",UNINCORPORATED,-120.83728790283203,38.710361480712891
91410148,2021,2021-02-17,9245,2021-02-11,2040,016328,,4,2,9,0900,0,1,2,,2,110,"US 50 W/B","BASS LAKE RD",500.00,W,N,C,-,Y,,,,,,,,,,Y,3,0,1,1,A,-,03,22350,,N,E,J,A,B,H,-,D,D,0,,,,,Y,,A,01,0,1,0,0,0,0,0,0,0,"- ","- ",38.654918670654297,-121.04074859619141,"EL DORADO",UNINCORPORATED,-121.02980041503906,38.655590057373047
91410839,2021,2021-02-18,9245,2021-02-13,2214,019252,,6,3,9,0900,0,2,4,,1,041,"PLEASANT VALLEY RD","HOLM RD",662.00,W,N,A,-,N,,,,,,,,,,Y,3,0,1,1,A,-,01,23152,A,N,F,A,A,A,H,-,D,D,0,,,,,Y,Y,A,01,0,1,0,0,0,0,0,0,0,"- ","- ",38.690101623535156,-120.72486114501953,"EL DORADO",UNINCORPORATED,-120.72480773925781,38.690090179443359
91411173,2021,2021-02-18,9245,2021-02-12,1805,016328,,5,2,9,0900,0,2,4,,2,031,"LATROBE RD","SUNCAST LN",0.00,,Y,A,-,N,,,,,,,,,,Y,4,0,1,2,A,-,12,21453,A,N,D,C,A,A,H,-,C,A,0,,,,,Y,,A,07,0,0,1,0,0,0,0,0,0,"- ","- ",38.636848449707031,-121.06223297119141,"EL DORADO",UNINCORPORATED,-121.06228637695312,38.636974334716797
91413454,2021,2021-02-23,9245,2021-02-20,0440,019793,,6,3,9,0900,0,3,5,,2,001,"ST ANDREWS DRIVE","SPRINGBURN WAY",528.00,E,N,B,-,N,,,,,,,,,,Y,3,0,1,2,A,-,01,23152,A,N,B,C,A,B,H,-,D,C,0,,,,,Y,Y,A,01,0,1,0,0,0,0,0,0,0,"- ","- ",38.688419342041016,-121.07476806640625,"EL DORADO",UNINCORPORATED,-121.07489013671875,38.688400268554688
91414744,2021,2021-02-24,9245,2021-02-22,0225,019252,,1,3,9,0900,0,3,5,,2,004,"STARKES GRADE RD","CAMPINI WAY",2192.00,E,N,A,-,N,,,,,,,,,,Y,4,0,1,1,A,-,08,22107,,N,F,A,A,B,H,-,D,D,0,,,,,Y,,A,01,0,0,1,0,0,0,0,0,0,"- ","- ",38.705661773681641,-120.64675140380859,"EL DORADO",UNINCORPORATED,-120.64739227294922,38.70556640625
91415433,2021,2021-02-25,9245,2021-02-20,1145,018656,,6,1,9,0900,0,3,5,,2,004,"GRIZZLY FLAT RD","STEELY RIDGE RD",50.00,E,N,B,-,N,,,,,,,,,,N,2,0,1,2,A,-,03,22350,,N,F,A,A,B,H,-,A,D,0,,,Y,,Y,,C,02,1,0,0,0,0,0,0,0,1,"- ","- ",38.621891021728516,-120.5877685546875,"EL DORADO",UNINCORPORATED,-120.58800506591797,38.621852874755859
91417042,2021,2021-02-26,9245,2021-02-18,0922,015563,,4,1,9,0900,0,2,4,,1,039,"MOTHER LODE DRIVE","BUCKEYE ROAD (WEST)",75.00,W,N,B,-,N,,,,,,,,,,Y,4,0,2,3,A,-,03,22350,,N,C,C,A,A,H,-,A,D,0,,,,Y,Y,,F,26,0,0,2,0,0,0,0,0,0,"- ","- ",38.667449951171875,-120.91854095458984,"EL DORADO",UNINCORPORATED,-120.90676879882812,38.668045043945312
91418205,2021,2021-03-01,9245,2021-02-21,1740,018394,,7,2,9,0900,0,1,2,,2,110,"US-50 W/B","PONDEROSA RD",2640.00,W,N,A,-,Y,,,50,,,,,,W,Y,3,0,1,3,A,-,01,23152,A,N,C,C,A,A,H,-,B,D,0,,,,,Y,Y,A,01,0,1,0,0,0,0,0,0,0,"- ","- ",38.660388946533203,-120.94953155517578,"EL DORADO",UNINCORPORATED,-120.94953155517578,38.660381317138672
91418221,2021,2021-03-01,9245,2021-02-21,2220,018782,,7,3,9,0900,0,1,3,,1,115,SR-49,"JEEP TRL",1700.00,N,N,A,-,Y,,,49,,,,,,,Y,4,0,1,1,A,-,08,22107,,N,E,I,A,A,H,-,D,D,0,,,,,Y,,A,01,0,0,1,0,0,0,0,0,0,"- ","- ",38.907371520996094,-121.01531219482422,"EL DORADO",UNINCORPORATED,-121.01535034179688,38.907314300537109
91418267,2021,2021-03-01,9245,2021-01-10,1530,018782,,7,2,9,0900,0,2,4,,1,042,"FAIRPLAY ROAD","PERRY CREEK ROAD",528.00,S,N,B,-,N,,,,,,,,,,Y,1,1,0,1,A,-,01,23152,F,N,E,I,A,A,H,-,A,D,0,,,,,Y,,D,22,0,0,0,0,0,0,0,0,0,"- ","- ",38.591289520263672,-120.66056060791016,"EL DORADO",UNINCORPORATED,-120.700439453125,38.607212066650391
91418301,2021,2021-03-01,9245,2021-02-21,1845,018601,,7,2,9,0900,0,2,4,,1,025,"PONY EXPRESS TRL","PONY BOB DR",0.00,,Y,A,-,N,,,,,,,,,,Y,3,0,2,2,A,-,06,21750,,N,D,C,A,A,H,-,D,D,0,,,,,Y,,A,01,0,2,0,0,0,0,0,0,0,"- ","- ",38.757301330566406,-120.59358978271484,"EL DORADO",UNINCORPORATED,-120.59317779541016,38.757472991943359
91418708,2021,2021-03-02,9245,2021-02-22,1055,018756,,1,1,9,0900,0,3,5,,2,003,"DUROCK ROAD","PRESLEY LANE",308.00,E,N,A,-,N,,,,,,,,,,N,2,0,1,2,A,-,03,22350,,F,C,C,A,A,H,-,A,A,0,,,Y,,Y,,C,02,1,0,0,0,0,0,0,0,1,"- ","- ",38.661128997802734,-120.94090270996094,"EL DORADO",UNINCORPORATED,-120.94098663330078,38.6611328125
91419328,2021,2021-03-02,9245,2021-02-27,1637,017364,,6,2,9,0900,0,1,2,,1,160,US-50,"30 MILE STONE TRACT",0.00,,N,A,-,Y,,,50,,,,,,,Y,3,0,1,1,A,-,01,23152,A,N,E,I,A,A,H,-,A,D,0,,,,,Y,Y,A,07,0,1,0,0,0,0,0,0,0,"- ","- ",38.764461517333984,-120.335693359375,"EL DORADO",UNINCORPORATED,-120.33567810058594,38.764568328857422
91419962,2021,2021-03-03,9245,2021-02-26,1800,015419,,5,2,9,0900,0,3,5,,2,003,"MERCHANDISE WAY","ENTERPRISE DR",178.00,N,N,A,-,N,,,,,,,,,,Y,2,0,1,1,A,-,01,23152,A,N,F,C,A,A,H,-,C,D,0,,,,,Y,Y,A,07,1,0,0,0,0,0,0,0,0,"- ","- ",38.695770263671875,-120.82939147949219,"EL DORADO",UNINCORPORATED,-120.82939910888672,38.695674896240234
91421676,2021,2021-03-05,9245,2021-03-01,1714,018756,,1,2,9,0900,0,2,4,,1,039,"MOTHER LODE DRIVE","PRODUCTION DRIVE",4.00,W,N,A,-,N,,,,,,,,,,Y,3,0,1,2,A,-,03,22350,,N,C,C,A,A,H,-,A,A,0,,,,,Y,,A,01,0,1,0,0,0,0,0,0,0,"- ","- ",38.675430297851562,-120.88175201416016,"EL DORADO",UNINCORPORATED,-120.88156127929688,38.675430297851562
91422810,2021,2021-03-08,9245,2021-02-28,1850,018394,,7,2,9,0900,0,1,3,,1,115,SR-49,"AARON COOL CT",5280.00,N,N,A,-,Y,,,49,,,,,,,Y,3,0,2,2,A,-,05,21460,A,F,A,C,A,A,H,-,D,D,0,,,,,Y,Y,A,01,0,1,1,0,0,0,0,0,0,"- ","- ",38.904430389404297,-121.01344299316406,"EL DORADO",UNINCORPORATED,-121.01345825195312,38.904430389404297
91422858,2021,2021-03-08,9245,2021-03-03,1945,017364,,3,2,9,0900,0,2,4,,1,037,"MISSOURI FLAT RD","ENTERPRISE DR",0.00,,N,B,-,N,,,,,,,,,,Y,3,0,1,2,A,-,03,22350,,N,C,C,A,A,H,-,D,D,0,,,,,Y,,A,07,0,1,0,0,0,0,0,0,0,"- ","- ",38.6964111328125,-120.82366180419922,"EL DORADO",UNINCORPORATED,-120.82363128662109,38.696292877197266
91424227,2021,2021-03-10,9245,2021-03-04,1825,017040,,4,2,9,0900,0,1,3,,1,122,"SR-193 E/B","CHERRY ACRES RD",3.00,W,N,A,-,Y,,,193,,,,,,E,Y,4,0,2,3,A,-,03,22350,,N,C,C,A,A,H,-,D,D,0,,,,,Y,,A,07,0,0,2,0,0,0,0,0,0,"- ","- ",38.888008117675781,-121.00630950927734,"EL DORADO",UNINCORPORATED,-121.00634002685547,38.888168334960938
91424266,2021,2021-03-10,9245,2021-03-04,1900,018782,,4,2,9,0900,0,2,4,,1,042,"FAIRPLAY RD","DORADO CANYON RD",330.00,N,N,A,-,N,,,,,,,,,,Y,3,0,1,1,A,-,03,22350,,N,E,I,A,A,H,-,D,D,0,,,,,Y,,D,22,0,1,0,0,0,0,0,0,0,"- ","- ",38.602401733398438,-120.69966888427734,"EL DORADO",UNINCORPORATED,-120.69966888427734,38.602443695068359
91424611,2021,2021-03-10,9245,2021-03-05,0202,019252,,5,3,9,0900,0,1,2,,2,120,"US-50 E/B","GREENSTONE RD",1356.00,E,N,A,-,Y,,,50,,,,,,E,Y,2,0,1,1,A,-,08,22107,,N,F,A,A,A,H,-,C,D,0,,,,,Y,,A,01,1,0,0,0,0,0,0,0,0,"- ","- ",38.695781707763672,-120.88295745849609,"EL DORADO",UNINCORPORATED,-120.88298797607422,38.695972442626953