CASE_ID,ACCIDENT_YEAR,PROC_DATE,JURIS,COLLISION_DATE,COLLISION_TIME,OFFICER_ID,REPORTING_DISTRICT,DAY_OF_WEEK,CHP_SHIFT,POPULATION,CNTY_CITY_LOC,SPECIAL_COND,BEAT_TYPE,CHP_BEAT_TYPE,CITY_DIVISION_LAPD,CHP_BEAT_CLASS,BEAT_NUMBER,PRIMARY_RD,SECONDARY_RD,DISTANCE,DIRECTION,INTERSECTION,WEATHER_1,WEATHER_2,STATE_HWY_IND,CALTRANS_COUNTY,CALTRANS_DISTRICT,STATE_ROUTE,ROUTE_SUFFIX,POSTMILE_PREFIX,POSTMILE,LOCATION_TYPE,RAMP_INTERSECTION,SIDE_OF_HWY,TOW_AWAY,COLLISION_SEVERITY,NUMBER_KILLED,NUMBER_INJURED,PARTY_COUNT,PRIMARY_COLL_FACTOR,PCF_CODE_OF_VIOL,PCF_VIOL_CATEGORY,PCF_VIOLATION,PCF_VIOL_SUBSECTION,HIT_AND_RUN,TYPE_OF_COLLISION,MVIW,PED_ACTION,ROAD_SURFACE,ROAD_COND_1,ROAD_COND_2,LIGHTING,CONTROL_DEVICE,CHP_ROAD_TYPE,PEDESTRIAN_ACCIDENT,BICYCLE_ACCIDENT,MOTORCYCLE_ACCIDENT,TRUCK_ACCIDENT,NOT_PRIVATE_PROPERTY,ALCOHOL_INVOLVED,STWD_VEHTYPE_AT_FAULT,CHP_VEHTYPE_AT_FAULT,COUNT_SEVERE_INJ,COUNT_VISIBLE_INJ,COUNT_COMPLAINT_PAIN,COUNT_PED_KILLED,COUNT_PED_INJURED,COUNT_BICYCLIST_KILLED,COUNT_BICYCLIST_INJURED,COUNT_MC_KILLED,COUNT_MC_INJURED,PRIMARY_RAMP,SECONDARY_RAMP,LATITUDE,LONGITUDE,COUNTY,CITY,POINT_X,POINT_Y
91598048,2021,2021-10-15,9245,2021-09-25,1245,019236,,6,1,9,0900,0,2,4,,2,011,"GREEN VALLEY RD","CAMBRIDGE RD",85.00,W,N,A,-,N,,,,,,,,,,N,3,0,1,2,A,-,08,22107,,F,B,G,A,A,H,-,A,D,0,,Y,,,Y,,-,99,0,1,0,0,0,0,1,0,0,"- ","- ",38.698009490966797,-121.00388336181641,"EL DORADO",UNINCORPORATED,-121.00376129150391,38.698036193847656
91599490,2021,2021-10-18,9245,2021-10-11,2120,021050,,1,2,9,0900,0,2,4,,2,012,"SALMON FALLS RD","DORADO RIDGE TRL",75.00,N,N,A,-,N,,,,,,,,,,Y,2,0,1,1,A,-,08,22107,,N,F,A,A,A,H,-,D,D,0,,,,,Y,,A,01,1,0,0,0,0,0,0,0,0,"- ","- ",38.768199920654297,-121.040771484375,"EL DORADO",UNINCORPORATED,-121.04079437255859,38.768093109130859
91600380,2021,2021-10-19,9246,2021-10-11,1015,017757,,1,1,9,0900,0,2,4,,1,024,"PIONEER TRAIL","US-50 (LINCOLN HWY)",377.00,S,N,D,-,N,,,,,,,,,,Y,3,0,4,2,A,-,03,22350,,N,A,C,A,C,H,-,A,D,0,,,,,Y,,A,07,0,4,0,0,0,0,0,0,0,"- ","- ",38.8597412109375,-120.01071166992188,"EL DORADO",UNINCORPORATED,-120.01216125488281,38.859508514404297
91601285,2021,2021-10-20,9245,2021-10-07,2345,021050,,4,3,9,0900,0,1,2,,2,110,US-50,"BASS LAKE RD",2059.00,W,N,B,-,Y,,,50,,,,,,,Y,4,0,1,1,A,-,01,23152,A,N,E,I,A,B,H,-,C,D,0,,,,,Y,Y,A,01,0,0,1,0,0,0,0,0,0,"- ","- ",38.654411315917969,-121.03714752197266,"EL DORADO",UNINCORPORATED,-121.03711700439453,38.654262542724609
91602214,2021,2021-10-21,9245,2021-10-01,1330,015609,,5,1,9,0900,0,3,5,,2,002,"MIDDLETOWN RD","PANNING WAY",7.00,W,N,A,-,N,,,,,,,,,,Y,4,0,1,1,C,-,18,,,N,E,I,A,A,H,-,A,D,0,,,,,Y,,-,"- ",0,0,1,0,0,0,0,0,0,"- ","- ",38.734081268310547,-120.82277679443359,"EL DORADO",UNINCORPORATED,-120.82273864746094,38.734161376953125
91602252,2021,2021-10-21,9245,2021-10-14,0730,018656,,4,1,9,0900,0,2,4,,1,041,"CEDAR RAVINE RD","RUSTIC ROAD",50.00,E,N,A,-,N,,,,,,,,,,Y,3,0,3,1,A,-,08,22107,,N,E,I,A,A,H,-,A,D,0,,,,,Y,,A,07,0,1,2,0,0,0,0,0,0,"- ","- ",38.689178466796875,-120.75569915771484,"EL DORADO",UNINCORPORATED,-120.75775909423828,38.68914794921875
91602269,2021,2021-10-21,9245,2021-10-14,1856,021379,,4,2,9,0900,0,3,5,,2,003,"DUROCK RD","PRODUCT DR",5.00,E,N,A,-,N,,,,,,,,,,Y,3,0,1,2,A,-,03,22350,,N,C,C,A,A,H,-,D,D,0,,,,,Y,,A,01,0,1,0,0,0,0,0,0,0,"- ","- ",38.657779693603516,-120.95012664794922,"EL DORADO",UNINCORPORATED,-120.95005035400391,38.6578369140625
91602715,2021,2021-10-21,9245,2021-10-16,1435,018601,,6,2,9,0900,0,1,3,,1,115,SR-49,"AARON COOL DR",8448.00,N,N,A,-,Y,,,49,,,,,,,N,2,0,1,1,A,-,03,22350,,N,F,A,A,A,H,-,A,D,0,,,Y,,Y,,C,02,1,0,0,0,0,0,0,0,1,"- ","- ",38.910541534423828,-121.02162170410156,"EL DORADO",UNINCORPORATED,-121.02165222167969,38.910564422607422
91603977,2021,2021-10-22,9245,2021-10-13,1510,019252,,3,2,9,0900,0,1,3,,1,135,SR-49,"DOLOMITE DR",528.00,S,N,A,-,Y,,,49,,,,,,,Y,2,0,1,1,A,-,08,22107,,N,E,I,A,A,H,-,A,D,0,,,,,Y,,A,01,1,0,0,0,0,0,0,0,0,"- ","- ",38.638069152832031,-120.85028839111328,"EL DORADO",UNINCORPORATED,-120.85041809082031,38.638065338134766
91605817,2021,2021-10-25,9245,2021-10-17,1525,018601,,7,2,9,0900,0,1,3,,1,122,"SR-193 E/OF AMERICAN RIVER TRL","AMERICAN RIVER TRL",100.00,E,N,A,-,Y,,,193,,,,R,,,N,4,0,2,2,A,-,08,22107,,N,D,C,A,A,H,-,A,D,0,,,,,Y,,A,08,0,0,2,0,0,0,0,0,0,"- ","- ",38.891151428222656,-121.00044250488281,"EL DORADO",UNINCORPORATED,-121.00044250488281,38.891151428222656
91606592,2021,2021-10-26,9246,2021-10-21,1500,018085,,4,2,9,0900,0,2,4,,1,024,"PIONEER TRAIL","SUSQUEHANA DR.",0.00,,Y,B,-,N,,,,,,,,,,Y,3,0,2,2,A,-,09,21804,A,N,D,C,A,B,H,-,A,D,0,,,,,Y,,A,01,0,2,0,0,0,0,0,0,0,"- ","- ",38.886909484863281,-119.98075866699219,"EL DORADO",UNINCORPORATED,-119.98069763183594,38.886955261230469
91606595,2021,2021-10-26,9245,2021-10-17,1320,018782,,7,1,9,0900,0,3,5,,2,003,"PATTERSON DR",SR-49,205.00,S,N,B,-,N,,,,,,,,,,N,3,0,1,2,A,-,09,21802,A,N,D,C,A,A,H,-,A,D,0,,,Y,,Y,,A,07,0,1,0,0,0,0,0,0,1,"- ","- ",38.819801330566406,-121.02760314941406,"EL DORADO",UNINCORPORATED,-120.83112335205078,38.688472747802734
91606618,2021,2021-10-26,9245,2021-10-17,2040,018782,,7,2,9,0900,0,1,3,,1,135,SR-49,"SIERRA REAL",1000.00,S,N,B,C,Y,,,49,,,,,,,Y,4,0,1,2,A,-,05,21650,,N,B,C,A,B,H,-,D,D,0,,,,,Y,,A,01,0,0,1,0,0,0,0,0,0,"- ","- ",38.651260375976562,-120.85279083251953,"EL DORADO",UNINCORPORATED,-120.85279083251953,38.651260375976562
91606697,2021,2021-10-26,9245,2021-10-19,0510,021050,,2,3,9,0900,0,2,4,,2,012,"EL DORADO HILLS BLVD","SARATOGA WAY",0.00,,Y,B,-,N,,,,,,,,,,Y,3,0,2,2,A,-,09,21453,C,N,A,C,A,A,H,-,C,A,0,,,,,Y,,A,01,0,2,0,0,0,0,0,0,0,"- ","- ",38.656761169433594,-121.07192230224609,"EL DORADO",UNINCORPORATED,-121.07192230224609,38.656719207763672
91606763,2021,2021-10-26,9245,2021-10-20,0715,018656,,3,1,9,0900,0,3,5,,2,003,"CHINA GARDEN RD","MISSOURI FLAT RD",200.00,E,N,B,-,N,,,,,,,,,,N,2,0,1,2,A,-,09,21801,A,N,B,C,A,A,H,-,B,D,0,,,Y,,Y,,A,07,1,0,0,0,0,0,0,0,1,"- ","- ",38.700309753417969,-120.82193756103516,"EL DORADO",UNINCORPORATED,-120.822021484375,38.700340270996094
91606863,2021,2021-10-26,9245,2021-10-20,1240,018656,,3,1,9,0900,0,3,5,,2,003,"DIVIDEND DR","BUSINESS DR",100.00,E,N,B,-,N,,,,,,,,,,N,2,0,1,3,A,-,13,22515,A,N,G,B,E,A,H,-,A,D,0,Y,,,,Y,,A,01,1,0,0,0,1,0,0,0,0,"- ","- ",38.650501251220703,-120.949951171875,"EL DORADO",UNINCORPORATED,-120.95471954345703,38.648265838623047
91606891,2021,2021-10-26,9245,2021-10-20,1725,018782,,3,2,9,0900,0,3,5,,2,004,"GRIZZLY FLAT RD","EVERGREEN ROAD",0.00,,Y,B,-,N,,,,,,,,,,N,4,0,1,1,A,-,08,22107,,N,E,I,A,A,H,-,A,D,0,,,,,Y,,A,01,0,0,1,0,0,0,0,0,0,"- ","- ",38.632701873779297,-120.53559112548828,"EL DORADO",UNINCORPORATED,-120.53546142578125,38.632698059082031
91606915,2021,2021-10-26,9245,2021-10-21,0250,016328,,4,3,9,0900,0,1,2,,2,140,"US 50 W/B","SLY PARK RD",1000.00,W,N,C,-,Y,,,,,,,,,,Y,4,0,1,1,A,-,03,22350,,N,E,I,A,B,H,-,D,D,0,,,,,Y,,A,01,0,0,1,0,0,0,0,0,0,"- ","- ",38.756828308105469,-120.5906982421875,"EL DORADO",UNINCORPORATED,-120.57906341552734,38.761310577392578
91608946,2021,2021-10-28,9245,2021-10-24,1405,018394,,7,2,9,0900,0,1,2,,2,110,"US-50 W/B","BASS LAKE RD",1584.00,E,N,C,-,Y,,,,,,,,,,Y,4,0,1,1,A,-,03,22350,,N,E,I,A,B,H,-,A,D,0,,,,,Y,,A,01,0,0,1,0,0,0,0,0,0,"- ","- ",38.819801330566406,-121.02760314941406,"EL DORADO",UNINCORPORATED,-121.02980041503906,38.655590057373047
91610755,2021,2021-10-29,9245,2021-08-15,1528,018756,,7,2,9,0900,0,1,2,,2,110,US-50,"SILVA VALLEY ROAD",2800.00,E,N,A,-,Y,,,50,,,,,,,N,1,1,0,1,A,-,08,22107,,N,E,I,A,A,H,-,A,A,0,,,,,Y,,A,01,0,0,0,0,0,0,0,0,0,"- ","- ",38.656280517578125,-121.04498291015625,"EL DORADO",UNINCORPORATED,-121.04468536376953,38.656650543212891
91610949,2021,2021-10-29,9245,2021-10-22,0620,018756,,5,1,9,0900,0,1,2,,2,110,US-50,"CAMBRIDGE ROAD",1584.00,W,N,C,-,Y,,,50,,,,,,,Y,4,0,1,1,A,-,03,22350,,N,E,I,A,B,H,-,A,A,0,,,,,Y,,A,01,0,0,1,0,0,0,0,0,0,"- ","- ",38.655101776123047,-121.01735687255859,"EL DORADO",UNINCORPORATED,-121.01735687255859,38.655048370361328
91611071,2021,2021-10-29,9245,2021-10-22,0750,015563,,5,1,9,0900,0,1,2,,2,110,"US-50 W/B","BASS LAKE RD",445.00,W,N,C,-,Y,,,50,,,,,,W,Y,4,0,1,2,A,-,03,22350,,N,B,2,A,B,H,-,B,D,0,,,,,Y,,D,22,0,0,1,0,0,0,0,0,0,"- ","- ",38.655441284179688,-121.03131103515625,"EL DORADO",UNINCORPORATED,-121.03131103515625,38.655464172363281
91612415,2021,2021-11-01,9245,2021-10-22,1915,019252,,5,2,9,0900,0,2,4,,1,032,"SOUTH SHINGLE ROAD","LAKEVIEW DRIVE",0.00,,Y,B,-,N,,,,,,,,,,Y,2,0,2,2,A,-,09,21802,A,N,D,C,A,A,H,-,D,A,0,,,,,Y,,A,01,1,0,1,0,0,0,0,0,0,"- ","- ",38.656330108642578,-120.93730163574219,"EL DORADO",UNINCORPORATED,-120.93724060058594,38.656341552734375
91612514,2021,2021-11-01,9245,2021-10-22,2300,016328,,5,3,9,0900,0,2,4,,1,043,"SLY PARK RD","ROLAND CT",200.00,S,N,A,-,N,,,,,,,,,,Y,2,0,1,3,A,-,08,22107,,M,C,E,A,B,H,-,D,A,0,,,,,Y,,A,01,1,0,0,0,0,0,0,0,0,"- ","- ",38.757659912109375,-120.57200622558594,"EL DORADO",UNINCORPORATED,-120.57431030273438,38.756832122802734
91613734,2021,2021-11-02,9245,2021-09-05,0159,019793,,7,3,9,0900,0,1,2,,2,120,"US-50 W/B TO EL DORADO ROAD","EL DORADO ROAD",10.00,W,N,A,-,Y,,,50,,,,R,,W,Y,1,1,0,1,A,-,01,23152,A,N,E,I,A,A,H,-,D,D,0,,,,,Y,Y,D,22,0,0,0,0,0,0,0,0,0,"- ","- ",38.705280303955078,-120.85678863525391,"EL DORADO",UNINCORPORATED,-120.85678863525391,38.705280303955078
91615336,2021,2021-11-03,9245,2021-10-27,1710,017364,,3,2,9,0900,0,2,4,,1,041,"PLEASANT VALLEY RD","TOYAN DR",0.00,,Y,B,-,N,,,,,,,,,,Y,3,0,2,2,A,-,09,21801,A,N,D,C,A,A,H,-,A,D,0,,,,,Y,,A,01,0,2,0,0,0,0,0,0,0,"- ","- ",38.695030212402344,-120.81154632568359,"EL DORADO",UNINCORPORATED,-120.81144714355469,38.695022583007812
91616109,2021,2021-11-04,9245,2021-10-31,2005,018601,,7,2,9,0900,0,2,4,,1,021,"MARSHALL RD","PROSPECTORS RD",528.00,N,N,A,-,N,,,,,,,,,,Y,3,0,1,1,A,-,03,22350,,N,E,I,A,A,H,-,D,D,0,,,,,Y,Y,A,01,0,1,0,0,0,0,0,0,0,"- ","- ",38.841869354248047,-120.88282775878906,"EL DORADO",UNINCORPORATED,-120.90069580078125,38.816181182861328
91616402,2021,2022-01-04,9245,2021-10-29,1638,021379,,5,2,9,0900,0,3,5,,2,003,"DUROCK RD","PIN LN",1.00,E,N,A,-,N,,,,,,,,,,Y,1,1,0,3,A,-,09,21801,A,N,D,C,A,A,H,-,A,D,0,,,Y,,Y,,D,22,0,0,0,0,0,0,0,1,0,"- ","- ",38.657421112060547,-120.95242309570312,"EL DORADO",UNINCORPORATED,-120.95243835449219,38.657421112060547
91617505,2021,2021-11-05,9245,2021-10-28,1325,018799,,4,1,9,0900,0,1,2,,2,110,"US-50 W/B","SILVA VALLEY PKY",250.00,W,N,A,-,Y,,,50,,,,,,W,N,3,0,1,1,A,-,08,22107,,N,E,I,A,A,H,-,A,D,0,,,,,Y,,A,01,0,1,0,0,0,0,0,0,0,"- ","- ",38.657928466796875,-121.05584716796875,"EL DORADO",UNINCORPORATED,-121.05583953857422,38.657894134521484
91617595,2021,2021-11-05,9245,2021-10-30,2200,021050,,6,3,9,0900,0,3,5,,2,001,"GREENSTONE RD","BEARS DEN ROAD",100.00,S,N,B,-,N,,,,,,,,,,Y,3,0,1,1,A,-,01,23152,A,N,E,I,A,A,H,-,D,D,0,,,,,Y,Y,D,22,0,1,0,0,0,0,0,0,0,"- ","- ",38.702011108398438,-120.88677978515625,"EL DORADO",UNINCORPORATED,-120.88677215576172,38.702037811279297
91617701,2021,2021-11-05,9245,2021-11-02,0001,016328,,2,3,9,0900,0,2,4,,2,031,"LATROBE RD","ROYAL OAKS DR",0.00,,Y,B,-,N,,,,,,,,,,Y,3,0,1,1,A,-,01,23152,A,N,E,J,A,B,H,-,D,A,0,,,,,Y,Y,A,07,0,1,0,0,0,0,0,0,0,"- ","- ",38.614261627197266,-121.04566192626953,"EL DORADO",UNINCORPORATED,-121.04544830322266,38.614120483398438
91618695,2021,2021-11-08,9246,2021-10-31,0635,017834,,7,1,9,0900,0,1,2,,1,020,"US-50 (LINCOLN HWY)","PYRAMID CREEK RD.",158.00,E,N,A,-,Y,,,50,,,,,,,Y,4,0,1,1,A,-,01,23152,A,N,E,I,A,A,H,-,B,D,0,,,,,Y,Y,A,01,0,0,1,0,0,0,0,0,0,"- ","- ",38.808349609375,-120.12194061279297,"EL DORADO",UNINCORPORATED,-120.12195587158203,38.808372497558594
91618744,2021,2021-11-08,9245,2021-10-29,2125,019193,,5,2,9,0900,0,2,S,,2,005,"ALDER DR","CANYON RD",360.00,N,N,A,-,N,,,,,,,,,,Y,3,0,2,4,A,-,01,23152,A,N,G,C,E,A,H,-,D,D,0,Y,,,,Y,Y,-,"- ",0,2,0,0,1,0,0,0,0,"- ","- ",38.746780395507812,-120.63082885742188,"EL DORADO",UNINCORPORATED,-120.630832,38.746381
91619191,2021,2021-11-08,9245,2021-10-31,1955,019252,,7,2,9,0900,0,3,5,,2,004,"PATTERSON DR","SUNLIGHT DRIVE",147.00,N,N,A,-,N,,,,,,,,,,N,2,0,1,2,A,-,08,22107,,F,G,B,E,A,H,-,C,D,0,Y,,,,Y,Y,A,01,1,0,0,0,1,0,0,0,0,"- ","- ",38.678558349609375,-120.82347106933594,"EL DORADO",UNINCORPORATED,-120.82341003417969,38.678558349609375
91620810,2021,2021-11-09,9245,2021-11-03,1005,017728,,3,1,9,0900,0,1,2,,2,140,"US  5O W/B","PARKWAY DR",200.00,W,N,A,-,Y,,,,,,,,,,N,4,0,1,1,A,-,08,22107,,N,B,I,A,A,H,-,A,D,0,,,,,Y,,D,22,0,0,1,0,0,0,0,0,0,"- ","- ",38.735401153564453,-120.74410247802734,"EL DORADO",UNINCORPORATED,,
91621708,2021,2021-11-10,9245,2021-11-03,2157,019193,,3,2,9,0900,0,1,2,,2,110,"US-50 W/B","DEER CREEK",976.00,E,N,A,-,Y,,,50,,,,,,W,Y,2,0,2,1,A,-,08,22107,,N,E,I,A,A,H,-,D,D,0,,,,,Y,,D,22,2,0,0,0,0,0,0,0,0,"- ","- ",38.657440185546875,-120.98813629150391,"EL DORADO",UNINCORPORATED,-120.98815155029297,38.657344818115234
91621761,2021,2021-11-10,9245,2021-11-05,0940,018656,,5,1,9,0900,0,1,3,,1,115,SR-49,"RATTLESNAKE BAR RD",150.00,S,N,A,-,Y,,,,,,,,,,Y,4,0,1,1,A,-,03,22350,,N,E,I,A,A,H,-,A,D,0,,,,,Y,,A,07,0,0,1,0,0,0,0,0,0,"- ","- ",38.838619232177734,-120.01537322998047,"EL DORADO",UNINCORPORATED,-121.01519775390625,38.840518951416016
91621775,2021,2021-11-10,9245,2021-11-05,1915,019252,,5,2,9,0900,0,2,S,,2,005,"UNION RIDGE RD","MIRACLE MOUNTAIN DRIVE",755.00,E,N,B,-,N,,,,,,,,,,Y,3,0,1,2,A,-,01,23152,A,N,C,C,A,A,H,-,D,D,0,,,,,Y,Y,A,01,0,1,0,0,0,0,0,0,0,"- ","- ",38.746498107910156,-120.75035095214844,"EL DORADO",UNINCORPORATED,-120.75041198730469,38.746501922607422
91621799,2021,2021-11-10,9245,2021-11-05,2135,018601,,5,2,9,0900,0,2,4,,1,043,"SLY PARK RD","POINT VIEW DR.",200.00,S,N,A,-,N,,,,,,,,,,Y,3,0,1,1,A,-,01,23152,A,N,E,I,A,A,H,-,D,D,0,,,,,Y,Y,A,01,0,1,0,0,0,0,0,0,0,"- ","- ",38.684799194335938,-120.65390014648438,"EL DORADO",UNINCORPORATED,-120.65308380126953,38.684623718261719
91621885,2021,2021-11-10,9245,2021-11-06,0006,017364,,6,3,9,0900,0,1,3,,1,115,"STATE HIGHWAY 49","QUARRY TRAIL",3168.00,S,N,B,-,N,,,49,,,,,,,Y,3,0,1,1,A,-,03,22350,,N,F,A,A,A,H,-,D,D,0,,,,,Y,,A,07,0,1,0,0,0,0,0,0,0,"- ","- ",38.909320831298828,-121.02742767333984,"EL DORADO",UNINCORPORATED,-121.02750396728516,38.909420013427734
91623297,2021,2021-11-12,9245,2021-11-04,0240,016328,,4,3,9,0900,0,1,2,,2,140,"US 50 E/B","POINT VIEW DR",1000.00,E,N,B,-,Y,,,,,,,,,,Y,4,0,1,1,A,-,08,22107,,N,E,J,A,A,H,-,D,D,0,,,,,Y,,A,01,0,0,1,0,0,0,0,0,0,"- ","- ",38.731540679931641,-120.74677276611328,"EL DORADO",UNINCORPORATED,-120.75723266601562,38.732070922851562
91623454,2021,2021-11-12,9245,2021-11-07,0650,018656,,7,1,9,0900,0,2,4,,1,021,"MARSHALL RD","WIDOW MAKER RD",1510.00,W,N,A,-,N,,,,,,,,,,N,3,0,1,1,A,-,08,22107,,N,E,I,A,A,H,-,B,D,0,,,,,Y,,D,22,0,1,0,0,0,0,0,0,0,"- ","- ",38.837409973144531,-120.88979339599609,"EL DORADO",UNINCORPORATED,-120.88942718505859,38.837825775146484
91623457,2021,2021-11-12,9245,2021-11-09,0820,017320,,2,1,9,0900,0,1,2,,2,120,"EB US-50 SHINGLE SPRINGS ONRAMP","SHINGLE SPRINGS RD",455.00,E,N,B,C,Y,,,50,,,,,,,Y,3,0,1,1,A,-,03,22350,,N,E,I,A,B,H,-,A,D,0,,,,,Y,,A,01,0,1,0,0,0,0,0,0,0,"- ","- ",38.680759429931641,-120.91390228271484,"EL DORADO",UNINCORPORATED,-120.91409301757812,38.680957794189453
91625000,2021,2021-11-15,9245,2021-11-09,1705,018756,,2,2,9,0900,0,2,4,,1,037,"FORNI ROAD","MISSOURI FLAT RD",6.00,W,N,B,-,N,,,,,,,,,,N,4,0,1,2,A,-,08,22107,,M,A,D,A,B,H,-,B,A,0,,,,,Y,,A,07,0,0,1,0,0,0,0,0,0,"- ","- ",38.706268310546875,-120.83094024658203,"EL DORADO",UNINCORPORATED,-120.83076477050781,38.706417083740234
91630377,2021,2021-11-19,9245,2021-11-11,1100,018656,,4,1,9,0900,0,2,4,,1,025,"PONY EXPRESS TRL","BLAIR RD",200.00,W,N,A,-,N,,,,,,,,,,N,4,0,1,2,A,-,08,22107,,N,B,G,A,A,H,-,A,D,0,,Y,,,Y,,L,04,0,0,1,0,0,0,1,0,0,"- ","- ",38.752639770507812,-120.60598754882812,"EL DORADO",UNINCORPORATED,-120.60549163818359,38.752834320068359
91630417,2021,2021-11-19,9245,2021-11-11,1640,018782,,4,2,9,0900,0,1,2,,2,120,US-50,"EL DORADO ROAD",1000.00,W,N,A,-,Y,,,50,,,,,,,Y,4,0,1,2,A,-,03,22350,,N,C,C,A,A,H,-,B,D,0,,,,,Y,,A,01,0,0,1,0,0,0,0,0,0,"- ","- ",38.7010498046875,-120.86531066894531,"EL DORADO",UNINCORPORATED,-120.86547088623047,38.701507568359375
91631940,2021,2021-11-22,9245,2021-11-15,1407,017897,,1,2,9,0900,0,2,4,,2,031,"LATROBE RD","CLUBVIEW DR",30.00,S,N,A,-,N,,,,,,,,,,Y,4,0,1,2,A,-,03,22350,,N,C,C,A,A,H,-,A,A,0,,,,,Y,,D,22,0,0,1,0,0,0,0,0,0,"- ","- ",38.627681732177734,-121.05854797363281,"EL DORADO",UNINCORPORATED,-121.05841827392578,38.627628326416016
91632301,2021,2021-11-22,9245,2021-11-21,1120,017728,,7,1,9,0900,0,1,3,,1,122,SR-193,SR-49,1584.00,N,N,A,-,Y,,,193,,,,,,,N,4,0,1,1,A,-,03,22350,,N,E,I,A,A,H,-,A,D,0,,,,,Y,,A,01,0,0,1,0,0,0,0,0,0,"- ","- ",38.754199981689453,-120.81919860839844,"EL DORADO",UNINCORPORATED,-120.81863403320312,38.754302978515625
91635618,2021,2021-11-26,9246,2021-11-15,2125,017757,,1,2,9,0900,0,3,5,,2,200,"TOMAHAWK LANE","MOJAVE ST.",187.00,E,N,A,-,N,,,,,,,,,,Y,3,0,1,2,A,-,01,23152,A,M,C,E,A,A,H,-,C,D,0,,,,,Y,Y,A,01,0,1,0,0,0,0,0,0,0,"- ","- ",38.860191345214844,-120.01605987548828,"EL DORADO",UNINCORPORATED,-120.01604461669922,38.860164642333984
91636674,2021,2021-11-29,9246,2021-11-24,1735,017612,,3,2,9,0900,0,1,2,,1,022,"US HIGHWAY 50","APACHE AVENUE",0.00,,Y,A,-,Y,,,50,,,,,,,Y,4,0,1,2,A,-,09,21802,A,N,D,C,A,A,H,-,D,A,0,,,,,Y,,D,22,0,0,1,0,0,0,0,0,0,"- ","- ",38.856861114501953,-120.01251220703125,"EL DORADO",UNINCORPORATED,-120.01255035400391,38.856884002685547
91636696,2021,2021-11-29,9246,2021-11-24,1713,018085,,3,2,9,0900,0,1,2,,1,020,US-50,"MT. RALSTON",33.00,W,N,A,-,Y,,,50,,,,,,,Y,3,0,1,1,A,-,08,22107,,N,E,I,A,A,H,-,D,D,0,,,,,Y,,A,01,0,1,0,0,0,0,0,0,0,"- ","- ",38.805438995361328,-120.10780334472656,"EL DORADO",UNINCORPORATED,-120.10778045654297,38.8052978515625
91636714,2021,2021-11-29,9245,2021-11-15,1250,017897,,1,1,9,0900,0,2,4,,2,031,"GOLDEN FOOTHILL PARKWAY","LATROBE RD",0.00,,Y,A,-,N,,,,,,,,,,Y,2,0,3,2,A,-,12,21453,A,N,D,C,A,A,H,-,A,A,0,,,,,Y,,A,07,1,2,0,0,0,0,0,0,0,"- ","- ",38.720920562744141,-120.830810546875,"EL DORADO",UNINCORPORATED,-121.06561279296875,38.641319274902344
91638327,2021,2021-11-30,9245,2021-11-20,1550,021379,,6,2,9,0900,0,2,4,,1,024,"CARSON RD","BARKLEY RD",1000.00,W,N,A,-,N,,,,,,,,,,N,4,0,2,2,A,-,09,21801,A,N,D,C,A,A,H,-,B,D,0,,,,,Y,,A,01,0,0,2,0,0,0,0,0,0,"- ","- ",38.740909576416016,-120.69759368896484,"EL DORADO",UNINCORPORATED,-120.69667816162109,38.739978790283203
91638366,2021,2021-11-30,9245,2021-11-22,0235,019793,,1,3,9,0900,0,1,2,,2,120,"W/B US-50 FROM PLACERVILLE DRIVE","PLACERIVILLE DRIVE",775.00,W,N,A,-,Y,,,50,,,,R,,,Y,3,0,1,1,A,-,01,23152,A,N,F,A,A,A,H,-,D,D,0,,,Y,,Y,Y,C,02,0,1,0,0,0,0,0,0,1,"- ","- ",38.720710754394531,-120.83492279052734,"EL DORADO",UNINCORPORATED,-120.83492279052734,38.720710754394531
91638391,2021,2021-11-30,9245,2021-11-27,1900,017040,,6,2,9,0900,0,2,4,,1,037,"MISSOURI FLAT ROAD","INDUSTRIAL DR.",0.00,,Y,A,-,N,,,,,,,,,,Y,4,0,2,2,A,-,12,21453,A,N,D,C,A,A,H,-,D,A,0,,,,,Y,,A,01,0,0,2,0,0,0,0,0,0,"- ","- ",38.698570251464844,-120.82309722900391,"EL DORADO",UNINCORPORATED,-120.82301330566406,38.698642730712891
91638686,2021,2021-11-30,9245,2021-11-23,0132,019793,,2,3,9,0900,0,1,2,,2,110,"US-50 W/B TO EL DORADO HILLS BLVD.","EL DORADO HILLS BLVD.",177.00,W,N,A,-,Y,,,,,,,,,,Y,3,0,1,3,A,-,01,23152,A,N,E,8,A,A,H,-,C,D,0,,,,,Y,Y,A,07,0,1,0,0,0,0,0,0,0,"- ","- ",38.652938842773438,-120.07167053222656,"EL DORADO",UNINCORPORATED,-121.07177734375,38.652618408203125