CASE_ID,ACCIDENT_YEAR,PROC_DATE,JURIS,COLLISION_DATE,COLLISION_TIME,OFFICER_ID,REPORTING_DISTRICT,DAY_OF_WEEK,CHP_SHIFT,POPULATION,CNTY_CITY_LOC,SPECIAL_COND,BEAT_TYPE,CHP_BEAT_TYPE,CITY_DIVISION_LAPD,CHP_BEAT_CLASS,BEAT_NUMBER,PRIMARY_RD,SECONDARY_RD,DISTANCE,DIRECTION,INTERSECTION,WEATHER_1,WEATHER_2,STATE_HWY_IND,CALTRANS_COUNTY,CALTRANS_DISTRICT,STATE_ROUTE,ROUTE_SUFFIX,POSTMILE_PREFIX,POSTMILE,LOCATION_TYPE,RAMP_INTERSECTION,SIDE_OF_HWY,TOW_AWAY,COLLISION_SEVERITY,NUMBER_KILLED,NUMBER_INJURED,PARTY_COUNT,PRIMARY_COLL_FACTOR,PCF_CODE_OF_VIOL,PCF_VIOL_CATEGORY,PCF_VIOLATION,PCF_VIOL_SUBSECTION,HIT_AND_RUN,TYPE_OF_COLLISION,MVIW,PED_ACTION,ROAD_SURFACE,ROAD_COND_1,ROAD_COND_2,LIGHTING,CONTROL_DEVICE,CHP_ROAD_TYPE,PEDESTRIAN_ACCIDENT,BICYCLE_ACCIDENT,MOTORCYCLE_ACCIDENT,TRUCK_ACCIDENT,NOT_PRIVATE_PROPERTY,ALCOHOL_INVOLVED,STWD_VEHTYPE_AT_FAULT,CHP_VEHTYPE_AT_FAULT,COUNT_SEVERE_INJ,COUNT_VISIBLE_INJ,COUNT_COMPLAINT_PAIN,COUNT_PED_KILLED,COUNT_PED_INJURED,COUNT_BICYCLIST_KILLED,COUNT_BICYCLIST_INJURED,COUNT_MC_KILLED,COUNT_MC_INJURED,PRIMARY_RAMP,SECONDARY_RAMP,LATITUDE,LONGITUDE,COUNTY,CITY,POINT_X,POINT_Y
91914160,2022,2022-11-09,9245,2022-10-31,1525,021520,,1,2,9,0900,0,2,4,,1,037,"SR-49 S/B","MISSOURI FLAT RD",500.00,N,N,B,-,N,,,,,,,,,,Y,4,0,1,2,A,-,03,22350,,N,C,C,A,A,H,-,A,D,0,,,,,Y,,A,01,0,0,1,0,0,0,0,0,0,"- ","- ",38.693359375,-120.82169342041016,"EL DORADO",UNINCORPORATED,-120.82168579101562,38.693336486816406
91914214,2022,2022-11-09,9245,2022-11-02,0920,018394,,3,1,9,0900,0,2,4,,1,041,"PLEASANT VALLEY RD","HOLM RD",1056.00,W,N,B,C,N,,,,,,,,,,N,4,0,1,1,A,-,03,22350,,N,E,I,A,B,H,-,A,D,0,,,,,Y,,A,01,0,0,1,0,0,0,0,0,0,"- ","- ",38.688770294189453,-120.72564697265625,"EL DORADO",UNINCORPORATED,-120.72551727294922,38.689201354980469
91915056,2022,2022-11-10,9245,2022-11-02,0550,017752,,3,3,9,0900,0,1,3,,1,135,SR-49,"MICA STREET",1170.00,S,N,B,C,Y,ED,,49,,,3.667,H,,R,N,4,0,1,1,A,-,03,22350,,N,E,I,A,B,H,-,D,D,0,,,,,Y,,A,07,0,0,1,0,0,0,0,0,0,"- ","- ",38.600368499755859,-120.85077667236328,"EL DORADO",UNINCORPORATED,-120.85078430175781,38.600357055664062
91916082,2022,2022-11-14,9246,2022-11-06,1805,019119,,7,2,9,0900,0,1,2,,1,021,"US-50 (LINCOLN HWY)","OLD MEYERS GRADE",1503.00,E,N,C,-,Y,ED,,50,,,68.598,H,,R,N,4,0,2,1,C,-,18,,,N,E,I,A,B,H,-,D,D,0,,,,,Y,,-,"- ",0,0,2,0,0,0,0,0,0,"- ","- ",38.835849761962891,-120.03502655029297,"EL DORADO",UNINCORPORATED,-120.03502655029297,38.835853576660156
91917072,2022,2022-11-14,9245,2022-10-30,1520,022185,,7,2,9,0900,0,3,5,,2,002,"ROCK CREEK RD","GRAVEL RD",634.00,N,N,A,-,N,,,,,,,,,,N,2,0,2,1,A,-,03,22350,,N,E,J,A,A,C,-,A,D,0,,,Y,,Y,,C,02,1,0,1,0,0,0,0,0,2,"- ","- ",38.792728424072266,-120.7513427734375,"EL DORADO",UNINCORPORATED,-120.75138092041016,38.792488098144531
91917085,2022,2022-11-14,9245,2022-10-31,0708,017897,,1,1,9,0900,0,2,4,,1,013,"NORTH SHINGLE RD","RURAL LN",55.00,S,N,A,-,N,,,,,,,,,,Y,2,0,2,2,A,-,03,22350,,N,E,J,A,A,C,-,B,D,0,,,,,Y,,A,01,1,1,0,0,0,0,0,0,0,"- ","- ",38.709148406982422,-120.93607330322266,"EL DORADO",UNINCORPORATED,-120.93588256835938,38.709075927734375
91917192,2022,2022-11-14,9245,2022-11-01,1110,017752,,2,1,9,0900,0,1,2,,2,120,US-50,"REDHAWK PARKWAY",4066.00,E,N,B,-,Y,ED,,50,,R,12.055,H,,R,Y,2,0,1,2,A,-,03,22350,,N,C,C,A,A,H,-,A,D,0,,,Y,,Y,,-,"- ",1,0,0,0,0,0,0,0,1,"- ","- ",38.695629119873047,-120.89047241210938,"EL DORADO",UNINCORPORATED,-120.89043426513672,38.695487976074219
91917279,2022,2022-11-14,9245,2022-11-01,1755,021520,,2,2,9,0900,0,1,3,,1,135,"SR-49 N/B","FINCH RD",250.00,S,N,C,-,Y,ED,,49,,,12.554,H,,R,Y,4,0,1,1,A,-,03,22350,,N,F,I,A,B,H,-,B,D,0,,,,,Y,,D,22,0,0,1,0,0,0,0,0,0,"- ","- ",38.704990386962891,-120.81259918212891,"EL DORADO",UNINCORPORATED,-120.81265258789062,38.704998016357422
91917286,2022,2022-11-14,9245,2022-11-03,0530,021379,,4,3,9,0900,0,1,2,,2,140,"US-50 E/B","SNOWS RD",100.00,E,N,C,-,Y,ED,,50,,,25.340,H,,R,N,4,0,1,1,A,-,03,22350,,N,E,I,A,C,H,-,D,D,0,,,,,Y,,D,22,0,0,1,0,0,0,0,0,0,"- ","- ",38.734428405761719,-120.67466735839844,"EL DORADO",UNINCORPORATED,-120.67466735839844,38.734466552734375
91917385,2022,2022-11-14,9245,2022-11-04,1825,018756,,5,2,9,0900,0,1,2,,2,110,"US-50 W/B","EL DORADO HILLS",90.00,W,N,A,-,Y,ED,,50,,,0.830,H,,L,N,3,0,2,2,A,-,03,22350,,N,C,C,A,A,H,-,C,A,0,,,,,Y,,A,01,0,1,1,0,0,0,0,0,0,"- ","- ",38.652690887451172,-121.07135772705078,"EL DORADO",UNINCORPORATED,-121.07139587402344,38.652748107910156
91918594,2022,2022-11-15,9245,2022-11-01,1130,017897,,2,1,9,0900,0,3,5,,2,004,"WINDING WAY","PARKSIDE DR",300.00,W,N,B,-,N,,,,,,,,,,Y,4,0,1,1,A,-,03,22350,,N,F,A,A,A,H,-,A,D,0,,,,Y,Y,,G,25,0,0,1,0,0,0,0,0,0,"- ","- ",38.639900207519531,-120.51846313476562,"EL DORADO",UNINCORPORATED,-120.52333068847656,38.640701293945312
91918600,2022,2022-11-15,9245,2022-11-05,1530,021520,,6,2,9,0900,0,2,4,,1,041,"PLEASANT VALLEY RD","HANKS EXCHANGE RD",500.00,W,N,C,-,N,,,,,,,,,,Y,2,0,2,2,A,-,05,21460,A,N,A,D,A,B,H,-,A,D,0,,,,,Y,,A,07,1,1,0,0,0,0,0,0,0,"- ","- ",38.675708770751953,-120.75406646728516,"EL DORADO",UNINCORPORATED,-120.75396728515625,38.67572021484375
9191883,2020,2020-12-18,0901,2020-10-19,1616,339,0901,1,5,2,0901,0,0,0,,0,PP2,"COUNTRY CLUB DR","COVEY DR",439.00,S,N,A,-,N,,,,,,,,,,Y,3,0,1,1,A,-,01,23152,A,N,E,I,A,A,H,-,A,D,0,,,,,Y,Y,I,12,0,1,0,0,0,0,0,0,0,"- ","- ",,,"EL DORADO",PLACERVILLE,-120.77262115478516,38.718776702880859
91919118,2022,2022-11-16,9245,2022-11-07,1525,018756,,1,2,9,0900,0,1,2,,2,120,"US-50 W/B","PLACERVILLE DRIVE",0.00,,Y,B,-,Y,ED,,50,,,17.005,H,,L,N,4,0,3,2,A,-,03,22350,,N,C,C,A,A,H,-,A,A,0,,,,,Y,,D,22,0,0,3,0,0,0,0,0,0,"- ","- ",38.730609893798828,-120.816650390625,"EL DORADO",UNINCORPORATED,-120.81668853759766,38.730377197265625
91919163,2022,2022-11-16,9245,2022-11-01,1315,015563,,2,1,9,0900,0,1,3,,1,115,SR-49,"QUARRY TRAIL",2640.00,S,N,B,C,Y,ED,,49,,,37.193,H,,R,Y,3,0,1,1,A,-,08,22107,,N,E,I,A,B,H,-,A,D,0,,,,,Y,,D,22,0,1,0,0,0,0,0,0,0,"- ","- ",38.909778594970703,-121.02742004394531,"EL DORADO",UNINCORPORATED,-121.02750396728516,38.909755706787109
91921846,2022,2022-11-18,9245,2022-11-07,0650,015563,,1,1,9,0900,0,2,4,,1,014,"COLD SPRINGS ROAD","SKY VIEW LANE",30.00,S,N,B,-,N,,,,,,,,,,Y,4,0,2,2,A,-,08,22107,,N,A,C,A,B,H,-,A,D,0,,,,,Y,,A,01,0,0,2,0,0,0,0,0,0,"- ","- ",38.747608184814453,-120.87159729003906,"EL DORADO",UNINCORPORATED,-120.87157440185547,38.747650146484375
91921850,2022,2022-11-18,9245,2022-11-07,2136,021379,,1,2,9,0900,0,1,2,,2,110,"US-50 W/B","CAMBRIDGE RD",2112.00,E,N,A,-,Y,ED,,50,,,5.469,H,,L,Y,4,0,1,3,A,-,03,22350,,N,G,2,E,B,H,-,D,D,0,Y,,,,Y,,A,01,0,0,1,0,0,0,0,0,0,"- ","- ",38.657440185546875,-120.98908233642578,"EL DORADO",UNINCORPORATED,-120.98908233642578,38.657444000244141
91921877,2022,2022-11-18,9245,2022-11-09,1245,017728,,3,1,9,0900,0,2,S,,2,005,"NORTH CANYON RD","ALPENCRESS LANE",100.00,S,N,B,-,N,,,,,,,,,,N,3,0,1,1,A,-,01,23152,A,N,A,I,A,B,H,-,A,D,0,,,,,Y,Y,A,01,0,1,0,0,0,0,0,0,0,"- ","- ",38.762950897216797,-120.70745849609375,"EL DORADO",UNINCORPORATED,-120.70816802978516,38.762687683105469
91921889,2022,2022-11-18,9245,2022-11-12,1755,017364,,6,2,9,0900,0,1,3,,1,122,"GEORGETOWN RD","LONGVIEW RD",200.00,E,N,C,-,Y,ED,,193,,,9.816,H,,R,Y,3,0,2,1,A,-,03,22350,,N,F,I,A,B,H,-,D,D,0,,,,,Y,,-,"- ",0,2,0,0,0,0,0,0,0,"- ","- ",38.894371032714844,-120.87641143798828,"EL DORADO",UNINCORPORATED,-120.87641906738281,38.894443511962891
91921901,2022,2022-11-18,9245,2022-11-10,1429,018756,,4,2,9,0900,0,2,4,,2,012,"EL DORADO HILLS BLVD","ST ANDREWS DRIVE",13.00,S,N,B,-,N,,,,,,,,,,N,2,0,1,2,A,-,11,21950,B,N,G,B,B,A,H,-,A,A,0,Y,,,,Y,,N,60,1,0,0,0,1,0,0,0,0,"- ","- ",38.686470031738281,-121.07972717285156,"EL DORADO",UNINCORPORATED,-121.07978820800781,38.686531066894531
91921904,2022,2022-11-18,9245,2022-11-10,1649,018756,,4,2,9,0900,0,1,2,,2,110,"US-50 W/B","EL DORADO HILLS BOULEVARD",150.00,W,N,A,-,Y,ED,,50,,,0.515,H,,L,N,4,0,1,2,A,-,03,22350,,N,C,C,A,A,H,-,A,A,0,,,,,Y,,A,08,0,0,1,0,0,0,0,0,0,"- ","- ",38.651008605957031,-121.0767822265625,"EL DORADO",UNINCORPORATED,-121.07676696777344,38.650985717773438
91921906,2022,2022-11-18,9245,2022-11-11,1645,017364,,5,2,9,0900,0,1,2,,2,120,"US50 WB","EL DORADO RD",2112.00,W,N,B,-,Y,ED,,50,,R,13.523,H,,L,Y,3,0,1,2,A,-,03,22350,,N,C,C,A,A,H,-,B,D,0,,,,,Y,Y,-,"- ",0,1,0,0,0,0,0,0,0,"- ","- ",38.702018737792969,-120.86485290527344,"EL DORADO",UNINCORPORATED,-120.86485290527344,38.702018737792969
91921908,2022,2022-11-18,9245,2022-11-10,1750,018782,,4,2,9,0900,0,3,5,,2,003,"POST STREET","TOWN CENTER BOLEVARD",200.00,S,N,A,-,N,,,,,,,,,,Y,4,0,1,2,A,-,09,21804,A,N,D,C,A,A,H,-,C,D,0,,,,,Y,,A,01,0,0,1,0,0,0,0,0,0,"- ","- ",38.649349212646484,-121.06714630126953,"EL DORADO",UNINCORPORATED,-121.06713104248047,38.649833679199219
91921911,2022,2022-11-18,9245,2022-11-11,0659,017897,,5,1,9,0900,0,1,2,,2,140,US-50,"STILL MEADOW RD",864.00,W,N,A,-,Y,ED,,50,,,21.838,H,,R,Y,3,0,2,1,A,-,08,22107,,N,D,I,A,A,H,-,B,D,0,,,,,Y,,A,01,0,2,0,0,0,0,0,0,0,"- ","- ",38.738338470458984,-120.73618316650391,"EL DORADO",UNINCORPORATED,-120.73616027832031,38.738410949707031
91921916,2022,2022-11-18,9245,2022-11-11,1120,018394,,5,1,9,0900,0,2,4,,1,043,"SLY PARK RD","MEADOWLAND DR",0.00,,Y,A,-,N,,,,,,,,,,N,2,0,1,2,A,-,09,21801,A,N,D,C,A,A,H,-,A,D,0,,,Y,Y,Y,,F,26,1,0,0,0,0,0,0,0,1,"- ","- ",38.685039520263672,-120.65144348144531,"EL DORADO",UNINCORPORATED,-120.65263366699219,38.6846923828125
91923359,2022,2022-11-21,9245,2022-11-14,0730,017752,,1,1,9,0900,0,3,5,,2,004,"PLEASANT VALLEY RD","TREVA ANN DRIVE",100.00,E,N,A,-,N,,,,,,,,,,Y,4,0,1,2,A,-,09,21801,A,N,D,C,A,A,H,-,A,D,0,,,,,Y,,-,"- ",0,0,1,0,0,0,0,0,0,"- ","- ",38.690860748291016,-120.78900146484375,"EL DORADO",UNINCORPORATED,-120.7891845703125,38.690895080566406
91924134,2022,2022-11-22,9245,2022-11-10,1100,015419,,4,1,9,0900,0,2,4,,2,011,"MISSOURI FLAT RD","RT 49",200.00,N,N,A,-,N,,,,,,,,,,N,3,0,1,2,A,-,09,21804,A,N,A,C,A,A,H,-,A,D,0,,,,,Y,,A,07,0,1,0,0,0,0,0,0,0,"- ","- ",38.693508148193359,-120.82363891601562,"EL DORADO",UNINCORPORATED,-120.82356262207031,38.693408966064453
91928262,2022,2022-11-28,9245,2022-11-12,1245,017897,,6,1,9,0900,0,2,4,,2,031,"LARTOBE RD","SARATOGA WAY",350.00,S,N,A,-,N,,,,,,,,,,N,3,0,1,3,A,-,03,22350,,N,C,C,A,A,H,-,A,A,0,,,,,Y,,D,22,0,1,0,0,0,0,0,0,0,"- ","- ",38.653141021728516,-121.0706787109375,"EL DORADO",UNINCORPORATED,,
91928264,2022,2022-11-28,9245,2022-11-19,1020,018394,,6,1,9,0900,0,2,4,,1,032,"CAMERON PARK DR","US-50 E/B TRANSITION",40.00,N,N,A,-,N,,,,,,,,,,N,4,0,2,3,A,-,03,22350,,N,C,C,A,A,H,-,A,A,0,,,,,Y,,D,22,0,0,2,0,0,0,0,0,0,"- ","- ",38.659160614013672,-120.96913909912109,"EL DORADO",UNINCORPORATED,-120.96913909912109,38.659355163574219
91929190,2022,2022-11-29,9245,2022-11-16,2210,018656,,3,3,9,0900,0,2,4,,1,042,"BUCKS BAR RD","CATTLE CREEK LANE",600.00,S,N,A,-,N,,,,,,,,,,N,2,0,1,1,A,-,01,23152,A,N,F,A,A,A,H,-,D,D,0,,,,,Y,Y,D,22,1,0,0,0,0,0,0,0,0,"- ","- ",38.655948638916016,-120.71246337890625,"EL DORADO",UNINCORPORATED,-120.7127685546875,38.656288146972656
91930095,2022,2022-11-30,9245,2022-11-09,1035,017320,,3,1,9,0900,0,2,4,,2,011,"GREEN VALLEY RD","FRANCISCO DR",0.00,,Y,B,-,N,,,,,,,,,,Y,3,0,2,2,A,-,09,21453,C,N,A,C,A,B,H,-,A,A,0,,,,,Y,,A,01,0,2,0,0,0,0,0,0,0,"- ","- ",38.709571838378906,-121.08538055419922,"EL DORADO",UNINCORPORATED,-121.08540344238281,38.709568023681641
91930129,2022,2022-11-30,9245,2022-11-21,1125,018394,,1,1,9,0900,0,3,5,,2,001,"SILVA VALLEY PKWY","SERRANO PKWY",0.00,,Y,A,-,N,,,,,,,,,,N,4,0,1,2,A,-,12,21453,A,N,D,C,A,A,H,-,A,A,0,,,,,Y,,A,07,0,0,1,0,0,0,0,0,0,"- ","- ",38.670131683349609,-121.06363677978516,"EL DORADO",UNINCORPORATED,-121.06381988525391,38.670093536376953
91930135,2022,2022-11-30,9245,2022-11-21,1225,017752,,1,1,9,0900,0,3,5,,2,004,"RIDGEWAY DRIVE","POOLHOUSE RD",420.00,W,N,A,-,N,,,,,,,,,,Y,4,0,1,1,A,-,08,22107,,N,E,I,A,A,D,-,A,D,0,,,,,Y,,A,01,0,0,1,0,0,0,0,0,0,"- ","- ",38.752861022949219,-120.59564208984375,"EL DORADO",UNINCORPORATED,-120.59571075439453,38.752822875976562
91930350,2022,2022-11-30,9245,2022-11-29,1600,017364,,2,2,9,0900,0,1,3,,1,115,"SR49 (COLOMA ROAD)","RIVER PARK DR",0.00,,Y,A,-,Y,ED,,49,,,24.125,H,,R,Y,4,0,3,2,A,-,03,22350,,N,C,C,A,A,H,-,A,D,0,,,,,Y,,A,07,0,0,3,0,0,0,0,0,0,"- ","- ",38.808670043945312,-120.90328979492188,"EL DORADO",UNINCORPORATED,-120.90333557128906,38.808605194091797
9193248,2020,2021-02-02,0901,2020-11-20,1545,336,0901,5,5,2,0901,0,0,0,,0,PP1,"PIERROZ RD","PLACERVILLE DR",127.00,N,N,A,-,N,,,,,,,,,,Y,4,0,1,2,A,-,01,23152,A,F,A,C,A,A,H,-,A,D,0,,,,,Y,Y,A,01,0,0,1,0,0,0,0,0,0,"- ","- ",,,"EL DORADO",PLACERVILLE,-120.82994079589844,38.733791351318359
91934493,2022,2022-12-05,9245,2022-11-19,1900,019236,,6,2,9,0900,0,3,5,,2,001,"DEER VALLEY RD","DEER VALLEY CT",160.00,N,N,A,-,N,,,,,,,,,,Y,3,0,2,1,A,-,03,22350,,N,E,I,A,A,H,-,C,D,0,,,,,Y,,A,01,0,2,0,0,0,0,0,0,0,"- ","- ",38.719009399414062,-121.01730346679688,"EL DORADO",UNINCORPORATED,-121.01774597167969,38.718704223632812
91935262,2022,2022-12-06,9245,2022-11-29,0735,017897,,2,1,9,0900,0,2,4,,1,015,"CAMERON PARK DR","ALHAMBRA DR",0.00,,Y,A,-,N,,,,,,,,,,Y,4,0,1,2,A,-,03,22350,,N,C,C,A,A,H,-,A,D,0,,,,,Y,,A,01,0,0,1,0,0,0,0,0,0,"- ","- ",38.688899993896484,-120.99064636230469,"EL DORADO",UNINCORPORATED,-120.99073028564453,38.688911437988281
91935328,2022,2022-12-06,9245,2022-12-01,0235,018656,,4,3,9,0900,0,2,4,,2,011,"GREEN VALLEY RD","SOPHIA PKWY",20.00,W,N,A,-,N,,,,,,,,,,Y,3,0,1,1,C,-,18,,,N,H,H,A,A,H,-,D,D,0,,,,,Y,,-,"- ",0,1,0,0,0,0,0,0,0,"- ","- ",38.701091766357422,-121.10717010498047,"EL DORADO",UNINCORPORATED,-121.10688781738281,38.7012939453125
91935337,2022,2023-02-06,9245,2022-12-01,1300,017728,,4,1,9,0900,0,1,2,,2,110,"US-50 E/B","SILVA VALLEY PKWY",1584.00,E,N,B,C,Y,ED,,50,,R,2.372,H,,R,Y,2,0,1,1,A,-,08,22107,,N,E,I,A,B,H,-,A,D,0,,,,,Y,,A,01,1,0,0,0,0,0,0,0,0,"- ","- ",38.656829833984375,-121.04472351074219,"EL DORADO",UNINCORPORATED,-121.04479217529297,38.656772613525391
91937748,2022,2022-12-08,9245,2022-11-26,1710,022169,,6,2,9,0900,0,1,2,,2,120,"US-50 W/B","SHINGLE SPRINGS ROAD",528.00,W,N,A,-,Y,ED,,50,,,7.473,H,,L,Y,4,0,2,2,A,-,07,21658,A,N,C,C,A,A,H,-,B,D,0,,,,,Y,,A,01,0,0,2,0,0,0,0,0,0,"- ","- ",38.659908294677734,-120.95259857177734,"EL DORADO",UNINCORPORATED,-120.95259094238281,38.659877777099609
91937761,2022,2022-12-08,9245,2022-11-28,2025,018601,,1,2,9,0900,0,1,2,,2,140,"US-50 W/B","SCHNELL SCHOOL RD.",804.00,E,N,A,-,Y,ED,,50,,,19.283,H,,L,Y,2,0,3,2,A,-,05,21651,B,N,A,C,A,A,H,-,D,A,0,,,,,Y,,A,01,1,2,0,0,0,0,0,0,0,"- ","- ",38.733860015869141,-120.77684020996094,"EL DORADO",UNINCORPORATED,-120.77684783935547,38.733871459960938
91937764,2022,2022-12-08,9245,2022-12-02,0515,021493,,5,3,9,0900,0,1,2,,2,140,"US-50 W/B","SMITH FLAT RD",160.00,W,N,A,-,Y,ED,,50,,,19.593,H,,L,Y,3,0,1,1,A,-,03,22350,,N,E,I,A,C,H,-,D,D,0,,,,,Y,,A,01,0,1,0,0,0,0,0,0,0,"- ","- ",38.733631134033203,-120.77130126953125,"EL DORADO",UNINCORPORATED,-120.77131652832031,38.733596801757812
91939551,2022,2022-12-12,9245,2022-10-23,1958,021493,,7,2,9,0900,0,1,2,,2,140,"US-50 E/B","CARSON RD",1140.00,W,N,A,-,Y,ED,,50,,,18.563,H,,R,Y,4,0,2,2,A,-,01,23152,A,N,A,2,A,A,H,-,C,D,0,,,,,Y,Y,A,01,0,0,2,0,0,0,0,0,0,"- ","- ",38.731510162353516,-120.7896728515625,"EL DORADO",UNINCORPORATED,-120.78964233398438,38.731575012207031
91941260,2022,2022-12-13,9245,2022-12-02,0655,018782,,5,1,9,0900,0,1,2,,2,140,US-50,"SMITH FLAT RD",150.00,W,N,B,-,Y,ED,,50,,,19.606,H,,R,Y,3,0,1,1,A,-,08,22107,,N,F,0,A,C,H,-,A,D,0,,,,,Y,,D,22,0,1,0,0,0,0,0,0,0,"- ","- ",38.733608245849609,-120.77113342285156,"EL DORADO",UNINCORPORATED,-120.77121734619141,38.733444213867188
91941371,2022,2022-12-13,9245,2022-12-01,2200,022185,,4,3,9,0900,0,1,2,,2,140,"US-50 E/B","SNOWS RD",472.00,E,N,B,C,Y,ED,,50,,,25.362,H,,R,Y,4,0,1,1,A,-,03,22350,,N,E,I,A,C,H,-,D,D,0,,,,,Y,,D,22,0,0,1,0,0,0,0,0,0,"- ","- ",38.734458923339844,-120.67426300048828,"EL DORADO",UNINCORPORATED,-120.67426300048828,38.73443603515625
91941433,2022,2022-12-13,9245,2022-12-01,1320,013929,,4,1,9,0900,0,1,2,,2,150,"RT 50","SLY PARK ROAD",1320.00,W,N,C,D,Y,ED,,50,,R,31.001,H,,R,Y,2,0,2,1,C,-,18,,,N,E,I,A,C,G,-,A,D,0,,,,,Y,,-,"- ",1,1,0,0,0,0,0,0,0,"- ","- ",38.760471343994141,-120.58125305175781,"EL DORADO",UNINCORPORATED,-120.58124542236328,38.760463714599609
91941436,2022,2022-12-13,9245,2022-12-02,1550,013929,,5,2,9,0900,0,1,2,,1,160,"RT 50","ALDER CREEK ROAD",2640.00,E,N,A,-,Y,ED,,50,,R,44.278,H,,R,Y,3,0,2,1,A,-,03,22350,,N,E,I,A,C,H,-,A,D,0,,,,,Y,,D,22,0,1,1,0,0,0,0,0,0,"- ","- ",38.766891479492188,-120.37168884277344,"EL DORADO",UNINCORPORATED,-120.37171936035156,38.766838073730469
91942009,2022,2022-12-14,9245,2022-12-03,1025,017752,,6,1,9,0900,0,2,4,,1,041,"PLEASANT VALLEY ROAD","ZANDONELLA RD",50.00,E,N,B,C,N,,,,,,,,,,Y,4,0,2,1,A,-,08,22107,,N,F,A,A,B,H,-,A,D,0,,,,,Y,,A,07,0,0,2,0,0,0,0,0,0,"- ","- ",38.686508178710938,-120.77999877929688,"EL DORADO",UNINCORPORATED,-120.78811645507812,38.690391540527344
91942047,2022,2022-12-14,9245,2022-12-03,2335,021493,,6,3,9,0900,0,2,4,,1,037,"MISSOURI FLAT RD","CHINA GARDEN RD",150.00,S,N,B,C,N,,,,,,,,,,Y,4,0,1,1,A,-,08,22107,,N,F,A,A,B,H,-,D,D,0,,,,,Y,,A,01,0,0,1,0,0,0,0,0,0,"- ","- ",38.700031280517578,-120.82279205322266,"EL DORADO",UNINCORPORATED,-120.82271575927734,38.699909210205078
91942104,2022,2022-12-14,9245,2022-12-05,1506,017364,,1,2,9,0900,0,1,3,,1,135,"GEORGETOWN RD","PILGRIM CT",528.00,E,N,F,-,Y,ED,,193,,R,5.871,H,,R,Y,3,0,2,2,A,-,03,22350,,N,A,C,A,C,H,-,A,D,0,,,,,Y,,A,07,0,1,1,0,0,0,0,0,0,"- ","- ",38.911418914794922,-120.92250823974609,"EL DORADO",UNINCORPORATED,-120.92254638671875,38.911457061767578
91942222,2022,2022-12-14,9245,2022-12-06,1305,017752,,2,1,9,0900,0,2,4,,1,043,"SLY PARK RD","ALVAREZ LN",750.00,S,N,B,-,N,,,,,,,,,,Y,4,0,1,2,A,-,08,22107,,N,A,C,A,B,H,-,A,D,0,,,,,Y,,A,01,0,0,1,0,0,0,0,0,0,"- ","- ",38.683059692382812,-120.63569641113281,"EL DORADO",UNINCORPORATED,-120.63310241699219,38.683879852294922
91942317,2022,2022-12-14,9245,2022-12-08,1620,017364,,4,2,9,0900,0,2,4,,1,021,"MARSHALL RD","GINGER RD",0.00,,Y,B,-,N,,,,,,,,,,Y,4,0,1,3,A,-,03,22350,,N,C,C,A,A,H,-,A,D,0,,,,,Y,,A,01,0,0,1,0,0,0,0,0,0,"- ","- ",38.841468811035156,-120.87861633300781,"EL DORADO",UNINCORPORATED,-120.87836456298828,38.841426849365234
91942473,2022,2022-12-14,9245,2022-12-09,2235,021050,,5,3,9,0900,0,2,4,,1,013,"LOTUS RD","LOTUS CT",50.00,S,N,B,-,N,,,,,,,,,,Y,3,0,1,1,A,-,01,23152,A,N,E,I,A,A,H,-,D,D,0,,,,,Y,Y,A,01,0,1,0,0,0,0,0,0,0,"- ","- ",38.746509552001953,-120.93257904052734,"EL DORADO",UNINCORPORATED,-120.93263244628906,38.746551513671875
91942635,2022,2022-12-14,9245,2022-12-10,1050,017752,,6,1,9,0900,0,3,5,,2,003,"WHITE ROCK ROAD","CLARKSVILLE CROSSING",30.00,S,N,B,C,N,,,,,,,,,,Y,4,0,1,2,A,-,07,21658,A,N,B,C,A,B,H,-,A,A,0,,,,,Y,,A,07,0,0,1,0,0,0,0,0,0,"- ","- ",38.654239654541016,-121.0555419921875,"EL DORADO",UNINCORPORATED,-121.05519104003906,38.654388427734375
91943399,2022,2022-12-15,9245,2022-12-05,1330,015419,,1,1,9,0900,0,3,5,,2,003,"GOLDEN FOOTHILL PKWY.","HAWKS FLIGHT CT",175.00,N,N,B,-,N,,,,,,,,,,N,3,0,1,2,A,-,08,22107,,F,G,B,E,B,H,-,A,D,0,Y,,,,Y,,D,22,0,1,0,0,1,0,0,0,0,"- ","- ",38.637649536132812,-121.06845092773438,"EL DORADO",UNINCORPORATED,-121.06833648681641,38.637588500976562
91946122,2022,2022-12-19,9245,2022-12-06,0535,018656,,2,3,9,0900,0,2,4,,2,031,"LATROBE RD","SARATOGA WAY",0.00,,Y,B,-,N,,,,,,,,,,N,2,0,2,2,A,-,09,21453,C,N,A,C,A,B,H,-,C,A,0,,,,,Y,,D,22,1,0,1,0,0,0,0,0,0,"- ","- ",38.653980255126953,-121.07122039794922,"EL DORADO",UNINCORPORATED,-121.07109800000001,38.654074000000001