CASE_ID,ACCIDENT_YEAR,PROC_DATE,JURIS,COLLISION_DATE,COLLISION_TIME,OFFICER_ID,REPORTING_DISTRICT,DAY_OF_WEEK,CHP_SHIFT,POPULATION,CNTY_CITY_LOC,SPECIAL_COND,BEAT_TYPE,CHP_BEAT_TYPE,CITY_DIVISION_LAPD,CHP_BEAT_CLASS,BEAT_NUMBER,PRIMARY_RD,SECONDARY_RD,DISTANCE,DIRECTION,INTERSECTION,WEATHER_1,WEATHER_2,STATE_HWY_IND,CALTRANS_COUNTY,CALTRANS_DISTRICT,STATE_ROUTE,ROUTE_SUFFIX,POSTMILE_PREFIX,POSTMILE,LOCATION_TYPE,RAMP_INTERSECTION,SIDE_OF_HWY,TOW_AWAY,COLLISION_SEVERITY,NUMBER_KILLED,NUMBER_INJURED,PARTY_COUNT,PRIMARY_COLL_FACTOR,PCF_CODE_OF_VIOL,PCF_VIOL_CATEGORY,PCF_VIOLATION,PCF_VIOL_SUBSECTION,HIT_AND_RUN,TYPE_OF_COLLISION,MVIW,PED_ACTION,ROAD_SURFACE,ROAD_COND_1,ROAD_COND_2,LIGHTING,CONTROL_DEVICE,CHP_ROAD_TYPE,PEDESTRIAN_ACCIDENT,BICYCLE_ACCIDENT,MOTORCYCLE_ACCIDENT,TRUCK_ACCIDENT,NOT_PRIVATE_PROPERTY,ALCOHOL_INVOLVED,STWD_VEHTYPE_AT_FAULT,CHP_VEHTYPE_AT_FAULT,COUNT_SEVERE_INJ,COUNT_VISIBLE_INJ,COUNT_COMPLAINT_PAIN,COUNT_PED_KILLED,COUNT_PED_INJURED,COUNT_BICYCLIST_KILLED,COUNT_BICYCLIST_INJURED,COUNT_MC_KILLED,COUNT_MC_INJURED,PRIMARY_RAMP,SECONDARY_RAMP,LATITUDE,LONGITUDE,COUNTY,CITY,POINT_X,POINT_Y
93540753,2024,2024-08-05,9245,2024-07-24,2500,022424,,3,4,9,0900,0,2,S,,2,005,"FOREBAY ROAD","CAMINO POWERHOUSE",1826.00,S,N,A,-,N,,,,,,,,,,Y,4,0,1,1,A,-,03,22350,,N,F,A,A,A,H,-,A,D,0,,,Y,,Y,,C,02,0,0,1,0,0,0,0,0,1,"- ","- ",38.791301727294922,-120.63436126708984,"EL DORADO",UNINCORPORATED,,
9359563,2021,2021-11-16,0901,2021-09-28,0815,320,0901,2,5,2,0901,0,0,0,,0,PP1,"RT 50","BEDFORD AV",0.00,,Y,A,-,Y,ED,3,50,-,-,17.960,H,-,W,N,4,0,1,2,A,-,04,21703,,N,C,C,A,A,H,-,A,D,0,,,,,Y,,A,01,0,0,1,0,0,0,0,0,0,"- ","- ",,,"EL DORADO",PLACERVILLE,-120.80033874511719,38.730274200439453
9359649,2021,2021-11-24,0901,2021-10-10,1325,320,0901,7,5,2,0901,0,0,0,,0,,"FAIR LN","PLACERVILLE DR",6.00,W,N,A,-,Y,ED,3,50,-,-,15.943,R,4,W,Y,4,0,3,3,A,-,03,22350,,N,C,C,A,A,H,-,A,A,0,,,,,Y,,A,01,0,0,3,0,0,0,0,0,0,"- ","- ",,,"EL DORADO",PLACERVILLE,-120.83062744140625,38.722393035888672
93642716,2024,2024-08-05,9245,2024-07-27,1035,018330,,6,1,9,0900,0,2,4,,2,031,"LATROBE RD","THROTTLE LN",66.00,N,N,A,-,N,,,,,,,,,,Y,4,0,1,1,A,-,08,22107,,N,E,I,A,A,H,-,A,D,0,,,,,Y,,A,01,0,0,1,0,0,0,0,0,0,"- ","- ",38.563240051269531,-120.98699951171875,"EL DORADO",UNINCORPORATED,-120.98699951171875,38.563228607177734
93767956,2024,2024-08-07,9245,2024-07-24,1430,017752,,3,2,9,0900,0,1,2,,2,140,US-50,"PONDORADO RD",1700.00,E,N,A,-,Y,ED,,50," "," ",23.858,H,,R,Y,3,0,1,1,A,-,08,22107,,N,E,I,A,A,H,-,A,D,0,,,,,Y,,-,"- ",0,1,0,0,0,0,0,0,0,"- ","- ",38.739009857177734,-120.699951171875,"EL DORADO",UNINCORPORATED,-120.69989776611328,38.738948822021484
93768197,2024,2024-08-07,9245,2024-06-03,1830,020602,,1,2,9,0900,0,1,2,,2,110,"RT 50","CAMERON PARK DR",2640.00,W,N,A,-,Y,ED,,50," "," ",5.762,H,,R,Y,1,1,0,1,A,-,08,22107,,N,F,I,A,A,H,-,A,D,0,,,Y,,Y,,C,02,0,0,0,0,0,0,0,1,0,"- ","- ",38.657661437988281,-120.98377990722656,"EL DORADO",UNINCORPORATED,-120.98373413085938,38.657585144042969
93768813,2024,2024-08-07,9246,2024-07-26,1300,018674,,5,1,9,0900,0,2,4,,1,024,"PIONEER TRAIL","TIONONTATI ST",52.00,N,N,B,-,N,,,,,,,,,,Y,2,0,4,2,A,-,08,22107,,N,A,C,A,A,G,-,A,D,0,,,,,Y,,A,01,1,3,0,0,0,0,0,0,0,"- ","- ",38.864158630371094,-119.99955749511719,"EL DORADO",UNINCORPORATED,-119.99960327148438,38.864089965820312
93768859,2024,2024-08-07,9245,2024-08-01,"800 ",017728,,4,1,9,0900,0,1,2,,1,170,"US 50 W/B","WRIGHTS LAKE RD",200.00,E,N,A,-,Y,ED,,50," "," ",53.838,H,,R,N,4,0,1,2,A,-,03,22350,,N,C,C,A,A,H,-,A,D,0,,,,Y,Y,,A,01,0,0,1,0,0,0,0,0,0,"- ","- ",38.785289764404297,-120.2139892578125,"EL DORADO",UNINCORPORATED,-120.21391296386719,38.785198211669922
9379251,2021,2022-01-31,0901,2021-11-23,0559,344,0901,2,5,2,0901,0,0,0,,0,PP2,"RT 50","BEDFORD AV",0.00,,Y,A,-,Y,ED,3,50,-,-,18.050,H,-,W,Y,4,0,1,2,A,-,03,22350,,N,C,C,A,A,H,-,C,A,0,,,,,Y,,A,07,0,0,1,0,0,0,0,0,0,"- ","- ",,,"EL DORADO",PLACERVILLE,-120.79862976074219,38.730434417724609
9379258,2021,2022-01-12,0901,2021-11-20,2354,344,0901,6,5,2,0901,0,0,0,,0,PP1,"COLOMA ST","BEE ST",200.00,N,N,A,-,Y,ED,3,49,-,-,15.200,H,-,S,Y,4,0,1,1,A,-,05,21650,,N,E,I,A,A,H,-,D,D,0,,,,,Y,,A,01,0,0,1,0,0,0,0,0,0,"- ","- ",,,"EL DORADO",PLACERVILLE,-120.80662536621094,38.732227325439453
9379755,2022,2022-02-01,0901,2022-01-02,1124,347,0901,7,5,2,0901,0,0,0,,0,PP1,"PLACERVILLE DR","GREEN VALLEY RD",0.00,,Y,A,-,N,,,,,,,,,,N,4,0,1,2,A,-,09,21804,A,N,D,C,A,A,H,-,A,D,0,,,,,Y,,A,07,0,0,1,0,0,0,0,0,0,"- ","- ",,,"EL DORADO",PLACERVILLE,-120.83716583251953,38.728351593017578
9379759,2022,2022-02-01,0901,2022-01-12,1604,347,0901,3,5,2,0901,0,0,0,,0,PP1,"MALLARD LN","GREEN VALLEY RD",0.00,,Y,A,-,N,,,,,,,,,,Y,4,0,1,1,A,-,05,21650,,N,F,J,A,A,H,-,A,D,0,,,,,Y,,A,07,0,0,1,0,0,0,0,0,0,"- ","- ",,,"EL DORADO",PLACERVILLE,-120.83921051025391,38.726371765136719
9392282,2022,2022-02-01,0901,2022-01-06,1135,295,0901,4,5,2,0901,0,0,0,,0,PP1,"SACRAMENTO ST","MAIN ST",2.00,S,N,A,-,N,,,,,,,,,,N,4,0,1,2,A,-,10,21950,A,N,G,B,B,A,H,-,A,D,0,Y,,,,Y,,A,07,0,0,1,0,1,0,0,0,0,"- ","- ",,,"EL DORADO",PLACERVILLE,-120.80317687988281,38.72796630859375
9392551,2022,2022-02-10,0901,2022-01-07,1708,321,0901,5,5,2,0901,0,0,0,,0,PP1,"PALCERVILLE DR","POWER POLE #110408915",9.00,W,N,A,-,N,,,,,,,,,,Y,4,0,1,2,A,-,08,22107,,N,D,C,A,B,H,-,A,D,0,,,,,Y,,A,01,0,0,1,0,0,0,0,0,0,"- ","- ",,,"EL DORADO",PLACERVILLE,,
9392553,2022,2022-02-10,0901,2022-01-03,0217,341,0901,1,5,2,0901,0,0,0,,0,PP1,"PLACERVILLE DR","FORNI RD",619.00,W,N,A,-,N,,,,,,,,,,Y,2,0,1,1,A,-,03,22350,,N,E,I,A,C,H,-,C,D,0,,,Y,,Y,,C,06,1,0,0,0,0,0,0,0,1,"- ","- ",,,"EL DORADO",PLACERVILLE,-120.83397674560547,38.722278594970703
9392555,2021,2022-02-10,0901,2021-12-21,1451,347,0901,2,5,2,0901,0,0,0,,0,PP1,"PLACERVILLE DR","RAY LAWYER DR",0.00,,Y,A,-,N,,,,,,,,,,Y,3,0,4,3,A,-,03,22350,,N,C,C,A,A,H,-,A,A,0,,,,,Y,,A,01,0,2,2,0,0,0,0,0,0,"- ","- ",,,"EL DORADO",PLACERVILLE,-120.83716583251953,38.728351593017578
94019133,2024,2024-08-09,9245,2024-08-01,1150,017752,,4,1,9,0900,0,2,4,,1,043,"SLY PARK RD",US-50,50.00,S,N,A,-,N,,,,,,,,,,Y,3,0,1,2,A,-,09,21802,A,N,D,C,A,A,D,-,A,A,0,,,Y,,Y,,A,01,0,1,0,0,0,0,0,0,1,"- ","- ",38.761100769042969,-120.57568359375,"EL DORADO",UNINCORPORATED,-120.57569885253906,38.761138916015625
94019225,2024,2024-08-09,9245,2024-08-01,1430,020602,,4,2,9,0900,0,3,5,,2,003,"FRENCH CREEK RD","BIG CANYON RD",200.00,N,N,A,-,N,,,,,,,,,,N,3,0,1,1,A,-,08,22107,,N,E,I,A,A,H,-,A,D,0,,,,,Y,,A,01,0,1,0,0,0,0,0,0,0,"- ","- ",38.636661529541016,-120.91129302978516,"EL DORADO",UNINCORPORATED,-120.91133880615234,38.636760711669922
94019427,2024,2024-08-09,9245,2024-08-01,1701,020602,,4,2,9,0900,0,3,5,,2,003,"SOUTH SHINGLE ROAD","MOTHER LODE DRIVE",0.00,,Y,A,-,N,,,,,,,,,,Y,3,0,1,2,A,-,12,21453,A,N,D,C,A,A,H,-,A,A,0,,,,,Y,,A,08,0,1,0,0,0,0,0,0,0,"- ","- ",38.661651611328125,-120.93708038330078,"EL DORADO",UNINCORPORATED,-120.93711090087891,38.661571502685547
94019604,2024,2024-08-09,9245,2024-08-01,1810,017364,,4,2,9,0900,0,3,5,,2,002,"GARDEN VIEW DR","VISTA DEL HUERTA DR",800.00,E,N,A,-,N,,,,,,,,,,Y,3,0,1,1,A,-,01,23152,A,M,E,I,A,A,H,-,A,D,0,,,,,Y,,-,"- ",0,1,0,0,0,0,0,0,0,"- ","- ",38.851551055908203,-120.85414886474609,"EL DORADO",UNINCORPORATED,-120.85440063476562,38.851516723632812
94067623,2024,2024-08-12,9246,2024-08-01,"929 ",015910,,4,1,9,0900,0,1,2,,1,021,"US-50 (LINCOLN HWY)","POMO ST",110.00,E,N,A,-,Y,ED,,50," "," ",70.466,H,,R,Y,4,0,1,2,A,-,08,22107,,N,D,C,A,A,H,-,A,D,0,,,,,Y,,A,07,0,0,1,0,0,0,0,0,0,"- ","- ",38.849880218505859,-120.02478790283203,"EL DORADO",UNINCORPORATED,-120.02481079101562,38.849903106689453
94072441,2024,2024-08-12,9246,2024-08-05,"630 ",015910,,1,1,9,0900,0,1,3,,1,031,"SR-89 (EMERALD BAY RD)","SIERRA DR",200.00,N,N,A,-,Y,ED,,89," "," ",22.985,H,,R,Y,4,0,1,1,A,-,03,22350,,N,E,I,A,A,H,-,A,D,0,,,,,Y,,A,07,0,0,1,0,0,0,0,0,0,"- ","- ",39.017101287841797,-120.12642669677734,"EL DORADO",UNINCORPORATED,-120.12638092041016,39.017158508300781
9422636,2022,2022-03-24,0901,2022-02-28,1855,347,0901,1,5,2,0901,0,0,0,,0,PP1,"PLACERVILLE DR","GREEN VALLEY RD",108.00,S,N,A,-,N,,,,,,,,,,N,3,0,1,2,A,-,09,21803,A,N,D,C,A,A,H,-,C,A,0,,,,,Y,,A,07,0,1,0,0,0,0,0,0,0,"- ","- ",,,"EL DORADO",PLACERVILLE,-120.83718872070312,38.728054046630859
94246306,2024,2024-08-13,9245,2024-08-02,1720,020602,,5,2,9,0900,0,2,4,,1,032,"SOUTH SHINGLE ROAD","WHITE HORSE RD",600.00,S,N,B,-,N,,,,,,,,,,N,3,0,1,1,A,-,08,22107,,N,F,0,A,A,H,-,A,A,0,,,Y,,Y,,-,"- ",0,1,0,0,0,0,0,0,1,"- ","- ",38.561431884765625,-120.96994781494141,"EL DORADO",UNINCORPORATED,,
9426605,2022,2022-04-05,0901,2022-01-26,1525,340,PPD,3,5,2,0901,0,0,0,,0,PP1,"RAY LAWYER DR","RAY LAWYER DR 2789",710.00,E,N,A,-,N,,,,,,,,,,N,2,0,1,2,A,-,11,21954,A,N,G,B,E,A,H,-,A,D,0,Y,,,,Y,,-,"- ",1,0,0,0,1,0,0,0,0,"- ","- ",,,"EL DORADO",PLACERVILLE,,
9426606,2022,2022-04-05,0901,2022-01-20,1122,340,PPD,4,5,2,0901,0,0,0,,0,PP1,"PLACERVILLE DR","RAY LAWYER DR",0.00,,Y,A,-,N,,,,,,,,,,Y,4,0,1,2,A,-,12,21453,A,N,D,C,A,A,H,-,A,A,0,,,,,Y,,A,01,0,0,1,0,0,0,0,0,0,"- ","- ",,,"EL DORADO",PLACERVILLE,-120.83716583251953,38.728351593017578
94269823,2024,2024-08-13,9245,2024-08-03,1000,018330,,6,1,9,0900,0,2,4,,1,037,"MISSOURI FLAT RD","CHINA GARDEN RD",0.00,,Y,B,-,N,,,,,,,,,,N,3,0,1,2,A,-,05,21650,,N,A,G,A,A,H,-,A,A,0,,Y,,,Y,,L,04,0,1,0,0,0,0,1,0,0,"- ","- ",38.700389862060547,-120.82266235351562,"EL DORADO",UNINCORPORATED,-120.82271575927734,38.700325012207031
94311971,2024,2024-08-13,9245,2024-08-03,1420,018330,,6,2,9,0900,0,3,5,,2,003,"WHITE ROCK RD","TARGET PARKING LOT DRIVEWAY",0.00,,Y,A,-,N,,,,,,,,,,Y,4,0,2,2,A,-,09,21801,A,N,A,C,A,A,H,-,A,D,0,,,,,Y,,A,01,0,0,2,0,0,0,0,0,0,"- ","- ",38.648738861083984,-121.06311798095703,"EL DORADO",UNINCORPORATED,,
9432107,2024,2024-12-31,0901,2024-10-24,1000,349,1,4,5,2,0901,0,0,0,,0,001,"COLD SPRINGS RD","HIDDEN SPRINGS CIR",0.00,,Y,A,-,N,,,,,,,,,,N,3,0,1,2,A,-,04,21703,,M,C,C,A,A,H,-,A,D,0,,,Y,,Y,,C,02,0,1,0,0,0,0,0,0,1,"- ","- ",38.734851837158203,-120.8323974609375,"EL DORADO",PLACERVILLE,-120.83138275146484,38.736637115478516
9432111,2024,2024-12-31,0901,2024-10-26,"902 ",349,2,6,5,2,0901,0,0,0,,0,002,"CEDAR RAVINE RD","POWER POLE 121157366",30.00,N,N,A,-,N,,,,,,,,,,Y,4,0,1,1,A,-,08,22107,,N,E,I,A,A,H,-,A,D,0,,,,,Y,,A,01,0,0,1,0,0,0,0,0,0,"- ","- ",38.724498748779297,-120.79374694824219,"EL DORADO",PLACERVILLE,,
94353085,2024,2024-08-13,9245,2024-08-03,1850,022169,,6,2,9,0900,0,3,5,,2,004,"PLEASANT VALLEY ROAD","THORSON DRIVE",528.00,W,N,A,-,N,,,,,,,,,,Y,4,0,3,1,A,-,08,22107,,N,F,0,A,A,H,-,A,D,0,,,,,Y,,D,22,0,0,3,0,0,0,0,0,0,"- ","- ",38.690299987792969,-120.69924163818359,"EL DORADO",UNINCORPORATED,-120.69657135009766,38.690853118896484
94353122,2024,2024-08-13,9245,2024-08-03,2215,023059,,6,3,9,0900,0,2,4,,1,015,"CAMERON PARK DRIVE","COUNTRY CLUB DR",15.00,S,N,A,-,N,,,,,,,,,,N,4,0,1,2,A,-,03,22350,,N,C,C,A,A,H,-,C,A,0,,,,,Y,,A,01,0,0,1,0,0,0,0,0,0,"- ","- ",38.660251617431641,-120.96903991699219,"EL DORADO",UNINCORPORATED,-120.96910095214844,38.660377502441406
94354640,2024,2024-08-14,9245,2024-08-04,1430,018656,,7,2,9,0900,0,1,2,,1,160,US-50,"ALDER CREEK RD",3168.00,E,N,A,-,Y,ED,,50," "," ",44.585,H,,R,N,3,0,3,1,A,-,03,22350,,N,E,8,A,A,H,-,A,D,0,,,,,Y,,A,08,0,1,2,0,0,0,0,0,0,"- ","- ",38.765769958496094,-120.36747741699219,"EL DORADO",UNINCORPORATED,-120.36749267578125,38.765727996826172
94356179,2024,2024-08-15,9245,2024-08-04,1500,022424,,7,2,9,0900,0,2,4,,2,011,"GREEN VALLEY RD","DEER VALLEY ROAD",0.00,,Y,A,-,N,,,,,,,,,,N,4,0,1,2,A,-,09,21802,A,N,D,C,A,A,H,-,A,A,0,,,Y,,Y,,A,01,0,0,1,0,0,0,0,0,1,"- ","- ",38.711288452148438,-120.95208740234375,"EL DORADO",UNINCORPORATED,-121.03137969970703,38.703384399414062
94356216,2024,2024-08-15,9245,2024-08-06,"610 ",015419,,2,1,9,0900,0,3,5,,2,003,"EL DORADO RD","AGUA DULCE CT",390.00,S,N,A,-,N,,,,,,,,,,N,2,0,1,1,A,-,01,23152,A,N,F,A,A,A,H,-,A,D,0,,,,,Y,Y,A,07,1,0,0,0,0,0,0,0,0,"- ","- ",38.695358276367188,-120.86155700683594,"EL DORADO",UNINCORPORATED,-120.86153411865234,38.695358276367188
94356306,2024,2024-08-15,9245,2024-08-06,1130,017752,,2,1,9,0900,0,3,5,,2,004,"PATTERSON DR","E LAKE SHORE DRIVE",0.00,,Y,A,-,N,,,,,,,,,,Y,3,0,2,2,A,-,05,21460,A,N,B,C,A,B,H,-,A,A,0,,,,Y,Y,,A,07,0,1,1,0,0,0,0,0,0,"- ","- ",38.685791015625,-120.82660675048828,"EL DORADO",UNINCORPORATED,-120.82659149169922,38.685726165771484
94360179,2024,2024-08-19,9245,2024-05-27,1400,022185,,1,2,9,0900,0,3,5,,2,004,"MORMON EMIGRANT TRAIL","PARK CREEK RD",428.00,W,N,A,-,N,,,,,,,,,,Y,1,1,2,1,A,-,08,22107,,N,E,I,A,A,H,-,A,D,0,,,,,Y,,D,22,2,0,0,0,0,0,0,0,0,"- ","- ",38.728401184082031,-120.49314880371094,"EL DORADO",UNINCORPORATED,-120.49319458007812,38.728305816650391
94360896,2024,2024-08-19,9245,2024-08-08,"940 ",015419,,4,1,9,0900,0,2,4,,2,031,"LATROBE RD","RYAN RANCH RD",1660.00,N,N,A,-,N,,,,,,,,,,N,3,0,1,2,A,-,03,22350,,N,C,C,A,A,H,-,A,D,0,,,,Y,Y,,F,27,0,1,0,0,0,0,0,0,0,"- ","- ",38.605281829833984,-121.02969360351562,"EL DORADO",UNINCORPORATED,-121.02953338623047,38.605262756347656
94360914,2024,2024-08-19,9245,2024-08-08,1355,017320,,4,1,9,0900,0,3,5,,2,003,"WHITE ROCK RD","US-50 EB TO WHITE ROCK RD OFFRAMP",0.00,,Y,A,-,N,,,,,,,,,,Y,4,0,2,2,A,-,09,21453,C,N,A,C,A,A,H,-,A,A,0,,,,,Y,,A,07,0,0,2,0,0,0,0,0,0,"- ","- ",38.656848907470703,-121.05413818359375,"EL DORADO",UNINCORPORATED,,
94361981,2024,2024-08-20,9245,2024-08-08,1420,017364,,4,2,9,0900,0,3,5,,2,001,"WESTRIDGE DRIVE","KNOLLWOOD DR",350.00,W,N,A,-,N,,,,,,,,,,Y,3,0,2,2,A,-,05,21650,,N,A,C,A,A,H,-,A,D,0,,,,,Y,,A,01,0,2,0,0,0,0,0,0,0,"- ","- ",38.664108276367188,-121.00640106201172,"EL DORADO",UNINCORPORATED,-121.00634765625,38.664127349853516
94362177,2024,2024-08-20,9245,2024-08-08,2145,022185,,4,2,9,0900,0,2,4,,1,013,"LOTUS RD","GOLD HILL RD",528.00,S,N,A,-,N,,,,,,,,,,Y,3,0,1,1,A,-,01,23152,A,N,E,I,A,A,H,-,D,D,0,,,,,Y,Y,A,07,0,1,0,0,0,0,0,0,0,"- ","- ",38.763420104980469,-120.92624664306641,"EL DORADO",UNINCORPORATED,-120.92569732666016,38.767463684082031
94362233,2024,2024-08-20,9245,2024-08-09,"155 ",021379,,5,3,9,0900,0,1,2,,2,120,"US-50 E/B","SHINGLE SPRINGS RD",528.00,E,N,A,-,Y,ED,,50," ",R,10.472,H,,R,Y,4,0,1,1,A,-,01,23152,A,N,E,I,A,A,H,-,D,D,0,,,,,Y,Y,A,01,0,0,1,0,0,0,0,0,0,"- ","- ",38.682090759277344,-120.91313934326172,"EL DORADO",UNINCORPORATED,-120.91305541992188,38.682037353515625
94362497,2024,2024-08-20,9245,2024-08-09,2055,020508,,5,2,9,0900,0,3,5,,2,001,"SOPHIA PKWY","ALEXANDRA DR",2798.00,S,N,A,-,N,,,,,,,,,,Y,3,0,1,1,A,-,08,22107,,N,E,I,A,A,H,-,D,D,0,,,,,Y,,A,07,0,1,0,0,0,0,0,0,0,"- ","- ",38.678958892822266,-121.10067749023438,"EL DORADO",UNINCORPORATED,-121.10340118408203,38.685691833496094
94364010,2024,2024-08-21,9245,2024-08-10,2355,022185,,6,3,9,0900,0,1,2,,2,110,"US-50 E/B","CAMERON PARK DR",2109.00,E,N,A,-,Y,ED,,50," "," ",6.990,H,,R,Y,2,0,3,3,A,-,01,23152,A,N,C,C,A,A,H,-,C,D,0,,,,,Y,Y,A,01,1,0,2,0,0,0,0,0,0,"- ","- ",38.659519195556641,-120.96147155761719,"EL DORADO",UNINCORPORATED,-120.96147155761719,38.659427642822266
94364219,2024,2024-08-21,9245,2024-08-10,1520,022169,,6,2,9,0900,0,1,2,,2,150,US-50,"BRIDAL VEIL FALLS",528.00,W,N,A,-,Y,ED,,50," "," ",36.346,H,,R,Y,3,0,3,1,A,-,08,22107,,N,E,I,A,A,H,-,A,D,0,,,,,Y,,-,"- ",0,3,0,0,0,0,0,0,0,"- ","- ",38.766090393066406,-120.4974365234375,"EL DORADO",UNINCORPORATED,-120.49752044677734,38.766147613525391
94364433,2024,2024-08-21,9245,2024-07-30,1415,017897,,2,2,9,0900,0,1,3,,1,115,SR-49,"AARON COOL DR",5808.00,N,N,A,-,Y,ED,,49," "," ",36.128,H,,R,Y,3,0,2,2,A,-,01,23152,A,N,D,C,A,A,H,-,A,D,0,,,,,Y,Y,D,22,0,2,0,0,0,0,0,0,0,"- ","- ",38.906669616699219,-121.01451873779297,"EL DORADO",UNINCORPORATED,-121.01450347900391,38.906681060791016
94364447,2024,2024-08-21,9245,2024-08-06,1411,017897,,2,2,9,0900,0,1,2,,2,110,"US-50 W/B","BASS LAKE RD",3696.00,E,N,A,-,Y,ED,,50," ",R,3.944,H,,L,Y,4,0,1,2,A,-,03,22350,,N,C,C,A,A,H,-,A,D,0,,,,,Y,,D,22,0,0,1,0,0,0,0,0,0,"- ","- ",38.655189514160156,-121.01696014404297,"EL DORADO",UNINCORPORATED,-121.01696014404297,38.655239105224609
94365456,2024,2024-08-22,9245,2024-08-10,1015,018656,,6,1,9,0900,0,2,4,,1,041,"PLEASANT VALLEY RD","ALAMEDA RD",350.00,W,N,A,-,N,,,,,,,,,,Y,3,0,1,4,A,-,03,22350,,N,A,C,A,A,H,-,A,D,0,,,,,Y,,A,07,0,1,0,0,0,0,0,0,0,"- ","- ",38.684600830078125,-120.66586303710938,"EL DORADO",UNINCORPORATED,-120.66593170166016,38.684654235839844
94365605,2024,2024-08-22,9245,2024-08-12,1845,022658,,1,2,9,0900,0,2,4,,1,041,"PLEASANT VALLEY RD","COMBO CT.",100.00,W,N,A,-,N,,,,,,,,,,N,4,0,1,1,A,-,08,22107,,N,F,A,A,A,H,-,A,D,0,,,Y,,Y,,C,02,0,0,1,0,0,0,0,0,1,"- ","- ",38.681068420410156,-120.77517700195312,"EL DORADO",UNINCORPORATED,-120.77534484863281,38.681236267089844
94365836,2024,2024-08-22,9245,2024-08-13,1230,017320,,2,1,9,0900,0,1,2,,2,110,"US-50 E/B","BASS LAKE ROAD U/C",528.00,W,N,A,-,Y,ED,,50," ",R,3.035,H,,R,Y,4,0,1,2,A,-,07,21658,A,N,B,2,A,A,H,-,A,D,0,,,,,Y,,A,01,0,0,1,0,0,0,0,0,0,"- ","- ",38.65509033203125,-121.03363800048828,"EL DORADO",UNINCORPORATED,-121.03365325927734,38.655143737792969
94365897,2024,2024-08-22,9245,2024-05-16,1417,015419,,4,2,9,0900,0,2,4,,1,037,"MISSOURI FLAT ROAD","FORNI ROAD",0.00,,Y,A,-,N,,,,,,,,,,Y,1,1,2,2,A,-,12,21453,A,N,D,C,A,A,H,-,A,A,0,,,,,Y,,D,22,0,2,0,0,0,0,0,0,0,"- ","- ",38.706409454345703,-120.83081817626953,"EL DORADO",UNINCORPORATED,-120.83074951171875,38.706424713134766
94366535,2024,2024-08-22,9245,2024-08-14,1707,020781,,3,2,9,0900,0,2,4,,2,011,"GREEN VALLEY RD","CAMBRIDGE RD",545.00,W,N,A,-,N,,,,,,,,,,Y,4,0,1,4,A,-,03,22350,,N,C,C,A,A,H,-,A,A,0,,,,,Y,,D,22,0,0,1,0,0,0,0,0,0,"- ","- ",38.698341369628906,-121.00572204589844,"EL DORADO",UNINCORPORATED,-121.00534057617188,38.69830322265625
94368193,2024,2024-09-30,9245,2024-08-15,1530,020508,,4,2,9,0900,0,3,5,,2,001,"SUMMER DR","HONEY CIR",100.00,N,N,A,-,N,,,,,,,,,,Y,3,0,1,1,A,-,08,22107,,N,E,8,A,A,H,-,A,D,0,,,,,Y,,A,07,0,1,0,0,0,0,0,0,0,"- ","- ",38.676151275634766,-121.01326751708984,"EL DORADO",UNINCORPORATED,-121.01485443115234,38.677833557128906
94368261,2024,2024-08-23,9245,2024-08-15,1800,020602,,4,2,9,0900,0,1,2,,2,120,"RT 50","PONDEROSA RD",900.00,E,N,A,-,Y,ED,,50," ",R,8.727,H,,R,Y,2,0,1,1,A,-,08,22107,,N,E,I,A,A,H,-,A,D,0,,,,,Y,,-,"- ",1,0,0,0,0,0,0,0,0,"- ","- ",38.663448333740234,-120.93480682373047,"EL DORADO",UNINCORPORATED,-120.93485260009766,38.663501739501953
94368263,2024,2024-08-23,9245,2024-08-15,2210,019193,,4,3,9,0900,0,2,4,,1,026,"ICE HOUSE RD.","SOUTH FORK SILVER CREEK",150.00,N,N,A,-,N,,,,,,,,,,Y,2,0,1,1,A,-,08,22107,,N,E,I,A,A,H,-,D,D,0,,,,,Y,,D,22,1,0,0,0,0,0,0,0,0,"- ","- ",38.817359924316406,-120.37316131591797,"EL DORADO",UNINCORPORATED,,
94369342,2024,2024-08-26,9245,2024-08-14,"105 ",022903,,3,3,9,0900,0,3,5,,2,003,"FRENCH CREEK RD","HIDDEN CIR",1280.00,N,N,A,-,N,,,,,,,,,,N,4,0,1,1,A,-,01,23152,A,N,E,I,A,A,H,-,D,D,0,,,,,Y,Y,-,"- ",0,0,1,0,0,0,0,0,0,"- ","- ",38.62384033203125,-120.92328643798828,"EL DORADO",UNINCORPORATED,-120.92377471923828,38.623779296875
94371250,2024,2024-08-27,9245,2024-08-17,1905,022424,,6,2,9,0900,0,3,5,,2,001,"COUNTRY CLUB DR","ROYAL DR",90.00,E,N,A,-,N,,,,,,,,,,Y,2,0,2,2,A,-,01,23152,A,N,A,C,A,A,H,-,A,A,0,,,,,Y,Y,A,01,1,1,0,0,0,0,0,0,0,"- ","- ",38.659919738769531,-120.98893737792969,"EL DORADO",UNINCORPORATED,-120.98908233642578,38.660037994384766
94371804,2024,2024-08-27,9245,2024-08-19,2100,022424,,1,2,9,0900,0,3,5,,2,003,"LATROBE RD","CLUBVIEW DR",2074.00,N,N,A,-,N,,,,,,,,,,Y,3,0,1,2,A,-,03,22350,,N,C,C,A,B,F,-,C,D,0,,,,,Y,,A,01,0,1,0,0,0,0,0,0,0,"- ","- ",38.633468627929688,-121.05908966064453,"EL DORADO",UNINCORPORATED,-121.05904388427734,38.633365631103516