CASE_ID,ACCIDENT_YEAR,PROC_DATE,JURIS,COLLISION_DATE,COLLISION_TIME,OFFICER_ID,REPORTING_DISTRICT,DAY_OF_WEEK,CHP_SHIFT,POPULATION,CNTY_CITY_LOC,SPECIAL_COND,BEAT_TYPE,CHP_BEAT_TYPE,CITY_DIVISION_LAPD,CHP_BEAT_CLASS,BEAT_NUMBER,PRIMARY_RD,SECONDARY_RD,DISTANCE,DIRECTION,INTERSECTION,WEATHER_1,WEATHER_2,STATE_HWY_IND,CALTRANS_COUNTY,CALTRANS_DISTRICT,STATE_ROUTE,ROUTE_SUFFIX,POSTMILE_PREFIX,POSTMILE,LOCATION_TYPE,RAMP_INTERSECTION,SIDE_OF_HWY,TOW_AWAY,COLLISION_SEVERITY,NUMBER_KILLED,NUMBER_INJURED,PARTY_COUNT,PRIMARY_COLL_FACTOR,PCF_CODE_OF_VIOL,PCF_VIOL_CATEGORY,PCF_VIOLATION,PCF_VIOL_SUBSECTION,HIT_AND_RUN,TYPE_OF_COLLISION,MVIW,PED_ACTION,ROAD_SURFACE,ROAD_COND_1,ROAD_COND_2,LIGHTING,CONTROL_DEVICE,CHP_ROAD_TYPE,PEDESTRIAN_ACCIDENT,BICYCLE_ACCIDENT,MOTORCYCLE_ACCIDENT,TRUCK_ACCIDENT,NOT_PRIVATE_PROPERTY,ALCOHOL_INVOLVED,STWD_VEHTYPE_AT_FAULT,CHP_VEHTYPE_AT_FAULT,COUNT_SEVERE_INJ,COUNT_VISIBLE_INJ,COUNT_COMPLAINT_PAIN,COUNT_PED_KILLED,COUNT_PED_INJURED,COUNT_BICYCLIST_KILLED,COUNT_BICYCLIST_INJURED,COUNT_MC_KILLED,COUNT_MC_INJURED,PRIMARY_RAMP,SECONDARY_RAMP,LATITUDE,LONGITUDE,COUNTY,CITY,POINT_X,POINT_Y
94557290,2025,2025-01-31,9245,2025-01-20,1925,022658,,1,2,9,0900,0,2,4,,2,011,"GREEN VALLEY RD","RINGTAIL LN",70.00,W,N,A,-,N,,,,,,,,,,Y,3,0,1,1,A,-,01,23152,A,N,A,I,A,A,H,-,D,D,0,,,,,Y,Y,A,07,0,1,0,0,0,0,0,0,0,"- ","- ",38.711139678955078,-120.88645935058594,"EL DORADO",UNINCORPORATED,-120.88636779785156,38.711112976074219
94557812,2025,2025-01-31,9245,2025-01-21,"630 ",017752,,2,1,9,0900,0,2,4,,1,041,"PLEASANT VALLEY RD","BUCKS BAR RD",910.00,E,N,A,-,N,,,,,,,,,,Y,4,0,2,2,A,-,05,21460,A,N,A,C,A,A,H,-,D,D,0,,,,,Y,,A,01,0,0,2,0,0,0,0,0,0,"- ","- ",38.681350708007812,-120.735107421875,"EL DORADO",UNINCORPORATED,-120.73528289794922,38.681243896484375
94557875,2025,2025-01-31,9245,2025-01-22,2134,021969,,3,2,9,0900,0,3,5,,2,004,"SAND RIDGE RD","STONE BROKE RD",1056.00,E,N,A,-,N,,,,,,,,,,Y,3,0,1,1,A,-,08,22107,,N,E,8,A,C,E,-,D,D,0,,,,,Y,,A,07,0,1,0,0,0,0,0,0,0,"- ","- ",38.588878631591797,-120.84011077880859,"EL DORADO",UNINCORPORATED,-120.84074401855469,38.588722229003906
94557888,2025,2025-01-31,9245,2025-01-23,1805,020602,,4,2,9,0900,0,2,4,,1,039,"MOTHER LODE DR","DOE ST",500.00,W,N,A,-,N,,,,,,,,,,Y,3,0,1,1,A,-,08,22107,,N,E,I,A,A,H,-,D,D,0,,,,,Y,,A,07,0,1,0,0,0,0,0,0,0,"- ","- ",38.668758392333984,-120.89990997314453,"EL DORADO",UNINCORPORATED,-120.89907073974609,38.668975830078125
94557906,2025,2025-01-31,9245,2025-01-24,1531,020602,,5,2,9,0900,0,2,4,,1,013,"NORTH SHINGLE ROAD","ASCOT LN",400.00,S,N,A,-,N,,,,,,,,,,Y,4,0,1,1,A,-,01,23152,A,N,E,8,A,A,H,-,A,D,0,,,,,Y,Y,D,22,0,0,1,0,0,0,0,0,0,"- ","- ",38.679599761962891,-120.92952728271484,"EL DORADO",UNINCORPORATED,-120.92947387695312,38.679946899414062
94557907,2025,2025-01-31,9245,2025-01-24,2137,020602,,5,2,9,0900,0,2,4,,2,012,"SALMON FALLS RD","OLD BRIDGE ROAD",1320.00,N,N,A,-,N,,,,,,,,,,Y,4,0,1,1,A,-,08,22107,,N,E,I,A,A,H,-,D,D,0,,,,,Y,,A,01,0,0,1,0,0,0,0,0,0,"- ","- ",38.757171630859375,-121.04949951171875,"EL DORADO",UNINCORPORATED,-121.05067443847656,38.752090454101562
94562486,2025,2025-02-03,9245,2025-01-24,"813 ",018601,,5,1,9,0900,0,1,2,,2,110,"US-50 W/B","SILVA VALLEY PKY",2112.00,E,N,A,-,Y,ED,,50," ",R,2.307,H,,L,Y,2,0,4,5,A,-,07,21658,A,N,B,2,A,A,H,-,A,D,0,,,,,Y,,A,07,1,1,2,0,0,0,0,0,0,"- ","- ",38.657970428466797,-121.04575347900391,"EL DORADO",UNINCORPORATED,-121.0457763671875,38.657936096191406
94562661,2025,2025-02-03,9245,2025-01-26,"840 ",019793,,7,1,9,0900,0,1,2,,2,110,"US-50 E/B","SACRAMENTO COUNTY LINE",680.00,E,N,A,-,Y,ED,,50," "," ",0.132,H,,R,Y,3,0,1,1,A,-,08,22107,,N,E,I,A,A,H,-,A,D,0,,,,,Y,,A,07,0,1,0,0,0,0,0,0,0,"- ","- ",38.648708343505859,-121.08325958251953,"EL DORADO",UNINCORPORATED,-121.08322906494141,38.648647308349609
94562969,2025,2025-02-03,9245,2025-01-28,1635,020602,,2,2,9,0900,0,3,5,,2,001,"SILVA VALLEY PKY","DARWIN WAY",600.00,N,N,A,-,N,,,,,,,,,,Y,4,0,2,2,A,-,03,22350,,N,C,C,A,A,H,-,A,A,0,,,,,Y,,B,07,0,0,2,0,0,0,0,0,0,"- ","- ",38.694000244140625,-121.07283782958984,"EL DORADO",UNINCORPORATED,-121.07283782958984,38.693965911865234
94564872,2025,2025-02-04,9245,2025-01-30,1530,020602,,4,2,9,0900,0,2,4,,2,011,"GREEN VALLEY RD","FRANCISCO DR",500.00,E,N,A,-,N,,,,,,,,,,N,2,0,1,2,A,-,09,21804,A,N,D,G,A,A,H,-,A,A,0,,Y,,,Y,,A,07,1,0,0,0,0,0,1,0,0,"- ","- ",38.709880828857422,-121.08355712890625,"EL DORADO",UNINCORPORATED,-121.08366394042969,38.709747314453125
94566247,2025,2025-02-05,9245,2025-01-30,1242,022903,,4,1,9,0900,0,2,4,,1,037,"MISSOURI FLAT RD","MOTHER LODE DR",0.00,,Y,A,-,N,,,,,,,,,,N,4,0,1,2,D,-,00,,,N,D,C,A,A,H,-,A,A,0,,,,,Y,,-,"- ",0,0,1,0,0,0,0,0,0,"- ","- ",38.710350036621094,-120.83783721923828,"EL DORADO",UNINCORPORATED,-120.83786010742188,38.710369110107422
94567456,2025,2025-02-06,9245,2025-01-28,"716 ",017320,,2,1,9,0900,0,2,4,,2,012,"EL DORADO HILLS BLVD","WILSON BLVD",465.00,S,N,A,-,N,,,,,,,,,,N,3,0,2,1,A,-,08,22107,,N,E,8,A,A,H,-,A,D,0,,,,,Y,,D,22,0,1,1,0,0,0,0,0,0,"- ","- ",38.665901184082031,-121.07537078857422,"EL DORADO",UNINCORPORATED,-121.07595825195312,38.667182922363281
94569364,2025,2025-02-06,9245,2025-01-30,1800,017752,,4,2,9,0900,0,1,2,,1,170,"US-50 W/B","37 MILE STONE MARKER",200.00,E,N,B,-,Y,ED,,50," "," ",53.202,H,,L,Y,2,0,1,1,A,-,08,22107,,N,E,8,A,A,H,-,D,D,0,,,,,Y,,-,"- ",1,0,0,0,0,0,0,0,0,"- ","- ",38.783149719238281,-120.22393798828125,"EL DORADO",UNINCORPORATED,-120.22393798828125,38.783187866210938
94570248,2025,2025-02-07,9246,2025-02-01,"345 ",018172,,6,3,9,0900,0,3,5,,2,200,"BLACK BART AVE","HANK MONK AVE",59.00,N,N,B,C,N,,,,,,,,,,Y,4,0,1,1,A,-,01,23152,A,N,E,I,A,B,H,-,D,D,0,,,,,Y,Y,A,01,0,0,1,0,0,0,0,0,0,"- ","- ",38.915988922119141,-119.97123718261719,"EL DORADO",UNINCORPORATED,-119.97120666503906,38.915882110595703
94570258,2025,2025-02-07,9245,2025-02-01,1355,020602,,6,1,9,0900,0,1,2,,2,110,"RT 50","SILVA VALLEY PKY",600.00,W,N,B,C,Y,ED,,50," ",R,1.693,H,,R,Y,4,0,1,1,A,-,08,22107,,N,E,I,A,B,H,-,A,D,0,,,,,Y,,A,01,0,0,1,0,0,0,0,0,0,"- ","- ",38.657398223876953,-121.05657196044922,"EL DORADO",UNINCORPORATED,-121.05660247802734,38.657482147216797
94570346,2025,2025-02-07,9245,2025-02-02,1200,021969,,7,1,9,0900,0,2,4,,1,043,"SLY PARK RD","BOURBON ST",100.00,N,N,B,C,N,,,,,,,,,,N,3,0,1,2,A,-,05,21460,A,N,A,C,A,B,H,-,A,A,0,,,,,Y,,D,22,0,1,0,0,0,0,0,0,0,"- ","- ",38.759128570556641,-120.56916046142578,"EL DORADO",UNINCORPORATED,-120.56845855712891,38.759231567382812
94573707,2025,2025-02-11,9245,2025-01-30,"700 ",017320,,4,1,9,0900,0,3,5,,2,001,"COUNRTY CLUB DRIVE","GARDEN CIRCLE",200.00,E,N,A,-,N,,,,,,,,,,N,3,0,1,2,A,-,03,22350,,N,G,B,E,A,H,-,A,D,0,Y,,,,Y,,D,22,0,1,0,0,1,0,0,0,0,"- ","- ",38.659049987792969,-120.98333740234375,"EL DORADO",UNINCORPORATED,-120.98339080810547,38.659069061279297
94573741,2025,2025-02-11,9245,2025-02-01,2240,018656,,6,3,9,0900,0,2,4,,1,037,"MISSOURI FLAT RD","MOTHER LODE DR",0.00,,Y,A,-,N,,,,,,,,,,N,4,0,2,2,D,-,00,,,N,D,C,A,B,H,-,C,A,0,,,,,Y,,-,"- ",0,0,2,0,0,0,0,0,0,"- ","- ",38.710380554199219,-120.83785247802734,"EL DORADO",UNINCORPORATED,-120.83786010742188,38.710369110107422
94574077,2025,2025-02-11,9245,2025-02-02,1705,022169,,7,2,9,0900,0,1,2,,2,120,"US-50 E/B","GREENSTONE ROAD",528.00,E,N,B,C,Y,ED,,50," ",R,12.779,H,,R,Y,3,0,1,1,A,-,08,22107,,N,E,I,A,B,H,-,B,D,0,,,,,Y,,A,07,0,1,0,0,0,0,0,0,0,"- ","- ",38.697288513183594,-120.87734985351562,"EL DORADO",UNINCORPORATED,-120.87739562988281,38.697368621826172
94574108,2025,2025-02-11,9245,2025-02-02,1803,021969,,7,2,9,0900,0,2,4,,2,012,"SALMON FALLS RD","GALLAGHER RD",2218.00,S,N,B,C,N,,,,,,,,,,Y,4,0,1,1,A,-,08,22107,,N,E,I,A,B,H,-,D,D,0,,,,,Y,,A,07,0,0,1,0,0,0,0,0,0,"- ","- ",38.782798767089844,-121.032958984375,"EL DORADO",UNINCORPORATED,-121.03302001953125,38.782867431640625
94575367,2025,2025-02-12,9245,2025-02-02,1909,020197,,7,2,9,0900,0,1,2,,2,140,"US 50 E/B","CARSON RD",575.00,W,N,B,C,Y,ED,,50," "," ",18.691,H,,R,Y,2,0,1,1,A,-,01,23152,A,N,E,I,A,B,H,-,C,D,0,,,,,Y,Y,A,07,1,0,0,0,0,0,0,0,0,"- ","- ",38.731380462646484,-120.78730010986328,"EL DORADO",UNINCORPORATED,-120.78730010986328,38.731372833251953
94577289,2025,2025-02-12,9245,2025-02-04,1518,019119,,2,2,9,0900,0,2,4,,1,037,"PLEASANT VALLEY RD","DEMYHIG LN",372.00,E,N,B,-,N,,,,,,,,,,Y,4,0,1,1,A,-,01,23152,A,N,E,I,A,B,H,-,D,D,0,,,,,Y,Y,A,07,0,0,1,0,0,0,0,0,0,"- ","- ",38.678630828857422,-120.74495697021484,"EL DORADO",UNINCORPORATED,-120.74489593505859,38.678577423095703
94577296,2025,2025-02-12,9245,2025-02-04,"859 ",017320,,2,1,9,0900,0,2,4,,2,012,"EL DORADO HILLS BLVD","WOEDEE DRIVE",17.00,S,N,B,C,N,,,,,,,,,,Y,4,0,2,2,A,-,03,22350,,N,C,2,A,B,H,-,A,D,0,,,,,Y,,A,07,0,0,2,0,0,0,0,0,0,"- ","- ",38.678508758544922,-121.07726287841797,"EL DORADO",UNINCORPORATED,-121.07740783691406,38.678596496582031
94577300,2025,2025-02-12,9245,2025-02-04,"628 ",017320,,2,1,9,0900,0,1,2,,2,110,"US-50 E/B","CAMBRIDGE RD",225.00,W,N,B,C,Y,ED,,50," "," ",4.885,H,,R,Y,4,0,2,2,A,-,08,22107,,N,E,8,A,B,H,-,B,D,0,,,,,Y,,A,07,0,0,2,0,0,0,0,0,0,"- ","- ",38.656211853027344,-120.9996337890625,"EL DORADO",UNINCORPORATED,-120.99964904785156,38.656291961669922
94578447,2025,2025-02-13,9245,2025-02-06,"703 ",017320,,4,1,9,0900,0,1,2,,2,110,"US-50 EASTBOUND","BASS LAKE ROAD",528.00,W,N,B,C,Y,ED,,50," ",R,2.796,H,,R,Y,3,0,2,1,A,-,03,22350,,N,E,I,A,B,H,-,B,D,0,,,,,Y,,-,"- ",0,1,1,0,0,0,0,0,0,"- ","- ",38.654251098632812,-121.03798675537109,"EL DORADO",UNINCORPORATED,-121.03797149658203,38.654163360595703
94578686,2025,2025-02-13,9245,2025-02-05,1705,020781,,3,2,9,0900,0,3,5,,2,001,"SERRANO PARKWAY","PANELA WAY",800.00,E,N,A,-,N,,,,,,,,,,Y,3,0,1,1,A,-,08,22107,,N,E,I,A,A,H,-,A,D,0,,,,,Y,,A,01,0,1,0,0,0,0,0,0,0,"- ","- ",38.661968231201172,-121.06694030761719,"EL DORADO",UNINCORPORATED,-121.06712341308594,38.662494659423828
94582370,2025,2025-02-18,9246,2025-02-07,1000,017757,,5,1,9,0900,0,1,2,,1,020,"US-50 (LINCOLN HWY)","SLIPPERY FORD RD.",100.00,W,N,B,D,Y,ED,,50," "," ",60.349,H,,R,Y,2,0,3,3,A,-,03,22350,,N,B,C,E,C,G,-,A,D,0,Y,,,,Y,,A,01,1,2,0,0,1,0,0,0,0,"- ","- ",38.805721282958984,-120.12330627441406,"EL DORADO",UNINCORPORATED,-120.12325286865234,38.805763244628906
94582625,2025,2025-02-18,9245,2025-01-11,2145,022169,,6,2,9,0900,0,2,4,,1,042,"OMO RANCH ROAD","UNDERBAR LANE",528.00,W,N,A,-,N,,,,,,,,,,Y,2,0,1,1,A,-,01,23152,A,N,E,I,A,A,H,-,D,D,0,,,,,Y,Y,A,01,1,0,0,0,0,0,0,0,0,"- ","- ",38.565498352050781,-120.720458984375,"EL DORADO",UNINCORPORATED,-120.72022247314453,38.565399169921875
94582693,2025,2025-02-18,9245,2025-02-10,"720 ",019793,,1,1,9,0900,0,1,3,,1,135,"SR-49 S/B","SAND RIDGE ROAD",1680.00,S,N,A,-,Y,ED,,49," "," ",2.472,H,,L,Y,4,0,1,1,A,-,03,22350,,N,E,I,A,B,H,-,A,D,0,,,,,Y,,A,01,0,0,1,0,0,0,0,0,0,"- ","- ",38.585430145263672,-120.84602355957031,"EL DORADO",UNINCORPORATED,-120.84598541259766,38.585433959960938
94583146,2025,2025-02-18,9245,2025-02-09,2130,022169,,7,2,9,0900,0,3,5,,2,002,"GREENWOOD ROAD","GRAYBAR MINE ROAD",1056.00,S,N,A,-,N,,,,,,,,,,Y,3,0,1,1,A,-,08,22107,,N,E,8,A,A,H,-,D,D,0,,,,,Y,,-,"- ",0,1,0,0,0,0,0,0,0,"- ","- ",38.870391845703125,-120.86760711669922,"EL DORADO",UNINCORPORATED,-120.86723327636719,38.86865234375
94584266,2025,2025-02-19,9245,2025-02-11,2300,021520,,2,3,9,0900,0,1,3,,1,122,"SR-193 E/B","MINERS SPRING RD",1320.00,E,N,A,-,Y,ED,,193," "," ",25.257,H,,R,Y,3,0,1,1,A,-,08,22107,,N,F,A,A,A,H,-,D,D,0,,,,,Y,,A,01,0,1,0,0,0,0,0,0,0,"- ","- ",38.758861541748047,-120.81951141357422,"EL DORADO",UNINCORPORATED,-120.81957244873047,38.758853912353516
94584514,2025,2025-02-19,9245,2025-02-12,"620 ",018394,,3,1,9,0900,0,3,5,,2,001,"SARATOGA WAY","ARROWHEAD DR",270.00,W,N,A,-,N,,,,,,,,,,N,3,0,1,1,A,-,08,22107,,N,E,8,A,A,H,-,D,D,0,,,,,Y,,A,07,0,1,0,0,0,0,0,0,0,"- ","- ",38.652999877929688,-121.07290649414062,"EL DORADO",UNINCORPORATED,-121.07292175292969,38.653045654296875
94585143,2025,2025-02-20,9245,2025-01-29,1625,017364,,3,2,9,0900,0,1,3,,1,115,"STATE HIGHWAY 49","JEEP TRAIL",5280.00,N,N,A,-,Y,ED,,49," "," ",36.644,H,,R,Y,3,0,3,3,A,-,05,21460,,F,A,C,A,A,H,-,A,D,0,,,,,Y,Y,A,07,0,2,1,0,0,0,0,0,0,"- ","- ",38.910469055175781,-121.020751953125,"EL DORADO",UNINCORPORATED,-121.02070617675781,38.910480499267578
94585223,2025,2025-02-20,9245,2025-02-12,1430,019793,,3,2,9,0900,0,3,5,,2,001,"ROBERT J MATHEWS PKY","INVESTMENT BLVD.",20.00,N,N,A,-,N,,,,,,,,,,N,4,0,1,2,C,-,18,,,N,C,C,A,A,H,-,A,D,0,,,,,Y,,-,"- ",0,0,1,0,0,0,0,0,0,"- ","- ",38.619239807128906,-121.05677032470703,"EL DORADO",UNINCORPORATED,-121.05666351318359,38.619163513183594
94585281,2025,2025-02-20,9245,2025-02-13,"615 ",017320,,4,1,9,0900,0,1,2,,2,110,"US-50 E/B","CAMBRIDGE RD",2640.00,W,N,B,C,Y,ED,,50," ",R,4.001,H,,R,N,4,0,1,1,A,-,03,22350,,N,E,I,A,B,H,-,B,D,0,,,,,Y,,-,"- ",0,0,1,0,0,0,0,0,0,"- ","- ",38.654941558837891,-121.01583099365234,"EL DORADO",UNINCORPORATED,-121.01583099365234,38.655033111572266
94585297,2025,2025-02-20,9245,2025-02-13,"840 ",018330,,4,1,9,0900,0,1,2,,2,110,"US-50 E/B","BASS LAKE RD",4224.00,E,N,B,C,Y,ED,,50," ",R,4.003,H,,R,Y,4,0,1,1,A,-,03,22350,,N,E,I,A,B,H,-,A,D,0,,,,,Y,,A,01,0,0,1,0,0,0,0,0,0,"- ","- ",38.654979705810547,-121.01580047607422,"EL DORADO",UNINCORPORATED,-121.01580047607422,38.655033111572266
94586429,2025,2025-02-21,9245,2025-02-12,1815,017364,,3,2,9,0900,0,1,3,,1,122,"SR-193 (GEORGETOWN RD)","LOOKOUT LN",15.00,S,N,C,-,Y,ED,,193," "," ",18.327,H,,R,Y,2,0,1,1,A,-,08,22107,,N,E,I,A,B,H,-,B,D,0,,,,,Y,,A,01,1,0,0,0,0,0,0,0,0,"- ","- ",38.829319000244141,-120.81857299804688,"EL DORADO",UNINCORPORATED,-120.81852722167969,38.829315185546875
94586559,2025,2025-02-21,9245,2025-01-27,"500 ",022424,,1,3,9,0900,0,2,4,,2,031,"LATROBE RD","ROYAL OAKS DR",2886.00,S,N,A,-,N,,,,,,,,,,Y,2,0,1,1,A,-,01,23152,F,N,E,8,A,A,H,-,D,D,0,,,,,Y,,A,01,1,0,0,0,0,0,0,0,0,"- ","- ",38.608570098876953,-121.03814697265625,"EL DORADO",UNINCORPORATED,-121.03842163085938,38.608619689941406
94589503,2025,2025-02-25,9245,2025-01-31,1313,022903,,5,1,9,0900,0,3,5,,2,003,"INVESTMENT BLVD","LATROBE RD",285.00,W,N,B,C,N,,,,,,,,,,Y,3,0,1,2,A,-,09,21801,A,N,D,C,A,B,H,-,A,D,0,,,,,Y,,A,07,0,1,0,0,0,0,0,0,0,"- ","- ",38.620140075683594,-121.05371856689453,"EL DORADO",UNINCORPORATED,-121.05364990234375,38.620250701904297
94589542,2025,2025-02-25,9245,2025-02-13,1425,019193,,4,2,9,0900,0,2,4,,1,042,"MOUNT AUKUM RD","GRIZZLEY FLAT RD.",0.00,,Y,C,-,N,,,,,,,,,,Y,3,0,1,2,A,-,12,22450,A,N,D,C,A,B,H,-,A,A,0,,,,,Y,,A,01,0,1,0,0,0,0,0,0,0,"- ","- ",38.647781372070312,-120.6856689453125,"EL DORADO",UNINCORPORATED,-120.68563079833984,38.647720336914062
94589730,2025,2025-02-25,9245,2025-02-14,1830,022169,,5,2,9,0900,0,2,4,,1,023,"MOSQUITO ROAD","WILDLIFE WAY",528.00,N,N,B,-,N,,,,,,,,,,Y,3,0,1,2,A,-,05,21460,A,N,A,C,A,B,H,-,D,D,0,,,,,Y,,A,07,0,1,0,0,0,0,0,0,0,"- ","- ",38.738868713378906,-120.78182983398438,"EL DORADO",UNINCORPORATED,-120.78175354003906,38.739612579345703
94590465,2025,2025-02-26,9245,2025-02-14,1730,020184,,5,2,9,0900,0,3,5,,2,003,"MOTHER LODE DRIVE","CUTTY SARK LN",120.00,E,N,B,-,N,,,,,,,,,,Y,4,0,1,2,A,-,03,22350,,N,C,C,A,A,H,-,A,D,0,,,,,Y,,A,07,0,0,1,0,0,0,0,0,0,"- ","- ",38.669021606445312,-120.89909362792969,"EL DORADO",UNINCORPORATED,-120.89905548095703,38.668983459472656
94591025,2025,2025-02-26,9245,2025-02-15,1055,018330,,6,1,9,0900,0,2,4,,1,039,"MOTHER LODE DR","SUNSET LN",115.00,E,N,B,-,N,,,,,,,,,,Y,4,0,1,2,A,-,09,21804,A,N,D,C,A,A,H,-,A,D,0,,,,,Y,,A,01,0,0,1,0,0,0,0,0,0,"- ","- ",38.663429260253906,-120.93305206298828,"EL DORADO",UNINCORPORATED,-120.93303680419922,38.663440704345703
94591916,2025,2025-02-27,9245,2025-02-18,"730 ",017752,,2,1,9,0900,0,2,4,,1,041,"PLEASANT VALLEY RD","KARL DR",0.00,,Y,B,-,N,,,,,,,,,,Y,4,0,1,2,A,-,03,22350,,N,C,C,A,A,H,-,A,D,0,,,,,Y,,D,22,0,0,1,0,0,0,0,0,0,"- ","- ",38.694938659667969,-120.80152130126953,"EL DORADO",UNINCORPORATED,-120.80145263671875,38.694862365722656
94592129,2025,2025-02-27,9245,2025-02-18,1628,020197,,2,2,9,0900,0,1,2,,1,160,US-50,"WEBER MILL RD",9500.00,W,N,A,-,Y,ED,,50," "," ",45.666,H,,R,Y,3,0,1,2,A,-,01,23152,A,N,D,C,A,A,H,-,A,D,0,,,,,Y,Y,D,22,0,1,0,0,0,0,0,0,0,"- ","- ",38.764549255371094,-120.35160827636719,"EL DORADO",UNINCORPORATED,-120.35160827636719,38.764541625976562
94595212,2025,2025-03-03,9245,2025-02-20,1855,020184,,4,2,9,0900,0,2,4,,2,031,"LATROBE RD","SOUTH SHINGLE ROAD",0.00,,Y,A,-,N,,,,,,,,,,N,4,0,1,2,A,-,09,21802,A,N,B,C,A,A,H,-,D,A,0,,,,,Y,,A,01,0,0,1,0,0,0,0,0,0,"- ","- ",38.557731628417969,-120.98258209228516,"EL DORADO",UNINCORPORATED,-120.98252868652344,38.557682037353516
94595993,2025,2025-03-04,9245,2025-02-21,2125,022424,,5,2,9,0900,0,2,4,,2,031,"LATROBE RD","SUN RIDGE MEADOW RD",3080.00,N,N,A,-,N,,,,,,,,,,Y,4,0,1,1,A,-,01,23152,A,N,E,I,A,A,H,-,D,A,0,,,,,Y,Y,A,01,0,0,1,0,0,0,0,0,0,"- ","- ",38.593978881835938,-121.01548004150391,"EL DORADO",UNINCORPORATED,-121.01531982421875,38.593822479248047
94596444,2025,2025-03-04,9245,2025-02-20,1128,017897,,4,1,9,0900,0,2,4,,2,011,"GREEN VALLEY RD","GREENSTONE RD",20.00,E,N,A,-,N,,,,,,,,,,Y,2,0,1,1,A,-,08,22107,,N,E,I,A,A,H,-,A,A,0,,,,,Y,,A,01,1,0,0,0,0,0,0,0,0,"- ","- ",38.708759307861328,-120.88935089111328,"EL DORADO",UNINCORPORATED,-120.88937377929688,38.708698272705078
94597411,2025,2025-03-05,9245,2025-02-23,1120,019793,,7,1,9,0900,0,2,4,,2,011,"EL DORADO ROAD","UNION PACIFIC RAILROAD",2.00,N,N,B,-,N,,,,,,,,,,Y,2,0,1,1,A,-,03,22350,,N,F,A,A,A,H,-,A,D,0,,,Y,,Y,,-,"- ",1,0,0,0,0,0,0,0,1,"- ","- ",38.6844482421875,-120.85755157470703,"EL DORADO",UNINCORPORATED,-120.85759735107422,38.684352874755859
94597455,2025,2025-03-05,9245,2025-02-24,1100,018394,,1,1,9,0900,0,3,5,,2,001,"STERLING WAY","GATEWAY DR",0.00,,Y,A,-,N,,,,,,,,,,Y,3,0,1,2,A,-,12,22450,A,N,D,C,A,A,H,-,A,A,0,,,,,Y,,A,01,0,1,0,0,0,0,0,0,0,"- ","- ",38.695110321044922,-121.00399017333984,"EL DORADO",UNINCORPORATED,-121.00404357910156,38.695102691650391
94597482,2025,2025-03-05,9245,2025-02-24,1750,021969,,1,2,9,0900,0,3,5,,2,002,"DEER VALLEY RD","FAWN WAY",73.00,N,N,B,-,N,,,,,,,,,,Y,2,0,2,1,A,-,03,22350,,N,E,I,A,A,H,-,D,D,0,,,,,Y,,A,01,1,1,0,0,0,0,0,0,0,"- ","- ",38.711341857910156,-121.02076721191406,"EL DORADO",UNINCORPORATED,-121.02082824707031,38.711345672607422
94597494,2025,2025-03-05,9245,2025-02-24,2026,020197,,1,2,9,0900,0,2,4,,1,042,"MOUNT AUKUM RD","POND RUN",110.00,N,N,A,-,N,,,,,,,,,,Y,3,0,1,1,A,-,01,23152,A,N,E,I,A,A,H,-,D,D,0,,,,,Y,Y,D,22,0,1,0,0,0,0,0,0,0,"- ","- ",38.583969116210938,-120.73661041259766,"EL DORADO",UNINCORPORATED,-120.73654937744141,38.583919525146484
94597548,2025,2025-03-05,9245,2025-02-25,"130 ",018656,,2,3,9,0900,0,3,5,,2,001,"DEER VALLEY RD","KANAKA VALLEY RD",40.00,E,N,A,-,N,,,,,,,,,,N,2,0,1,1,A,-,01,23152,A,N,E,8,A,B,H,-,D,D,0,,,,,Y,Y,A,01,1,0,0,0,0,0,0,0,0,"- ","- ",38.728530883789062,-121.01432037353516,"EL DORADO",UNINCORPORATED,-121.01423645019531,38.728397369384766
94597651,2025,2025-03-05,9245,2025-02-25,1910,020197,,2,2,9,0900,0,2,4,,1,042,"MT AUKUM ROAD","FAIRPLAY RD",410.00,S,N,A,-,N,,,,,,,,,,Y,3,0,1,1,A,-,03,22350,,N,E,I,A,A,H,-,D,D,0,,,,,Y,,A,07,0,1,0,0,0,0,0,0,0,"- ","- ",38.609180450439453,-120.70440673828125,"EL DORADO",UNINCORPORATED,-120.70433807373047,38.609230041503906
94597667,2025,2025-03-05,9245,2025-02-19,2158,021379,,3,2,9,0900,0,1,2,,2,110,"US-50 W/B","CAMERON PARK DR",3696.00,W,N,B,-,Y,ED,,50," "," ",5.879,H,,L,Y,2,0,2,1,A,-,08,22107,,N,F,A,A,B,H,-,D,D,0,,,,,Y,,A,01,1,1,0,0,0,0,0,0,0,"- ","- ",38.658561706542969,-120.98182678222656,"EL DORADO",UNINCORPORATED,-120.98181915283203,38.658538818359375